Now executing: python test.py Input_Making/input__Hg004ABGV.txt
Input file: Input_Making/input__Hg004ABGV.txt
Output file: outputs/output__Hg004ABGV.txt
light_speed = 137.03599913900001  # default 137.03599913900001
derivative = "ABGV"         # possible values: PH, ABGV, BS
order = 7
box = 1
prec = 1.0e-4                 # precision threshold for the MRA operations
thr  = 1.0e-3                  # error threshold for SCF convergence

readPotential    = False         # bool
computePotential = True         # bool 
savePotential    = False         # bool
potential = "fermi_dirac"       # possible values: point_charge coulomb_HFYGB homogeneus_charge_sphere gaussian

readOrbitals     = False         # bool
saveOrbitals     = False         # bool
saveGuess        = False

scf              = True
ktrs             = False
D2               = False         # bool
two_electrons    = False         # bool

runGaunt         = False
runGaugeA        = False
runGaugeB        = False
runGaugeC        = False
runGaugeD        = False
runGaugeDelta    = False

molecule = [ ["Hg", 80, 0.1, 0.2, 0.3, 54, 54] ]

# With the paramenters I got from Robert, the error is (1) higher than
#  what he gets and (2) dominated by the width of the Gaussian
# I get a much better agreement with the ideal value IF the Gaussian
#  size is reduced by one order of magnitude 3e4->3e5 for Ar
# It seems the position of the nucleus is also important: I get bad
#  results from D2 if I move the nucleus
# Higher prec with off centered nucleus is too demanding for my laptop

**************************************
80 [0.1, 0.2, 0.3]
Fermi Dirac potential
Using Half Charge Radius for Hg: 0.00012485722724
Integral of the Fermi-Dirac distribution via cartesian 3D integration: 8.681462019814422
The normalization constant is: 9.215037722610472
Integral of the Fermi-Dirac distribution via 3D integration: 79.99999999999996
3D density

*FunctionTree: nn
  genNodes: 0
  square norm: 5.70938e+14
  root scale: 0
  order: 7
  nodes: 192
  endNodes: 169
  nodes per scale: 
    scale=0  nodes=8
    scale=1  nodes=8
    scale=2  nodes=8
    scale=3  nodes=8
    scale=4  nodes=8
    scale=5  nodes=8
    scale=6  nodes=8
    scale=7  nodes=8
    scale=8  nodes=8
    scale=9  nodes=8
    scale=10  nodes=16
    scale=11  nodes=96

3D potential

*FunctionTree: nn
  genNodes: 0
  square norm: 95063.8
  root scale: 0
  order: 7
  nodes: 688
  endNodes: 603
  nodes per scale: 
    scale=0  nodes=8
    scale=1  nodes=56
    scale=2  nodes=48
    scale=3  nodes=56
    scale=4  nodes=48
    scale=5  nodes=56
    scale=6  nodes=48
    scale=7  nodes=56
    scale=8  nodes=48
    scale=9  nodes=56
    scale=10  nodes=48
    scale=11  nodes=56
    scale=12  nodes=48
    scale=13  nodes=56

Potential

*FunctionTree: nn
  genNodes: 0
  square norm: 95063.8
  root scale: 0
  order: 7
  nodes: 688
  endNodes: 603
  nodes per scale: 
    scale=0  nodes=8
    scale=1  nodes=56
    scale=2  nodes=48
    scale=3  nodes=56
    scale=4  nodes=48
    scale=5  nodes=56
    scale=6  nodes=48
    scale=7  nodes=56
    scale=8  nodes=48
    scale=9  nodes=56
    scale=10  nodes=48
    scale=11  nodes=56
    scale=12  nodes=48
    scale=13  nodes=56

Number of Atoms =  1
[['Hg', 80, 0.1, 0.2, 0.3, 54, 54]]
Using derivative  ABGV
One-electron calculations 0.0001
calc_dirac_mu 6268.769361011494 15327.276307933607 137.035999139
Error 0.045483062358268746
Delta E 15327.276307933607
Energy -3451.5887520904034
Converged?  0.045483062358268746  >  0.001   ----   15327.276307933607  >  1e-05   ----  iteration 0
calc_dirac_mu 6327.765968526648 15291.092494920584 137.035999139
Error 0.03260045349752099
Delta E 36.18381301302361
Energy -3487.772565103427
Converged?  0.03260045349752099  >  0.001   ----   36.18381301302361  >  1e-05   ----  iteration 1
calc_dirac_mu 6366.971362556939 15266.999603199598 137.035999139
Error 0.019693324286108788
Delta E 24.09289172098579
Energy -3511.865456824413
Converged?  0.019693324286108788  >  0.001   ----   24.09289172098579  >  1e-05   ----  iteration 2
calc_dirac_mu 6384.508891057647 15256.209948833804 137.035999139
Error 0.012969302991178017
Delta E 10.789654365793467
Energy -3522.6551111902063
Converged?  0.012969302991178017  >  0.001   ----   10.789654365793467  >  1e-05   ----  iteration 3
calc_dirac_mu 6391.715103846235 15251.774241226653 137.035999139
Error 0.007811320357090234
Delta E 4.435707607151926
Energy -3527.090818797358
Converged?  0.007811320357090234  >  0.001   ----   4.435707607151926  >  1e-05   ----  iteration 4
calc_dirac_mu 6394.532449532076 15250.039703255956 137.035999139
Error 0.00482849194141239
Delta E 1.7345379706966924
Energy -3528.825356768055
Converged?  0.00482849194141239  >  0.001   ----   1.7345379706966924  >  1e-05   ----  iteration 5
calc_dirac_mu 6395.616732401935 15249.372096882646 137.035999139
Error 0.0028828080174274334
Delta E 0.6676063733102637
Energy -3529.492963141365
Converged?  0.0028828080174274334  >  0.001   ----   0.6676063733102637  >  1e-05   ----  iteration 6
calc_dirac_mu 6396.016447793504 15249.12597979905 137.035999139
Error 0.0017476800140528582
Delta E 0.24611708359589102
Energy -3529.739080224961
Converged?  0.0017476800140528582  >  0.001   ----   0.24611708359589102  >  1e-05   ----  iteration 7
calc_dirac_mu 6396.171804247927 15249.030320970856 137.035999139
Error 0.0010445027952170288
Delta E 0.09565882819333638
Energy -3529.8347390531544
Converged?  0.0010445027952170288  >  0.001   ----   0.09565882819333638  >  1e-05   ----  iteration 8
calc_dirac_mu 6396.223969358047 15248.998200810594 137.035999139
Error 0.0006304484217319034
Delta E 0.032120160261911224
Energy -3529.8668592134163
Converged?  0.0006304484217319034  >  0.001   ----   0.032120160261911224  >  1e-05   ----  iteration 9
calc_dirac_mu 6396.238707708398 15248.989125802153 137.035999139
Error 0.00037797570817033695
Delta E 0.009075008441868704
Energy -3529.875934221858
Converged?  0.00037797570817033695  >  0.001   ----   0.009075008441868704  >  1e-05   ----  iteration 10
calc_dirac_mu 6396.245608671676 15248.984876593397 137.035999139
Error 0.00022823504987509226
Delta E 0.0042492087559367064
Energy -3529.880183430614
Converged?  0.00022823504987509226  >  0.001   ----   0.0042492087559367064  >  1e-05   ----  iteration 11
calc_dirac_mu 6396.251131410527 15248.981476013618 137.035999139
Error 0.00013753989549707132
Delta E 0.0034005797788267955
Energy -3529.883584010393
Converged?  0.00013753989549707132  >  0.001   ----   0.0034005797788267955  >  1e-05   ----  iteration 12
calc_dirac_mu 6396.251666116038 15248.981146773178 137.035999139
Error 8.314109798203642e-05
Delta E 0.00032924043989623897
Energy -3529.883913250833
Converged?  8.314109798203642e-05  >  0.001   ----   0.00032924043989623897  >  1e-05   ----  iteration 13
calc_dirac_mu 6396.254259877023 15248.979549686474 137.035999139
Error 5.028766985312673e-05
Delta E 0.0015970867043506587
Energy -3529.885510337537
Converged?  5.028766985312673e-05  >  0.001   ----   0.0015970867043506587  >  1e-05   ----  iteration 14
Classic-like energies: cke = 7149.074304591304, cpe = -10348.657046228178, cke + cpe = -3199.582741636874
Exact Energy = -3532.192093162126
Dirac Energy = -3529.885456662485
Kutze Energy = -3531.678177342026
Error Kutze  = 0.513915820101829
Error Dirac  = 2.306636499641172
Delta Energy = 5.367505218600854e-05
Dirac - Kutzelnigg = 1.792720679539343

PARAMETERS:
molecule    = [['Hg', 80, 0.1, 0.2, 0.3, 54, 54]]
D2          = False
prec        = 4
derivative  = ABGV
box         = 1

-------------------------------
Hg 0 0 4 ABGV 1
-------------------------------
Now executing: python test.py Input_Making/input__Hg004BS.txt
Input file: Input_Making/input__Hg004BS.txt
Output file: outputs/output__Hg004BS.txt
light_speed = 137.03599913900001  # default 137.03599913900001
derivative = "BS"         # possible values: PH, ABGV, BS
order = 7
box = 1
prec = 1.0e-4                 # precision threshold for the MRA operations
thr  = 1.0e-3                  # error threshold for SCF convergence

readPotential    = False         # bool
computePotential = True         # bool 
savePotential    = False         # bool
potential = "fermi_dirac"       # possible values: point_charge coulomb_HFYGB homogeneus_charge_sphere gaussian

readOrbitals     = False         # bool
saveOrbitals     = False         # bool
saveGuess        = False

scf              = True
ktrs             = False
D2               = False         # bool
two_electrons    = False         # bool

runGaunt         = False
runGaugeA        = False
runGaugeB        = False
runGaugeC        = False
runGaugeD        = False
runGaugeDelta    = False

molecule = [ ["Hg", 80, 0.1, 0.2, 0.3, 54, 54] ]

# With the paramenters I got from Robert, the error is (1) higher than
#  what he gets and (2) dominated by the width of the Gaussian
# I get a much better agreement with the ideal value IF the Gaussian
#  size is reduced by one order of magnitude 3e4->3e5 for Ar
# It seems the position of the nucleus is also important: I get bad
#  results from D2 if I move the nucleus
# Higher prec with off centered nucleus is too demanding for my laptop

**************************************
80 [0.1, 0.2, 0.3]
Fermi Dirac potential
Using Half Charge Radius for Hg: 0.00012485722724
Integral of the Fermi-Dirac distribution via cartesian 3D integration: 8.681462019814422
The normalization constant is: 9.215037722610472
Integral of the Fermi-Dirac distribution via 3D integration: 79.99999999999996
3D density

*FunctionTree: nn
  genNodes: 0
  square norm: 5.70938e+14
  root scale: 0
  order: 7
  nodes: 192
  endNodes: 169
  nodes per scale: 
    scale=0  nodes=8
    scale=1  nodes=8
    scale=2  nodes=8
    scale=3  nodes=8
    scale=4  nodes=8
    scale=5  nodes=8
    scale=6  nodes=8
    scale=7  nodes=8
    scale=8  nodes=8
    scale=9  nodes=8
    scale=10  nodes=16
    scale=11  nodes=96

3D potential

*FunctionTree: nn
  genNodes: 0
  square norm: 95063.8
  root scale: 0
  order: 7
  nodes: 688
  endNodes: 603
  nodes per scale: 
    scale=0  nodes=8
    scale=1  nodes=56
    scale=2  nodes=48
    scale=3  nodes=56
    scale=4  nodes=48
    scale=5  nodes=56
    scale=6  nodes=48
    scale=7  nodes=56
    scale=8  nodes=48
    scale=9  nodes=56
    scale=10  nodes=48
    scale=11  nodes=56
    scale=12  nodes=48
    scale=13  nodes=56

Potential

*FunctionTree: nn
  genNodes: 0
  square norm: 95063.8
  root scale: 0
  order: 7
  nodes: 688
  endNodes: 603
  nodes per scale: 
    scale=0  nodes=8
    scale=1  nodes=56
    scale=2  nodes=48
    scale=3  nodes=56
    scale=4  nodes=48
    scale=5  nodes=56
    scale=6  nodes=48
    scale=7  nodes=56
    scale=8  nodes=48
    scale=9  nodes=56
    scale=10  nodes=48
    scale=11  nodes=56
    scale=12  nodes=48
    scale=13  nodes=56

Number of Atoms =  1
[['Hg', 80, 0.1, 0.2, 0.3, 54, 54]]
Using derivative  BS
One-electron calculations 0.0001
calc_dirac_mu 6267.62589453184 15327.976775245485 137.035999139
Error 0.04544843773539311
Delta E 15327.976775245485
Energy -3450.888284778526
Converged?  0.04544843773539311  >  0.001   ----   15327.976775245485  >  1e-05   ----  iteration 0
calc_dirac_mu 6328.299605687114 15290.764813703374 137.035999139
Error 0.03263816007689602
Delta E 37.21196154211066
Energy -3488.100246320637
Converged?  0.03263816007689602  >  0.001   ----   37.21196154211066  >  1e-05   ----  iteration 1
calc_dirac_mu 6367.43751650309 15266.71290887612 137.035999139
Error 0.019711837824594867
Delta E 24.051904827254475
Energy -3512.1521511478913
Converged?  0.019711837824594867  >  0.001   ----   24.051904827254475  >  1e-05   ----  iteration 2
calc_dirac_mu 6385.032966298251 15255.887403382045 137.035999139
Error 0.012982031756407048
Delta E 10.825505494074605
Energy -3522.977656641966
Converged?  0.012982031756407048  >  0.001   ----   10.825505494074605  >  1e-05   ----  iteration 3
calc_dirac_mu 6392.207762931956 15251.470943055083 137.035999139
Error 0.007817197531866082
Delta E 4.4164603269618965
Energy -3527.394116968928
Converged?  0.007817197531866082  >  0.001   ----   4.4164603269618965  >  1e-05   ----  iteration 4
calc_dirac_mu 6395.015656417531 15249.742190410465 137.035999139
Error 0.004831530377316719
Delta E 1.7287526446179982
Energy -3529.122869613546
Converged?  0.004831530377316719  >  0.001   ----   1.7287526446179982  >  1e-05   ----  iteration 5
calc_dirac_mu 6396.0864202013345 15249.082895222838 137.035999139
Error 0.002884038143526813
Delta E 0.6592951876264124
Energy -3529.7821648011723
Converged?  0.002884038143526813  >  0.001   ----   0.6592951876264124  >  1e-05   ----  iteration 6
calc_dirac_mu 6396.489553993617 15248.834668599806 137.035999139
Error 0.001748554326265284
Delta E 0.24822662303267862
Energy -3530.030391424205
Converged?  0.001748554326265284  >  0.001   ----   0.24822662303267862  >  1e-05   ----  iteration 7
calc_dirac_mu 6396.63989108749 15248.742098622168 137.035999139
Error 0.0010448264784299597
Delta E 0.09256997763804975
Energy -3530.122961401843
Converged?  0.0010448264784299597  >  0.001   ----   0.09256997763804975  >  1e-05   ----  iteration 8
calc_dirac_mu 6396.695821477907 15248.707659373551 137.035999139
Error 0.0006307922294699927
Delta E 0.03443924861676351
Energy -3530.1574006504597
Converged?  0.0006307922294699927  >  0.001   ----   0.03443924861676351  >  1e-05   ----  iteration 9
calc_dirac_mu 6396.716550487098 15248.694895425351 137.035999139
Error 0.0003784031228958252
Delta E 0.01276394819979032
Energy -3530.1701645986595
Converged?  0.0003784031228958252  >  0.001   ----   0.01276394819979032  >  1e-05   ----  iteration 10
calc_dirac_mu 6396.7242492702635 15248.690154874319 137.035999139
Error 0.00022850545431234924
Delta E 0.004740551032227813
Energy -3530.1749051496918
Converged?  0.00022850545431234924  >  0.001   ----   0.004740551032227813  >  1e-05   ----  iteration 11
calc_dirac_mu 6396.727107885575 15248.688394672172 137.035999139
Error 0.0001375934670089208
Delta E 0.0017602021471248008
Energy -3530.176665351839
Converged?  0.0001375934670089208  >  0.001   ----   0.0017602021471248008  >  1e-05   ----  iteration 12
calc_dirac_mu 6396.728182858272 15248.687732754008 137.035999139
Error 8.319540773363243e-05
Delta E 0.0006619181640417082
Energy -3530.177327270003
Converged?  8.319540773363243e-05  >  0.001   ----   0.0006619181640417082  >  1e-05   ----  iteration 13
calc_dirac_mu 6396.72858648899 15248.687484216987 137.035999139
Error 5.02362908601446e-05
Delta E 0.00024853702052496374
Energy -3530.1775758070235
Converged?  5.02362908601446e-05  >  0.001   ----   0.00024853702052496374  >  1e-05   ----  iteration 14
Classic-like energies: cke = 7148.143356860018, cpe = -10346.012953492002, cke + cpe = -3197.8695966319838
Exact Energy = -3532.192093162126
Dirac Energy = -3530.177671855503
Kutze Energy = -3529.5683656456204
Error Kutze  = 2.6237275165076426
Error Dirac  = 2.0144213066232624
Delta Energy = -9.60484794632066e-05
Dirac - Kutzelnigg = -0.6093062098843802

PARAMETERS:
molecule    = [['Hg', 80, 0.1, 0.2, 0.3, 54, 54]]
D2          = False
prec        = 4
derivative  = BS
box         = 1

-------------------------------
Hg 0 0 4 BS 1
-------------------------------
Now executing: python test.py Input_Making/input__Hg004PH.txt
Input file: Input_Making/input__Hg004PH.txt
Output file: outputs/output__Hg004PH.txt
light_speed = 137.03599913900001  # default 137.03599913900001
derivative = "PH"         # possible values: PH, ABGV, BS
order = 7
box = 1
prec = 1.0e-4                 # precision threshold for the MRA operations
thr  = 1.0e-3                  # error threshold for SCF convergence

readPotential    = False         # bool
computePotential = True         # bool 
savePotential    = False         # bool
potential = "fermi_dirac"       # possible values: point_charge coulomb_HFYGB homogeneus_charge_sphere gaussian

readOrbitals     = False         # bool
saveOrbitals     = False         # bool
saveGuess        = False

scf              = True
ktrs             = False
D2               = False         # bool
two_electrons    = False         # bool

runGaunt         = False
runGaugeA        = False
runGaugeB        = False
runGaugeC        = False
runGaugeD        = False
runGaugeDelta    = False

molecule = [ ["Hg", 80, 0.1, 0.2, 0.3, 54, 54] ]

# With the paramenters I got from Robert, the error is (1) higher than
#  what he gets and (2) dominated by the width of the Gaussian
# I get a much better agreement with the ideal value IF the Gaussian
#  size is reduced by one order of magnitude 3e4->3e5 for Ar
# It seems the position of the nucleus is also important: I get bad
#  results from D2 if I move the nucleus
# Higher prec with off centered nucleus is too demanding for my laptop

**************************************
80 [0.1, 0.2, 0.3]
Fermi Dirac potential
Using Half Charge Radius for Hg: 0.00012485722724
Integral of the Fermi-Dirac distribution via cartesian 3D integration: 8.681462019814422
The normalization constant is: 9.215037722610472
Integral of the Fermi-Dirac distribution via 3D integration: 79.99999999999996
3D density

*FunctionTree: nn
  genNodes: 0
  square norm: 5.70938e+14
  root scale: 0
  order: 7
  nodes: 192
  endNodes: 169
  nodes per scale: 
    scale=0  nodes=8
    scale=1  nodes=8
    scale=2  nodes=8
    scale=3  nodes=8
    scale=4  nodes=8
    scale=5  nodes=8
    scale=6  nodes=8
    scale=7  nodes=8
    scale=8  nodes=8
    scale=9  nodes=8
    scale=10  nodes=16
    scale=11  nodes=96

3D potential

*FunctionTree: nn
  genNodes: 0
  square norm: 95063.8
  root scale: 0
  order: 7
  nodes: 688
  endNodes: 603
  nodes per scale: 
    scale=0  nodes=8
    scale=1  nodes=56
    scale=2  nodes=48
    scale=3  nodes=56
    scale=4  nodes=48
    scale=5  nodes=56
    scale=6  nodes=48
    scale=7  nodes=56
    scale=8  nodes=48
    scale=9  nodes=56
    scale=10  nodes=48
    scale=11  nodes=56
    scale=12  nodes=48
    scale=13  nodes=56

Potential

*FunctionTree: nn
  genNodes: 0
  square norm: 95063.8
  root scale: 0
  order: 7
  nodes: 688
  endNodes: 603
  nodes per scale: 
    scale=0  nodes=8
    scale=1  nodes=56
    scale=2  nodes=48
    scale=3  nodes=56
    scale=4  nodes=48
    scale=5  nodes=56
    scale=6  nodes=48
    scale=7  nodes=56
    scale=8  nodes=48
    scale=9  nodes=56
    scale=10  nodes=48
    scale=11  nodes=56
    scale=12  nodes=48
    scale=13  nodes=56

Number of Atoms =  1
[['Hg', 80, 0.1, 0.2, 0.3, 54, 54]]
Using derivative  PH
One-electron calculations 0.0001
calc_dirac_mu 6267.1650428199755 15328.259075791182 137.035999139
Error 0.04543445859388706
Delta E 15328.259075791182
Energy -3450.6059842328286
Converged?  0.04543445859388706  >  0.001   ----   15328.259075791182  >  1e-05   ----  iteration 0
calc_dirac_mu 6328.294526329418 15290.767932728622 137.035999139
Error 0.03264530123782665
Delta E 37.491143062559786
Energy -3488.0971272953884
Converged?  0.03264530123782665  >  0.001   ----   37.491143062559786  >  1e-05   ----  iteration 1
calc_dirac_mu 6367.4824223894975 15266.685290542393 137.035999139
Error 0.019717632232870937
Delta E 24.08264218622935
Energy -3512.1797694816178
Converged?  0.019717632232870937  >  0.001   ----   24.08264218622935  >  1e-05   ----  iteration 2
calc_dirac_mu 6385.061543466216 15255.869815185562 137.035999139
Error 0.012984723852075436
Delta E 10.815475356830575
Energy -3522.9952448384483
Converged?  0.012984723852075436  >  0.001   ----   10.815475356830575  >  1e-05   ----  iteration 3
calc_dirac_mu 6392.241540903502 15251.450147932945 137.035999139
Error 0.007818911684518386
Delta E 4.419667252617728
Energy -3527.414912091066
Converged?  0.007818911684518386  >  0.001   ----   4.419667252617728  >  1e-05   ----  iteration 4
calc_dirac_mu 6395.051936207333 15249.719852531976 137.035999139
Error 0.004832640414046316
Delta E 1.7302954009683162
Energy -3529.1452074920344
Converged?  0.004832640414046316  >  0.001   ----   1.7302954009683162  >  1e-05   ----  iteration 5
calc_dirac_mu 6396.124684069314 15249.059334705347 137.035999139
Error 0.002884754339120929
Delta E 0.660517826629075
Energy -3529.8057253186635
Converged?  0.002884754339120929  >  0.001   ----   0.660517826629075  >  1e-05   ----  iteration 6
calc_dirac_mu 6396.528251653244 15248.810840592228 137.035999139
Error 0.00174900424136636
Delta E 0.2484941131187952
Energy -3530.0542194317823
Converged?  0.00174900424136636  >  0.001   ----   0.2484941131187952  >  1e-05   ----  iteration 7
calc_dirac_mu 6396.679125146994 15248.717940180506 137.035999139
Error 0.0010451134807550604
Delta E 0.09290041172243946
Energy -3530.1471198435047
Converged?  0.0010451134807550604  >  0.001   ----   0.09290041172243946  >  1e-05   ----  iteration 8
calc_dirac_mu 6396.735158388982 15248.683437546097 137.035999139
Error 0.0006309731414208125
Delta E 0.034502634409363964
Energy -3530.181622477914
Converged?  0.0006309731414208125  >  0.001   ----   0.034502634409363964  >  1e-05   ----  iteration 9
calc_dirac_mu 6396.7559817720985 15248.670615466484 137.035999139
Error 0.00037851623184231365
Delta E 0.01282207961230597
Energy -3530.1944445575264
Converged?  0.00037851623184231365  >  0.001   ----   0.01282207961230597  >  1e-05   ----  iteration 10
calc_dirac_mu 6396.763768791063 15248.665820576325 137.035999139
Error 0.00022857974090224022
Delta E 0.004794890159246279
Energy -3530.1992394476856
Converged?  0.00022857974090224022  >  0.001   ----   0.004794890159246279  >  1e-05   ----  iteration 11
calc_dirac_mu 6396.766591213497 15248.664082657295 137.035999139
Error 0.00013763765509882322
Delta E 0.001737919030347257
Energy -3530.200977366716
Converged?  0.00013763765509882322  >  0.001   ----   0.001737919030347257  >  1e-05   ----  iteration 12
calc_dirac_mu 6396.767676583253 15248.663414336039 137.035999139
Error 8.322387435574506e-05
Delta E 0.0006683212559437379
Energy -3530.201645687972
Converged?  8.322387435574506e-05  >  0.001   ----   0.0006683212559437379  >  1e-05   ----  iteration 13
calc_dirac_mu 6396.768047676914 15248.66318583346 137.035999139
Error 5.025277387458446e-05
Delta E 0.0002285025784658501
Energy -3530.2018741905504
Converged?  5.025277387458446e-05  >  0.001   ----   0.0002285025784658501  >  1e-05   ----  iteration 14
Classic-like energies: cke = 7151.159231014203, cpe = -10347.22358369804, cke + cpe = -3196.0643526838367
Exact Energy = -3532.192093162126
Dirac Energy = -3530.2020157279203
Kutze Energy = -3527.3454459598092
Error Kutze  = 4.846647202317399
Error Dirac  = 1.9900774342058867
Delta Energy = -0.0001415373699273914
Dirac - Kutzelnigg = -2.8565697681115125

PARAMETERS:
molecule    = [['Hg', 80, 0.1, 0.2, 0.3, 54, 54]]
D2          = False
prec        = 4
derivative  = PH
box         = 1

-------------------------------
Hg 0 0 4 PH 1
-------------------------------
Now executing: python test.py Input_Making/input__Hg005ABGV.txt
Input file: Input_Making/input__Hg005ABGV.txt
Output file: outputs/output__Hg005ABGV.txt
light_speed = 137.03599913900001  # default 137.03599913900001
derivative = "ABGV"         # possible values: PH, ABGV, BS
order = 8
box = 1
prec = 1.0e-5                 # precision threshold for the MRA operations
thr  = 1.0e-4                  # error threshold for SCF convergence

readPotential    = False         # bool
computePotential = True         # bool 
savePotential    = False         # bool
potential = "fermi_dirac"       # possible values: point_charge coulomb_HFYGB homogeneus_charge_sphere gaussian

readOrbitals     = False         # bool
saveOrbitals     = False         # bool
saveGuess        = False

scf              = True
ktrs             = False
D2               = False         # bool
two_electrons    = False         # bool

runGaunt         = False
runGaugeA        = False
runGaugeB        = False
runGaugeC        = False
runGaugeD        = False
runGaugeDelta    = False

molecule = [ ["Hg", 80, 0.1, 0.2, 0.3, 54, 54] ]

# With the paramenters I got from Robert, the error is (1) higher than
#  what he gets and (2) dominated by the width of the Gaussian
# I get a much better agreement with the ideal value IF the Gaussian
#  size is reduced by one order of magnitude 3e4->3e5 for Ar
# It seems the position of the nucleus is also important: I get bad
#  results from D2 if I move the nucleus
# Higher prec with off centered nucleus is too demanding for my laptop

**************************************
80 [0.1, 0.2, 0.3]
Fermi Dirac potential
Using Half Charge Radius for Hg: 0.00012485722724
Integral of the Fermi-Dirac distribution via cartesian 3D integration: 8.659171750638382
The normalization constant is: 9.23875889101081
Integral of the Fermi-Dirac distribution via 3D integration: 80.00000000000013
3D density

*FunctionTree: nn
  genNodes: 0
  square norm: 5.70239e+14
  root scale: 0
  order: 8
  nodes: 200
  endNodes: 176
  nodes per scale: 
    scale=0  nodes=8
    scale=1  nodes=8
    scale=2  nodes=8
    scale=3  nodes=8
    scale=4  nodes=8
    scale=5  nodes=8
    scale=6  nodes=8
    scale=7  nodes=8
    scale=8  nodes=8
    scale=9  nodes=8
    scale=10  nodes=16
    scale=11  nodes=96
    scale=12  nodes=8

3D potential

*FunctionTree: nn
  genNodes: 0
  square norm: 95063.9
  root scale: 0
  order: 8
  nodes: 912
  endNodes: 799
  nodes per scale: 
    scale=0  nodes=8
    scale=1  nodes=64
    scale=2  nodes=64
    scale=3  nodes=56
    scale=4  nodes=64
    scale=5  nodes=56
    scale=6  nodes=64
    scale=7  nodes=56
    scale=8  nodes=64
    scale=9  nodes=56
    scale=10  nodes=64
    scale=11  nodes=56
    scale=12  nodes=64
    scale=13  nodes=72
    scale=14  nodes=104

Potential

*FunctionTree: nn
  genNodes: 0
  square norm: 95063.9
  root scale: 0
  order: 8
  nodes: 912
  endNodes: 799
  nodes per scale: 
    scale=0  nodes=8
    scale=1  nodes=64
    scale=2  nodes=64
    scale=3  nodes=56
    scale=4  nodes=64
    scale=5  nodes=56
    scale=6  nodes=64
    scale=7  nodes=56
    scale=8  nodes=64
    scale=9  nodes=56
    scale=10  nodes=64
    scale=11  nodes=56
    scale=12  nodes=64
    scale=13  nodes=72
    scale=14  nodes=104

Number of Atoms =  1
[['Hg', 80, 0.1, 0.2, 0.3, 54, 54]]
Using derivative  ABGV
One-electron calculations 1e-05
calc_dirac_mu 6267.729573437487 15327.913264703915 137.035999139
Error 0.04545747426653383
Delta E 15327.913264703915
Energy -3450.9517953200957
Converged?  0.04545747426653383  >  0.0001   ----   15327.913264703915  >  1.0000000000000002e-06   ----  iteration 0
calc_dirac_mu 6328.287833579751 15290.77204247074 137.035999139
Error 0.03263966281242703
Delta E 37.14122223317463
Energy -3488.0930175532703
Converged?  0.03263966281242703  >  0.0001   ----   37.14122223317463  >  1.0000000000000002e-06   ----  iteration 1
calc_dirac_mu 6367.444021146452 15266.708908347757 137.035999139
Error 0.019713405296665897
Delta E 24.063134122983683
Energy -3512.156151676254
Converged?  0.019713405296665897  >  0.0001   ----   24.063134122983683  >  1.0000000000000002e-06   ----  iteration 2
calc_dirac_mu 6385.015880276629 15255.897919190644 137.035999139
Error 0.012981796174584706
Delta E 10.810989157113
Energy -3522.967140833367
Converged?  0.012981796174584706  >  0.0001   ----   10.810989157113  >  1.0000000000000002e-06   ----  iteration 3
calc_dirac_mu 6392.192489464329 15251.480346026778 137.035999139
Error 0.007817184783543265
Delta E 4.417573163866109
Energy -3527.384713997233
Converged?  0.007817184783543265  >  0.0001   ----   4.417573163866109  >  1.0000000000000002e-06   ----  iteration 4
calc_dirac_mu 6394.997685027693 15249.753255587111 137.035999139
Error 0.004831396887181693
Delta E 1.7270904396664264
Energy -3529.1118044368995
Converged?  0.004831396887181693  >  0.0001   ----   1.7270904396664264  >  1.0000000000000002e-06   ----  iteration 5
calc_dirac_mu 6396.071793015807 15249.091901727164 137.035999139
Error 0.002884118081032506
Delta E 0.6613538599467574
Energy -3529.7731582968463
Converged?  0.002884118081032506  >  0.0001   ----   0.6613538599467574  >  1.0000000000000002e-06   ----  iteration 6
calc_dirac_mu 6396.473427446925 15248.844598478128 137.035999139
Error 0.0017485506128850222
Delta E 0.247303249036122
Energy -3530.0204615458824
Converged?  0.0017485506128850222  >  0.0001   ----   0.247303249036122  >  1.0000000000000002e-06   ----  iteration 7
calc_dirac_mu 6396.624377522323 15248.75165111685 137.035999139
Error 0.001044861319111289
Delta E 0.0929473612777656
Energy -3530.11340890716
Converged?  0.001044861319111289  >  0.0001   ----   0.0929473612777656  >  1.0000000000000002e-06   ----  iteration 8
calc_dirac_mu 6396.680675143991 15248.716985766323 137.035999139
Error 0.0006308350732279445
Delta E 0.034665350527575356
Energy -3530.1480742576878
Converged?  0.0006308350732279445  >  0.0001   ----   0.034665350527575356  >  1.0000000000000002e-06   ----  iteration 9
calc_dirac_mu 6396.7013521447525 15248.704253850266 137.035999139
Error 0.00037843113175709496
Delta E 0.012731916056509363
Energy -3530.1608061737443
Converged?  0.00037843113175709496  >  0.0001   ----   0.012731916056509363  >  1.0000000000000002e-06   ----  iteration 10
calc_dirac_mu 6396.708523908078 15248.69983781619 137.035999139
Error 0.0002285064745818465
Delta E 0.004416034076712094
Energy -3530.165222207821
Converged?  0.0002285064745818465  >  0.0001   ----   0.004416034076712094  >  1.0000000000000002e-06   ----  iteration 11
calc_dirac_mu 6396.7112887441135 15248.698135360037 137.035999139
Error 0.00013759386069232688
Delta E 0.001702456152997911
Energy -3530.166924663974
Converged?  0.00013759386069232688  >  0.0001   ----   0.001702456152997911  >  1.0000000000000002e-06   ----  iteration 12
calc_dirac_mu 6396.712296918193 15248.69751457375 137.035999139
Error 8.319541371351335e-05
Delta E 0.000620786286162911
Energy -3530.16754545026
Converged?  8.319541371351335e-05  >  0.0001   ----   0.000620786286162911  >  1.0000000000000002e-06   ----  iteration 13
calc_dirac_mu 6396.712666584244 15248.697286950737 137.035999139
Error 5.0236477623033434e-05
Delta E 0.0002276230134157231
Energy -3530.1677730732736
Converged?  5.0236477623033434e-05  >  0.0001   ----   0.0002276230134157231  >  1.0000000000000002e-06   ----  iteration 14
Classic-like energies: cke = 7149.467064857989, cpe = -10347.76317968597, cke + cpe = -3198.296114827981
Exact Energy = -3532.192093162126
Dirac Energy = -3530.1688732489056
Kutze Energy = -3530.093613842414
Error Kutze  = 2.0984793197130784
Error Dirac  = 2.0232199132206006
Delta Energy = -0.001100175632018363
Dirac - Kutzelnigg = -0.07525940649065888

PARAMETERS:
molecule    = [['Hg', 80, 0.1, 0.2, 0.3, 54, 54]]
D2          = False
prec        = 5
derivative  = ABGV
box         = 1

-------------------------------
Hg 0 0 5 ABGV 1
-------------------------------
Now executing: python test.py Input_Making/input__Hg005BS.txt
Input file: Input_Making/input__Hg005BS.txt
Output file: outputs/output__Hg005BS.txt
light_speed = 137.03599913900001  # default 137.03599913900001
derivative = "BS"         # possible values: PH, ABGV, BS
order = 8
box = 1
prec = 1.0e-5                 # precision threshold for the MRA operations
thr  = 1.0e-4                  # error threshold for SCF convergence

readPotential    = False         # bool
computePotential = True         # bool 
savePotential    = False         # bool
potential = "fermi_dirac"       # possible values: point_charge coulomb_HFYGB homogeneus_charge_sphere gaussian

readOrbitals     = False         # bool
saveOrbitals     = False         # bool
saveGuess        = False

scf              = True
ktrs             = False
D2               = False         # bool
two_electrons    = False         # bool

runGaunt         = False
runGaugeA        = False
runGaugeB        = False
runGaugeC        = False
runGaugeD        = False
runGaugeDelta    = False

molecule = [ ["Hg", 80, 0.1, 0.2, 0.3, 54, 54] ]

# With the paramenters I got from Robert, the error is (1) higher than
#  what he gets and (2) dominated by the width of the Gaussian
# I get a much better agreement with the ideal value IF the Gaussian
#  size is reduced by one order of magnitude 3e4->3e5 for Ar
# It seems the position of the nucleus is also important: I get bad
#  results from D2 if I move the nucleus
# Higher prec with off centered nucleus is too demanding for my laptop

**************************************
80 [0.1, 0.2, 0.3]
Fermi Dirac potential
Using Half Charge Radius for Hg: 0.00012485722724
Integral of the Fermi-Dirac distribution via cartesian 3D integration: 8.659171750638382
The normalization constant is: 9.23875889101081
Integral of the Fermi-Dirac distribution via 3D integration: 80.00000000000013
3D density

*FunctionTree: nn
  genNodes: 0
  square norm: 5.70239e+14
  root scale: 0
  order: 8
  nodes: 200
  endNodes: 176
  nodes per scale: 
    scale=0  nodes=8
    scale=1  nodes=8
    scale=2  nodes=8
    scale=3  nodes=8
    scale=4  nodes=8
    scale=5  nodes=8
    scale=6  nodes=8
    scale=7  nodes=8
    scale=8  nodes=8
    scale=9  nodes=8
    scale=10  nodes=16
    scale=11  nodes=96
    scale=12  nodes=8

3D potential

*FunctionTree: nn
  genNodes: 0
  square norm: 95063.9
  root scale: 0
  order: 8
  nodes: 912
  endNodes: 799
  nodes per scale: 
    scale=0  nodes=8
    scale=1  nodes=64
    scale=2  nodes=64
    scale=3  nodes=56
    scale=4  nodes=64
    scale=5  nodes=56
    scale=6  nodes=64
    scale=7  nodes=56
    scale=8  nodes=64
    scale=9  nodes=56
    scale=10  nodes=64
    scale=11  nodes=56
    scale=12  nodes=64
    scale=13  nodes=72
    scale=14  nodes=104

Potential

*FunctionTree: nn
  genNodes: 0
  square norm: 95063.9
  root scale: 0
  order: 8
  nodes: 912
  endNodes: 799
  nodes per scale: 
    scale=0  nodes=8
    scale=1  nodes=64
    scale=2  nodes=64
    scale=3  nodes=56
    scale=4  nodes=64
    scale=5  nodes=56
    scale=6  nodes=64
    scale=7  nodes=56
    scale=8  nodes=64
    scale=9  nodes=56
    scale=10  nodes=64
    scale=11  nodes=56
    scale=12  nodes=64
    scale=13  nodes=72
    scale=14  nodes=104

Number of Atoms =  1
[['Hg', 80, 0.1, 0.2, 0.3, 54, 54]]
Using derivative  BS
One-electron calculations 1e-05
calc_dirac_mu 6267.726793918987 15327.914967355771 137.035999139
Error 0.04545738967226667
Delta E 15327.914967355771
Energy -3450.9500926682394
Converged?  0.04545738967226667  >  0.0001   ----   15327.914967355771  >  1.0000000000000002e-06   ----  iteration 0
calc_dirac_mu 6328.303428471828 15290.76246628764 137.035999139
Error 0.03264028157201846
Delta E 37.15250106813073
Energy -3488.10259373637
Converged?  0.03264028157201846  >  0.0001   ----   37.15250106813073  >  1.0000000000000002e-06   ----  iteration 1
calc_dirac_mu 6367.448321418838 15266.706263565495 137.035999139
Error 0.019713327019747578
Delta E 24.056202722145827
Energy -3512.158796458516
Converged?  0.019713327019747578  >  0.0001   ----   24.056202722145827  >  1.0000000000000002e-06   ----  iteration 2
calc_dirac_mu 6385.037638895586 15255.884527571521 137.035999139
Error 0.012982431066974942
Delta E 10.821735993973562
Energy -3522.9805324524896
Converged?  0.012982431066974942  >  0.0001   ----   10.821735993973562  >  1.0000000000000002e-06   ----  iteration 3
calc_dirac_mu 6392.21211770127 15251.468262079825 137.035999139
Error 0.007817448455107826
Delta E 4.416265491696322
Energy -3527.396797944186
Converged?  0.007817448455107826  >  0.0001   ----   4.416265491696322  >  1.0000000000000002e-06   ----  iteration 4
calc_dirac_mu 6395.018598112643 15249.740379176605 137.035999139
Error 0.004831601597094188
Delta E 1.7278829032202339
Energy -3529.124680847406
Converged?  0.004831601597094188  >  0.0001   ----   1.7278829032202339  >  1.0000000000000002e-06   ----  iteration 5
calc_dirac_mu 6396.089106096478 15249.081241416327 137.035999139
Error 0.00288409436560127
Delta E 0.6591377602780994
Energy -3529.783818607684
Converged?  0.00288409436560127  >  0.0001   ----   0.6591377602780994  >  1.0000000000000002e-06   ----  iteration 6
calc_dirac_mu 6396.491515466797 15248.83346082746 137.035999139
Error 0.001748573506314511
Delta E 0.24778058886658982
Energy -3530.031599196551
Converged?  0.001748573506314511  >  0.0001   ----   0.24778058886658982  >  1.0000000000000002e-06   ----  iteration 7
calc_dirac_mu 6396.641527210385 15248.74109117736 137.035999139
Error 0.0010448387265396355
Delta E 0.09236965009949927
Energy -3530.1239688466503
Converged?  0.0010448387265396355  >  0.0001   ----   0.09236965009949927  >  1.0000000000000002e-06   ----  iteration 8
calc_dirac_mu 6396.697186499127 15248.70681885806 137.035999139
Error 0.0006308003322778616
Delta E 0.03427231930072594
Energy -3530.158241165951
Converged?  0.0006308003322778616  >  0.0001   ----   0.03427231930072594  >  1.0000000000000002e-06   ----  iteration 9
calc_dirac_mu 6396.717770848715 15248.694143983774 137.035999139
Error 0.00037840892588882015
Delta E 0.012674874285949045
Energy -3530.170916040237
Converged?  0.00037840892588882015  >  0.0001   ----   0.012674874285949045  >  1.0000000000000002e-06   ----  iteration 10
calc_dirac_mu 6396.725374268432 15248.689462152877 137.035999139
Error 0.0002285108815941295
Delta E 0.0046818308965157485
Energy -3530.1755978711335
Converged?  0.0002285108815941295  >  0.0001   ----   0.0046818308965157485  >  1.0000000000000002e-06   ----  iteration 11
calc_dirac_mu 6396.728165656157 15248.68774334627 137.035999139
Error 0.00013759718359878262
Delta E 0.0017188066067319596
Energy -3530.1773166777402
Converged?  0.00013759718359878262  >  0.0001   ----   0.0017188066067319596  >  1.0000000000000002e-06   ----  iteration 12
calc_dirac_mu 6396.729200584883 15248.687106085294 137.035999139
Error 8.319836204526393e-05
Delta E 0.0006372609768732218
Energy -3530.177953938717
Converged?  8.319836204526393e-05  >  0.0001   ----   0.0006372609768732218  >  1.0000000000000002e-06   ----  iteration 13
calc_dirac_mu 6396.729581673146 15248.686871428858 137.035999139
Error 5.02385945110219e-05
Delta E 0.00023465643607778475
Energy -3530.178188595153
Converged?  5.02385945110219e-05  >  0.0001   ----   0.00023465643607778475  >  1.0000000000000002e-06   ----  iteration 14
Classic-like energies: cke = 7149.491264921935, cpe = -10347.832555899955, cke + cpe = -3198.34129097802
Exact Energy = -3532.192093162126
Dirac Energy = -3530.178269496246
Kutze Energy = -3530.1492483816387
Error Kutze  = 2.0428447804879397
Error Dirac  = 2.013823665880409
Delta Energy = -8.090109258773737e-05
Dirac - Kutzelnigg = -0.029021114605711773

PARAMETERS:
molecule    = [['Hg', 80, 0.1, 0.2, 0.3, 54, 54]]
D2          = False
prec        = 5
derivative  = BS
box         = 1

-------------------------------
Hg 0 0 5 BS 1
-------------------------------
Now executing: python test.py Input_Making/input__Hg005PH.txt
Input file: Input_Making/input__Hg005PH.txt
Output file: outputs/output__Hg005PH.txt
light_speed = 137.03599913900001  # default 137.03599913900001
derivative = "PH"         # possible values: PH, ABGV, BS
order = 8
box = 1
prec = 1.0e-5                 # precision threshold for the MRA operations
thr  = 1.0e-4                  # error threshold for SCF convergence

readPotential    = False         # bool
computePotential = True         # bool 
savePotential    = False         # bool
potential = "fermi_dirac"       # possible values: point_charge coulomb_HFYGB homogeneus_charge_sphere gaussian

readOrbitals     = False         # bool
saveOrbitals     = False         # bool
saveGuess        = False

scf              = True
ktrs             = False
D2               = False         # bool
two_electrons    = False         # bool

runGaunt         = False
runGaugeA        = False
runGaugeB        = False
runGaugeC        = False
runGaugeD        = False
runGaugeDelta    = False

molecule = [ ["Hg", 80, 0.1, 0.2, 0.3, 54, 54] ]

# With the paramenters I got from Robert, the error is (1) higher than
#  what he gets and (2) dominated by the width of the Gaussian
# I get a much better agreement with the ideal value IF the Gaussian
#  size is reduced by one order of magnitude 3e4->3e5 for Ar
# It seems the position of the nucleus is also important: I get bad
#  results from D2 if I move the nucleus
# Higher prec with off centered nucleus is too demanding for my laptop

**************************************
80 [0.1, 0.2, 0.3]
Fermi Dirac potential
Using Half Charge Radius for Hg: 0.00012485722724
Integral of the Fermi-Dirac distribution via cartesian 3D integration: 8.659171750638382
The normalization constant is: 9.23875889101081
Integral of the Fermi-Dirac distribution via 3D integration: 80.00000000000013
3D density

*FunctionTree: nn
  genNodes: 0
  square norm: 5.70239e+14
  root scale: 0
  order: 8
  nodes: 200
  endNodes: 176
  nodes per scale: 
    scale=0  nodes=8
    scale=1  nodes=8
    scale=2  nodes=8
    scale=3  nodes=8
    scale=4  nodes=8
    scale=5  nodes=8
    scale=6  nodes=8
    scale=7  nodes=8
    scale=8  nodes=8
    scale=9  nodes=8
    scale=10  nodes=16
    scale=11  nodes=96
    scale=12  nodes=8

3D potential

*FunctionTree: nn
  genNodes: 0
  square norm: 95063.9
  root scale: 0
  order: 8
  nodes: 912
  endNodes: 799
  nodes per scale: 
    scale=0  nodes=8
    scale=1  nodes=64
    scale=2  nodes=64
    scale=3  nodes=56
    scale=4  nodes=64
    scale=5  nodes=56
    scale=6  nodes=64
    scale=7  nodes=56
    scale=8  nodes=64
    scale=9  nodes=56
    scale=10  nodes=64
    scale=11  nodes=56
    scale=12  nodes=64
    scale=13  nodes=72
    scale=14  nodes=104

Potential

*FunctionTree: nn
  genNodes: 0
  square norm: 95063.9
  root scale: 0
  order: 8
  nodes: 912
  endNodes: 799
  nodes per scale: 
    scale=0  nodes=8
    scale=1  nodes=64
    scale=2  nodes=64
    scale=3  nodes=56
    scale=4  nodes=64
    scale=5  nodes=56
    scale=6  nodes=64
    scale=7  nodes=56
    scale=8  nodes=64
    scale=9  nodes=56
    scale=10  nodes=64
    scale=11  nodes=56
    scale=12  nodes=64
    scale=13  nodes=72
    scale=14  nodes=104

Number of Atoms =  1
[['Hg', 80, 0.1, 0.2, 0.3, 54, 54]]
Using derivative  PH
One-electron calculations 1e-05
calc_dirac_mu 6267.7286956108255 15327.91380243491 137.035999139
Error 0.04545744655072797
Delta E 15327.91380243491
Energy -3450.9512575891004
Converged?  0.04545744655072797  >  0.0001   ----   15327.91380243491  >  1.0000000000000002e-06   ----  iteration 0
calc_dirac_mu 6328.305249797206 15290.761347886095 137.035999139
Error 0.032640307435860744
Delta E 37.15245454881551
Energy -3488.103712137916
Converged?  0.032640307435860744  >  0.0001   ----   37.15245454881551  >  1.0000000000000002e-06   ----  iteration 1
calc_dirac_mu 6367.448326609407 15266.706260373156 137.035999139
Error 0.019713280175440245
Delta E 24.05508751293928
Energy -3512.158799650855
Converged?  0.019713280175440245  >  0.0001   ----   24.05508751293928  >  1.0000000000000002e-06   ----  iteration 2
calc_dirac_mu 6385.03612624276 15255.885458553346 137.035999139
Error 0.012982340614507029
Delta E 10.820801819809276
Energy -3522.9796014706644
Converged?  0.012982340614507029  >  0.0001   ----   10.820801819809276  >  1.0000000000000002e-06   ----  iteration 3
calc_dirac_mu 6392.210314952572 15251.469371926192 137.035999139
Error 0.007817388509858261
Delta E 4.416086627154073
Energy -3527.3956880978185
Converged?  0.007817388509858261  >  0.0001   ----   4.416086627154073  >  1.0000000000000002e-06   ----  iteration 4
calc_dirac_mu 6395.016403021386 15249.741730718324 137.035999139
Error 0.004831551162124382
Delta E 1.727641207868146
Energy -3529.1233293056866
Converged?  0.004831551162124382  >  0.0001   ----   1.727641207868146  >  1.0000000000000002e-06   ----  iteration 5
calc_dirac_mu 6396.085686336037 15249.083347091233 137.035999139
Error 0.0028840231987850204
Delta E 0.6583836270910979
Energy -3529.7817129327777
Converged?  0.0028840231987850204  >  0.0001   ----   0.6583836270910979  >  1.0000000000000002e-06   ----  iteration 6
calc_dirac_mu 6396.4879754764515 15248.835640567846 137.035999139
Error 0.0017485289087695059
Delta E 0.24770652338702348
Energy -3530.0294194561648
Converged?  0.0017485289087695059  >  0.0001   ----   0.24770652338702348  >  1.0000000000000002e-06   ----  iteration 7
calc_dirac_mu 6396.6379384776965 15248.743300944108 137.035999139
Error 0.0010448129170260061
Delta E 0.0923396237376437
Energy -3530.1217590799024
Converged?  0.0010448129170260061  >  0.0001   ----   0.0923396237376437  >  1.0000000000000002e-06   ----  iteration 8
calc_dirac_mu 6396.6935856802165 15248.709036071898 137.035999139
Error 0.0006307849935758881
Delta E 0.03426487221076968
Energy -3530.156023952113
Converged?  0.0006307849935758881  >  0.0001   ----   0.03426487221076968  >  1.0000000000000002e-06   ----  iteration 9
calc_dirac_mu 6396.714117511299 15248.696393537888 137.035999139
Error 0.0003783984110499568
Delta E 0.012642534009501105
Energy -3530.1686664861227
Converged?  0.0003783984110499568  >  0.0001   ----   0.012642534009501105  >  1.0000000000000002e-06   ----  iteration 10
calc_dirac_mu 6396.72169614817 15248.691726967802 137.035999139
Error 0.00022850384663551383
Delta E 0.004666570086556021
Energy -3530.1733330562092
Converged?  0.00022850384663551383  >  0.0001   ----   0.004666570086556021  >  1.0000000000000002e-06   ----  iteration 11
calc_dirac_mu 6396.724468490297 15248.690019888842 137.035999139
Error 0.00013759246573694962
Delta E 0.0017070789599529235
Energy -3530.175040135169
Converged?  0.00013759246573694962  >  0.0001   ----   0.0017070789599529235  >  1.0000000000000002e-06   ----  iteration 12
calc_dirac_mu 6396.725492431499 15248.689389393565 137.035999139
Error 8.319519571474921e-05
Delta E 0.0006304952767095529
Energy -3530.175670630446
Converged?  8.319519571474921e-05  >  0.0001   ----   0.0006304952767095529  >  1.0000000000000002e-06   ----  iteration 13
calc_dirac_mu 6396.725868237998 15248.689157989429 137.035999139
Error 5.023658596669009e-05
Delta E 0.00023140413577493746
Energy -3530.1759020345817
Converged?  5.023658596669009e-05  >  0.0001   ----   0.00023140413577493746  >  1.0000000000000002e-06   ----  iteration 14
Classic-like energies: cke = 7149.444034475244, cpe = -10347.920910169043, cke + cpe = -3198.4768756937992
Exact Energy = -3532.192093162126
Dirac Energy = -3530.1760529874464
Kutze Energy = -3530.31622250939
Error Kutze  = 1.8758706527369213
Error Dirac  = 2.0160401746798016
Delta Energy = -0.00015095286471478175
Dirac - Kutzelnigg = 0.14016952194288024

PARAMETERS:
molecule    = [['Hg', 80, 0.1, 0.2, 0.3, 54, 54]]
D2          = False
prec        = 5
derivative  = PH
box         = 1

-------------------------------
Hg 0 0 5 PH 1
-------------------------------
Now executing: python test.py Input_Making/input__Hg006ABGV.txt
Input file: Input_Making/input__Hg006ABGV.txt
Output file: outputs/output__Hg006ABGV.txt
light_speed = 137.03599913900001  # default 137.03599913900001
derivative = "ABGV"         # possible values: PH, ABGV, BS
order = 9
box = 1
prec = 1.0e-6                 # precision threshold for the MRA operations
thr  = 1.0e-5                  # error threshold for SCF convergence

readPotential    = False         # bool
computePotential = True         # bool 
savePotential    = False         # bool
potential = "fermi_dirac"       # possible values: point_charge coulomb_HFYGB homogeneus_charge_sphere gaussian

readOrbitals     = False         # bool
saveOrbitals     = False         # bool
saveGuess        = False

scf              = True
ktrs             = False
D2               = False         # bool
two_electrons    = False         # bool

runGaunt         = False
runGaugeA        = False
runGaugeB        = False
runGaugeC        = False
runGaugeD        = False
runGaugeDelta    = False

molecule = [ ["Hg", 80, 0.1, 0.2, 0.3, 54, 54] ]

# With the paramenters I got from Robert, the error is (1) higher than
#  what he gets and (2) dominated by the width of the Gaussian
# I get a much better agreement with the ideal value IF the Gaussian
#  size is reduced by one order of magnitude 3e4->3e5 for Ar
# It seems the position of the nucleus is also important: I get bad
#  results from D2 if I move the nucleus
# Higher prec with off centered nucleus is too demanding for my laptop

**************************************
80 [0.1, 0.2, 0.3]
Fermi Dirac potential
Using Half Charge Radius for Hg: 0.00012485722724
Integral of the Fermi-Dirac distribution via cartesian 3D integration: 8.658786291111504
The normalization constant is: 9.239170168932604
Integral of the Fermi-Dirac distribution via 3D integration: 80.00000000000003
3D density

*FunctionTree: nn
  genNodes: 0
  square norm: 5.70217e+14
  root scale: 0
  order: 9
  nodes: 240
  endNodes: 211
  nodes per scale: 
    scale=0  nodes=8
    scale=1  nodes=8
    scale=2  nodes=8
    scale=3  nodes=8
    scale=4  nodes=8
    scale=5  nodes=8
    scale=6  nodes=8
    scale=7  nodes=8
    scale=8  nodes=8
    scale=9  nodes=8
    scale=10  nodes=16
    scale=11  nodes=96
    scale=12  nodes=16
    scale=13  nodes=32

3D potential

*FunctionTree: nn
  genNodes: 0
  square norm: 95063.9
  root scale: 0
  order: 9
  nodes: 1288
  endNodes: 1128
  nodes per scale: 
    scale=0  nodes=8
    scale=1  nodes=64
    scale=2  nodes=88
    scale=3  nodes=88
    scale=4  nodes=88
    scale=5  nodes=88
    scale=6  nodes=88
    scale=7  nodes=88
    scale=8  nodes=88
    scale=9  nodes=88
    scale=10  nodes=88
    scale=11  nodes=88
    scale=12  nodes=88
    scale=13  nodes=88
    scale=14  nodes=160

Potential

*FunctionTree: nn
  genNodes: 0
  square norm: 95063.9
  root scale: 0
  order: 9
  nodes: 1288
  endNodes: 1128
  nodes per scale: 
    scale=0  nodes=8
    scale=1  nodes=64
    scale=2  nodes=88
    scale=3  nodes=88
    scale=4  nodes=88
    scale=5  nodes=88
    scale=6  nodes=88
    scale=7  nodes=88
    scale=8  nodes=88
    scale=9  nodes=88
    scale=10  nodes=88
    scale=11  nodes=88
    scale=12  nodes=88
    scale=13  nodes=88
    scale=14  nodes=160

Number of Atoms =  1
[['Hg', 80, 0.1, 0.2, 0.3, 54, 54]]
Using derivative  ABGV
One-electron calculations 1e-06
calc_dirac_mu 6267.731149426931 15327.912299298725 137.035999139
Error 0.04545711082818813
Delta E 15327.912299298725
Energy -3450.9527607252858
Converged?  0.04545711082818813  >  9.999999999999999e-06   ----   15327.912299298725  >  1e-07   ----  iteration 0
calc_dirac_mu 6328.290663119751 15290.770304966816 137.035999139
Error 0.032639506053600296
Delta E 37.14199433190879
Energy -3488.0947550571946
Converged?  0.032639506053600296  >  9.999999999999999e-06   ----   37.14199433190879  >  1e-07   ----  iteration 1
calc_dirac_mu 6367.442098308197 15266.710090944443 137.035999139
Error 0.01971315889236886
Delta E 24.060214022372747
Energy -3512.1549690795673
Converged?  0.01971315889236886  >  9.999999999999999e-06   ----   24.060214022372747  >  1e-07   ----  iteration 2
calc_dirac_mu 6385.033609858457 15255.887007294617 137.035999139
Error 0.012982427047597934
Delta E 10.823083649826003
Energy -3522.9780527293933
Converged?  0.012982427047597934  >  9.999999999999999e-06   ----   10.823083649826003  >  1e-07   ----  iteration 3
calc_dirac_mu 6392.209958629051 15251.469591293622 137.035999139
Error 0.007817526034558162
Delta E 4.4174160009952175
Energy -3527.3954687303885
Converged?  0.007817526034558162  >  9.999999999999999e-06   ----   4.4174160009952175  >  1e-07   ----  iteration 4
calc_dirac_mu 6395.016914134388 15249.741416020464 137.035999139
Error 0.00483166340071544
Delta E 1.7281752731578308
Energy -3529.1236440035464
Converged?  0.00483166340071544  >  9.999999999999999e-06   ----   1.7281752731578308  >  1e-07   ----  iteration 5
calc_dirac_mu 6396.088824108973 15249.081415046632 137.035999139
Error 0.0028841863230419955
Delta E 0.6600009738322115
Energy -3529.7836449773786
Converged?  0.0028841863230419955  >  9.999999999999999e-06   ----   0.6600009738322115  >  1e-07   ----  iteration 6
calc_dirac_mu 6396.491516718669 15248.833460056623 137.035999139
Error 0.0017486352327790455
Delta E 0.24795499000902055
Energy -3530.0315999673876
Converged?  0.0017486352327790455  >  9.999999999999999e-06   ----   0.24795499000902055  >  1e-07   ----  iteration 7
calc_dirac_mu 6396.641450493043 15248.741138416166 137.035999139
Error 0.0010448717050093584
Delta E 0.09232164045715763
Energy -3530.1239216078447
Converged?  0.0010448717050093584  >  9.999999999999999e-06   ----   0.09232164045715763  >  1e-07   ----  iteration 8
calc_dirac_mu 6396.697250071167 15248.706779713404 137.035999139
Error 0.0006308246540534482
Delta E 0.034358702761892346
Energy -3530.1582803106066
Converged?  0.0006308246540534482  >  9.999999999999999e-06   ----   0.034358702761892346  >  1e-07   ----  iteration 9
calc_dirac_mu 6396.717945371773 15248.69403652064 137.035999139
Error 0.0003784273824476869
Delta E 0.012743192764901323
Energy -3530.1710235033715
Converged?  0.0003784273824476869  >  9.999999999999999e-06   ----   0.012743192764901323  >  1e-07   ----  iteration 10
calc_dirac_mu 6396.725584214909 15248.689332877617 137.035999139
Error 0.0002285228228747549
Delta E 0.004703643022367032
Energy -3530.175727146394
Converged?  0.0002285228228747549  >  9.999999999999999e-06   ----   0.004703643022367032  >  1e-07   ----  iteration 11
calc_dirac_mu 6396.728462808511 15248.687560373673 137.035999139
Error 0.0001376074535105236
Delta E 0.001772503943357151
Energy -3530.1774996503373
Converged?  0.0001376074535105236  >  9.999999999999999e-06   ----   0.001772503943357151  >  1e-07   ----  iteration 12
calc_dirac_mu 6396.729517207141 15248.686911124027 137.035999139
Error 8.32049660626649e-05
Delta E 0.0006492496468126774
Energy -3530.178148899984
Converged?  8.32049660626649e-05  >  9.999999999999999e-06   ----   0.0006492496468126774  >  1e-07   ----  iteration 13
calc_dirac_mu 6396.729881633573 15248.68668672717 137.035999139
Error 5.024178668875185e-05
Delta E 0.00022439685744757298
Energy -3530.1783732968415
Converged?  5.024178668875185e-05  >  9.999999999999999e-06   ----   0.00022439685744757298  >  1e-07   ----  iteration 14
Classic-like energies: cke = 7149.462354723235, cpe = -10347.720676311597, cke + cpe = -3198.2583215883624
Exact Energy = -3532.192093162126
Dirac Energy = -3530.1784675301387
Kutze Energy = -3530.0470715313563
Error Kutze  = 2.1450216307712253
Error Dirac  = 2.013625631987452
Delta Energy = -9.423329720448237e-05
Dirac - Kutzelnigg = -0.1313959987819544

PARAMETERS:
molecule    = [['Hg', 80, 0.1, 0.2, 0.3, 54, 54]]
D2          = False
prec        = 6
derivative  = ABGV
box         = 1

-------------------------------
Hg 0 0 6 ABGV 1
-------------------------------
Now executing: python test.py Input_Making/input__Hg006BS.txt
Input file: Input_Making/input__Hg006BS.txt
Output file: outputs/output__Hg006BS.txt
light_speed = 137.03599913900001  # default 137.03599913900001
derivative = "BS"         # possible values: PH, ABGV, BS
order = 9
box = 1
prec = 1.0e-6                 # precision threshold for the MRA operations
thr  = 1.0e-5                  # error threshold for SCF convergence

readPotential    = False         # bool
computePotential = True         # bool 
savePotential    = False         # bool
potential = "fermi_dirac"       # possible values: point_charge coulomb_HFYGB homogeneus_charge_sphere gaussian

readOrbitals     = False         # bool
saveOrbitals     = False         # bool
saveGuess        = False

scf              = True
ktrs             = False
D2               = False         # bool
two_electrons    = False         # bool

runGaunt         = False
runGaugeA        = False
runGaugeB        = False
runGaugeC        = False
runGaugeD        = False
runGaugeDelta    = False

molecule = [ ["Hg", 80, 0.1, 0.2, 0.3, 54, 54] ]

# With the paramenters I got from Robert, the error is (1) higher than
#  what he gets and (2) dominated by the width of the Gaussian
# I get a much better agreement with the ideal value IF the Gaussian
#  size is reduced by one order of magnitude 3e4->3e5 for Ar
# It seems the position of the nucleus is also important: I get bad
#  results from D2 if I move the nucleus
# Higher prec with off centered nucleus is too demanding for my laptop

**************************************
80 [0.1, 0.2, 0.3]
Fermi Dirac potential
Using Half Charge Radius for Hg: 0.00012485722724
Integral of the Fermi-Dirac distribution via cartesian 3D integration: 8.658786291111504
The normalization constant is: 9.239170168932604
Integral of the Fermi-Dirac distribution via 3D integration: 80.00000000000003
3D density

*FunctionTree: nn
  genNodes: 0
  square norm: 5.70217e+14
  root scale: 0
  order: 9
  nodes: 240
  endNodes: 211
  nodes per scale: 
    scale=0  nodes=8
    scale=1  nodes=8
    scale=2  nodes=8
    scale=3  nodes=8
    scale=4  nodes=8
    scale=5  nodes=8
    scale=6  nodes=8
    scale=7  nodes=8
    scale=8  nodes=8
    scale=9  nodes=8
    scale=10  nodes=16
    scale=11  nodes=96
    scale=12  nodes=16
    scale=13  nodes=32

3D potential

*FunctionTree: nn
  genNodes: 0
  square norm: 95063.9
  root scale: 0
  order: 9
  nodes: 1288
  endNodes: 1128
  nodes per scale: 
    scale=0  nodes=8
    scale=1  nodes=64
    scale=2  nodes=88
    scale=3  nodes=88
    scale=4  nodes=88
    scale=5  nodes=88
    scale=6  nodes=88
    scale=7  nodes=88
    scale=8  nodes=88
    scale=9  nodes=88
    scale=10  nodes=88
    scale=11  nodes=88
    scale=12  nodes=88
    scale=13  nodes=88
    scale=14  nodes=160

Potential

*FunctionTree: nn
  genNodes: 0
  square norm: 95063.9
  root scale: 0
  order: 9
  nodes: 1288
  endNodes: 1128
  nodes per scale: 
    scale=0  nodes=8
    scale=1  nodes=64
    scale=2  nodes=88
    scale=3  nodes=88
    scale=4  nodes=88
    scale=5  nodes=88
    scale=6  nodes=88
    scale=7  nodes=88
    scale=8  nodes=88
    scale=9  nodes=88
    scale=10  nodes=88
    scale=11  nodes=88
    scale=12  nodes=88
    scale=13  nodes=88
    scale=14  nodes=160

Number of Atoms =  1
[['Hg', 80, 0.1, 0.2, 0.3, 54, 54]]
Using derivative  BS
One-electron calculations 1e-06
calc_dirac_mu 6267.7278687166045 15327.914308966163 137.035999139
Error 0.045457011256851546
Delta E 15327.914308966163
Energy -3450.950751057848
Converged?  0.045457011256851546  >  9.999999999999999e-06   ----   15327.914308966163  >  1e-07   ----  iteration 0
calc_dirac_mu 6328.302706149619 15290.762909836192 137.035999139
Error 0.032639998938957755
Delta E 37.15139912997074
Energy -3488.1021501878186
Converged?  0.032639998938957755  >  9.999999999999999e-06   ----   37.15139912997074  >  1e-07   ----  iteration 1
calc_dirac_mu 6367.447156040727 15266.706980304174 137.035999139
Error 0.019713176877273725
Delta E 24.055929532018126
Energy -3512.1580797198367
Converged?  0.019713176877273725  >  9.999999999999999e-06   ----   24.055929532018126  >  1e-07   ----  iteration 2
calc_dirac_mu 6385.037088869973 15255.884866091934 137.035999139
Error 0.012982383215636524
Delta E 10.822114212240194
Energy -3522.980193932077
Converged?  0.012982383215636524  >  9.999999999999999e-06   ----   10.822114212240194  >  1e-07   ----  iteration 3
calc_dirac_mu 6392.211690893737 15251.468524840133 137.035999139
Error 0.0078174353205131
Delta E 4.416341251800986
Energy -3527.396535183878
Converged?  0.0078174353205131  >  9.999999999999999e-06   ----   4.416341251800986  >  1e-07   ----  iteration 4
calc_dirac_mu 6395.018140006013 15249.740661237882 137.035999139
Error 0.004831595911579715
Delta E 1.727863602251091
Energy -3529.124398786129
Converged?  0.004831595911579715  >  9.999999999999999e-06   ----   1.727863602251091  >  1e-07   ----  iteration 5
calc_dirac_mu 6396.088428576723 15249.081658590701 137.035999139
Error 0.0028840867899092935
Delta E 0.6590026471803867
Energy -3529.7834014333093
Converged?  0.0028840867899092935  >  9.999999999999999e-06   ----   0.6590026471803867  >  1e-07   ----  iteration 6
calc_dirac_mu 6396.490852880005 15248.83386881368 137.035999139
Error 0.0017485706479496933
Delta E 0.24778977702226257
Energy -3530.0311912103316
Converged?  0.0017485706479496933  >  9.999999999999999e-06   ----   0.24778977702226257  >  1e-07   ----  iteration 7
calc_dirac_mu 6396.640882763957 15248.741487996098 137.035999139
Error 0.0010448390247303953
Delta E 0.09238081758121552
Energy -3530.123572027913
Converged?  0.0010448390247303953  >  9.999999999999999e-06   ----   0.09238081758121552  >  1e-07   ----  iteration 8
calc_dirac_mu 6396.696542743106 15248.707215252569 137.035999139
Error 0.0006308007190885363
Delta E 0.03427274352907261
Energy -3530.157844771442
Converged?  0.0006308007190885363  >  9.999999999999999e-06   ----   0.03427274352907261  >  1e-07   ----  iteration 9
calc_dirac_mu 6396.717133522542 15248.694536419413 137.035999139
Error 0.0003784097549008496
Delta E 0.012678833156314795
Energy -3530.170523604598
Converged?  0.0003784097549008496  >  9.999999999999999e-06   ----   0.012678833156314795  >  1e-07   ----  iteration 10
calc_dirac_mu 6396.724737902248 15248.68985399752 137.035999139
Error 0.00022851145955668525
Delta E 0.004682421893448918
Energy -3530.1752060264917
Converged?  0.00022851145955668525  >  9.999999999999999e-06   ----   0.004682421893448918  >  1e-07   ----  iteration 11
calc_dirac_mu 6396.727543710328 15248.688126311574 137.035999139
Error 0.0001375981524757975
Delta E 0.0017276859452977078
Energy -3530.176933712437
Converged?  0.0001375981524757975  >  9.999999999999999e-06   ----   0.0017276859452977078  >  1e-07   ----  iteration 12
calc_dirac_mu 6396.728578255753 15248.68748928663 137.035999139
Error 8.319891018058159e-05
Delta E 0.0006370249429892283
Energy -3530.17757073738
Converged?  8.319891018058159e-05  >  9.999999999999999e-06   ----   0.0006370249429892283  >  1e-07   ----  iteration 13
calc_dirac_mu 6396.72895959371 15248.687254476452 137.035999139
Error 5.023893600711385e-05
Delta E 0.00023481017888116185
Energy -3530.177805547559
Converged?  5.023893600711385e-05  >  9.999999999999999e-06   ----   0.00023481017888116185  >  1e-07   ----  iteration 14
Classic-like energies: cke = 7149.48514607351, cpe = -10347.860686500026, cke + cpe = -3198.3755404265157
Exact Energy = -3532.192093162126
Dirac Energy = -3530.1778921175483
Kutze Energy = -3530.1914267964717
Error Kutze  = 2.00066636565316
Error Dirac  = 2.0142010445779306
Delta Energy = -8.656998943479266e-05
Dirac - Kutzelnigg = 0.01353467892477056

PARAMETERS:
molecule    = [['Hg', 80, 0.1, 0.2, 0.3, 54, 54]]
D2          = False
prec        = 6
derivative  = BS
box         = 1

-------------------------------
Hg 0 0 6 BS 1
-------------------------------
Now executing: python test.py Input_Making/input__Hg006PH.txt
Input file: Input_Making/input__Hg006PH.txt
Output file: outputs/output__Hg006PH.txt
light_speed = 137.03599913900001  # default 137.03599913900001
derivative = "PH"         # possible values: PH, ABGV, BS
order = 9
box = 1
prec = 1.0e-6                 # precision threshold for the MRA operations
thr  = 1.0e-5                  # error threshold for SCF convergence

readPotential    = False         # bool
computePotential = True         # bool 
savePotential    = False         # bool
potential = "fermi_dirac"       # possible values: point_charge coulomb_HFYGB homogeneus_charge_sphere gaussian

readOrbitals     = False         # bool
saveOrbitals     = False         # bool
saveGuess        = False

scf              = True
ktrs             = False
D2               = False         # bool
two_electrons    = False         # bool

runGaunt         = False
runGaugeA        = False
runGaugeB        = False
runGaugeC        = False
runGaugeD        = False
runGaugeDelta    = False

molecule = [ ["Hg", 80, 0.1, 0.2, 0.3, 54, 54] ]

# With the paramenters I got from Robert, the error is (1) higher than
#  what he gets and (2) dominated by the width of the Gaussian
# I get a much better agreement with the ideal value IF the Gaussian
#  size is reduced by one order of magnitude 3e4->3e5 for Ar
# It seems the position of the nucleus is also important: I get bad
#  results from D2 if I move the nucleus
# Higher prec with off centered nucleus is too demanding for my laptop

**************************************
80 [0.1, 0.2, 0.3]
Fermi Dirac potential
Using Half Charge Radius for Hg: 0.00012485722724
Integral of the Fermi-Dirac distribution via cartesian 3D integration: 8.658786291111504
The normalization constant is: 9.239170168932604
Integral of the Fermi-Dirac distribution via 3D integration: 80.00000000000003
3D density

*FunctionTree: nn
  genNodes: 0
  square norm: 5.70217e+14
  root scale: 0
  order: 9
  nodes: 240
  endNodes: 211
  nodes per scale: 
    scale=0  nodes=8
    scale=1  nodes=8
    scale=2  nodes=8
    scale=3  nodes=8
    scale=4  nodes=8
    scale=5  nodes=8
    scale=6  nodes=8
    scale=7  nodes=8
    scale=8  nodes=8
    scale=9  nodes=8
    scale=10  nodes=16
    scale=11  nodes=96
    scale=12  nodes=16
    scale=13  nodes=32

3D potential

*FunctionTree: nn
  genNodes: 0
  square norm: 95063.9
  root scale: 0
  order: 9
  nodes: 1288
  endNodes: 1128
  nodes per scale: 
    scale=0  nodes=8
    scale=1  nodes=64
    scale=2  nodes=88
    scale=3  nodes=88
    scale=4  nodes=88
    scale=5  nodes=88
    scale=6  nodes=88
    scale=7  nodes=88
    scale=8  nodes=88
    scale=9  nodes=88
    scale=10  nodes=88
    scale=11  nodes=88
    scale=12  nodes=88
    scale=13  nodes=88
    scale=14  nodes=160

Potential

*FunctionTree: nn
  genNodes: 0
  square norm: 95063.9
  root scale: 0
  order: 9
  nodes: 1288
  endNodes: 1128
  nodes per scale: 
    scale=0  nodes=8
    scale=1  nodes=64
    scale=2  nodes=88
    scale=3  nodes=88
    scale=4  nodes=88
    scale=5  nodes=88
    scale=6  nodes=88
    scale=7  nodes=88
    scale=8  nodes=88
    scale=9  nodes=88
    scale=10  nodes=88
    scale=11  nodes=88
    scale=12  nodes=88
    scale=13  nodes=88
    scale=14  nodes=160

Number of Atoms =  1
[['Hg', 80, 0.1, 0.2, 0.3, 54, 54]]
Using derivative  PH
One-electron calculations 1e-06
calc_dirac_mu 6267.726825592308 15327.91494795362 137.035999139
Error 0.045456979965377974
Delta E 15327.91494795362
Energy -3450.95011207039
Converged?  0.045456979965377974  >  9.999999999999999e-06   ----   15327.91494795362  >  1e-07   ----  iteration 0
calc_dirac_mu 6328.301521559148 15290.763637244767 137.035999139
Error 0.03263997251033844
Delta E 37.151310708854
Energy -3488.101422779244
Converged?  0.03263997251033844  >  9.999999999999999e-06   ----   37.151310708854  >  1e-07   ----  iteration 1
calc_dirac_mu 6367.445875567696 15266.707767829266 137.035999139
Error 0.019713157625691022
Delta E 24.055869415500638
Energy -3512.1572921947445
Converged?  0.019713157625691022  >  9.999999999999999e-06   ----   24.055869415500638  >  1e-07   ----  iteration 2
calc_dirac_mu 6385.035718735433 15255.885709359012 137.035999139
Error 0.01298236857054794
Delta E 10.822058470253978
Energy -3522.9793506649985
Converged?  0.01298236857054794  >  9.999999999999999e-06   ----   10.822058470253978  >  1e-07   ----  iteration 3
calc_dirac_mu 6392.21028533832 15251.469390157945 137.035999139
Error 0.007817425497824172
Delta E 4.416319201067381
Energy -3527.395669866066
Converged?  0.007817425497824172  >  9.999999999999999e-06   ----   4.416319201067381  >  1e-07   ----  iteration 4
calc_dirac_mu 6395.016657334439 15249.741574135 137.035999139
Error 0.00483158721057482
Delta E 1.7278160229452624
Energy -3529.123485889011
Converged?  0.00483158721057482  >  9.999999999999999e-06   ----   1.7278160229452624  >  1e-07   ----  iteration 5
calc_dirac_mu 6396.086340049546 15249.082944575302 137.035999139
Error 0.002884058573028092
Delta E 0.6586295596971468
Energy -3529.7821154487083
Converged?  0.002884058573028092  >  9.999999999999999e-06   ----   0.6586295596971468  >  1e-07   ----  iteration 6
calc_dirac_mu 6396.488708419353 15248.835189260075 137.035999139
Error 0.0017485530342619237
Delta E 0.24775531522755045
Energy -3530.029870763936
Converged?  0.0017485530342619237  >  9.999999999999999e-06   ----   0.24775531522755045  >  1e-07   ----  iteration 7
calc_dirac_mu 6396.6387228425 15248.742817970504 137.035999139
Error 0.0010448284335797173
Delta E 0.09237128957101959
Energy -3530.122242053507
Converged?  0.0010448284335797173  >  9.999999999999999e-06   ----   0.09237128957101959  >  1e-07   ----  iteration 8
calc_dirac_mu 6396.694365766348 15248.708555731811 137.035999139
Error 0.0006307940362626115
Delta E 0.03426223869246314
Energy -3530.1565042921993
Converged?  0.0006307940362626115  >  9.999999999999999e-06   ----   0.03426223869246314  >  1e-07   ----  iteration 9
calc_dirac_mu 6396.714936375268 15248.695889319828 137.035999139
Error 0.0003784051239723457
Delta E 0.012666411983445869
Energy -3530.1691707041828
Converged?  0.0003784051239723457  >  9.999999999999999e-06   ----   0.012666411983445869  >  1e-07   ----  iteration 10
calc_dirac_mu 6396.722530676116 15248.691213104441 137.035999139
Error 0.00022850840724718467
Delta E 0.004676215387007687
Energy -3530.1738469195698
Converged?  0.00022850840724718467  >  9.999999999999999e-06   ----   0.004676215387007687  >  1e-07   ----  iteration 11
calc_dirac_mu 6396.725336078563 15248.68948566842 137.035999139
Error 0.00013759636295925329
Delta E 0.0017274360216106288
Energy -3530.1755743555914
Converged?  0.00013759636295925329  >  9.999999999999999e-06   ----   0.0017274360216106288  >  1e-07   ----  iteration 12
calc_dirac_mu 6396.726368037684 15248.68885023606 137.035999139
Error 8.319776147577214e-05
Delta E 0.000635432359558763
Energy -3530.176209787951
Converged?  8.319776147577214e-05  >  9.999999999999999e-06   ----   0.000635432359558763  >  1e-07   ----  iteration 13
calc_dirac_mu 6396.726745743472 15248.688617662421 137.035999139
Error 5.02381221348888e-05
Delta E 0.00023257363864104263
Energy -3530.1764423615896
Converged?  5.02381221348888e-05  >  9.999999999999999e-06   ----   0.00023257363864104263  >  1e-07   ----  iteration 14
Classic-like energies: cke = 7149.577930714258, cpe = -10347.88394297386, cke + cpe = -3198.3060122596016
Exact Energy = -3532.192093162126
Dirac Energy = -3530.176528392074
Kutze Energy = -3530.1058025362895
Error Kutze  = 2.0862906258371368
Error Dirac  = 2.0155647700521513
Delta Energy = -8.603048445365857e-05
Dirac - Kutzelnigg = -0.07072585578498547

PARAMETERS:
molecule    = [['Hg', 80, 0.1, 0.2, 0.3, 54, 54]]
D2          = False
prec        = 6
derivative  = PH
box         = 1

-------------------------------
Hg 0 0 6 PH 1
-------------------------------
Now executing: python test.py Input_Making/input__Hg007ABGV.txt
Input file: Input_Making/input__Hg007ABGV.txt
Output file: outputs/output__Hg007ABGV.txt
light_speed = 137.03599913900001  # default 137.03599913900001
derivative = "ABGV"         # possible values: PH, ABGV, BS
order = 10
box = 1
prec = 1.0e-7                 # precision threshold for the MRA operations
thr  = 1.0e-6                  # error threshold for SCF convergence

readPotential    = False         # bool
computePotential = True         # bool 
savePotential    = False         # bool
potential = "fermi_dirac"       # possible values: point_charge coulomb_HFYGB homogeneus_charge_sphere gaussian

readOrbitals     = False         # bool
saveOrbitals     = False         # bool
saveGuess        = False

scf              = True
ktrs             = False
D2               = False         # bool
two_electrons    = False         # bool

runGaunt         = False
runGaugeA        = False
runGaugeB        = False
runGaugeC        = False
runGaugeD        = False
runGaugeDelta    = False

molecule = [ ["Hg", 80, 0.1, 0.2, 0.3, 54, 54] ]

# With the paramenters I got from Robert, the error is (1) higher than
#  what he gets and (2) dominated by the width of the Gaussian
# I get a much better agreement with the ideal value IF the Gaussian
#  size is reduced by one order of magnitude 3e4->3e5 for Ar
# It seems the position of the nucleus is also important: I get bad
#  results from D2 if I move the nucleus
# Higher prec with off centered nucleus is too demanding for my laptop

**************************************
80 [0.1, 0.2, 0.3]
Fermi Dirac potential
Using Half Charge Radius for Hg: 0.00012485722724
Integral of the Fermi-Dirac distribution via cartesian 3D integration: 8.658788729144284
The normalization constant is: 9.239167567483323
Integral of the Fermi-Dirac distribution via 3D integration: 79.99999999999997
3D density

*FunctionTree: nn
  genNodes: 0
  square norm: 5.70217e+14
  root scale: 0
  order: 10
  nodes: 304
  endNodes: 267
  nodes per scale: 
    scale=0  nodes=8
    scale=1  nodes=8
    scale=2  nodes=8
    scale=3  nodes=8
    scale=4  nodes=8
    scale=5  nodes=8
    scale=6  nodes=8
    scale=7  nodes=8
    scale=8  nodes=8
    scale=9  nodes=8
    scale=10  nodes=16
    scale=11  nodes=96
    scale=12  nodes=16
    scale=13  nodes=40
    scale=14  nodes=56

3D potential

*FunctionTree: nn
  genNodes: 0
  square norm: 95063.9
  root scale: 0
  order: 10
  nodes: 1496
  endNodes: 1310
  nodes per scale: 
    scale=0  nodes=8
    scale=1  nodes=64
    scale=2  nodes=104
    scale=3  nodes=104
    scale=4  nodes=104
    scale=5  nodes=104
    scale=6  nodes=104
    scale=7  nodes=104
    scale=8  nodes=104
    scale=9  nodes=104
    scale=10  nodes=96
    scale=11  nodes=104
    scale=12  nodes=96
    scale=13  nodes=112
    scale=14  nodes=184

Potential

*FunctionTree: nn
  genNodes: 0
  square norm: 95063.9
  root scale: 0
  order: 10
  nodes: 1496
  endNodes: 1310
  nodes per scale: 
    scale=0  nodes=8
    scale=1  nodes=64
    scale=2  nodes=104
    scale=3  nodes=104
    scale=4  nodes=104
    scale=5  nodes=104
    scale=6  nodes=104
    scale=7  nodes=104
    scale=8  nodes=104
    scale=9  nodes=104
    scale=10  nodes=96
    scale=11  nodes=104
    scale=12  nodes=96
    scale=13  nodes=112
    scale=14  nodes=184

Number of Atoms =  1
[['Hg', 80, 0.1, 0.2, 0.3, 54, 54]]
Using derivative  ABGV
One-electron calculations 1e-07
calc_dirac_mu 6267.727990047152 15327.914234642614 137.035999139
Error 0.04545703316918565
Delta E 15327.914234642614
Energy -3450.9508253813965
Converged?  0.04545703316918565  >  1e-06   ----   15327.914234642614  >  1e-08   ----  iteration 0
calc_dirac_mu 6328.299854690903 15290.764660800343 137.035999139
Error 0.03263990326419392
Delta E 37.14957384227091
Energy -3488.1003992236674
Converged?  0.03263990326419392  >  1e-06   ----   37.14957384227091  >  1e-08   ----  iteration 1
calc_dirac_mu 6367.4443193760835 15266.70872492859 137.035999139
Error 0.019713121469343193
Delta E 24.05593587175281
Energy -3512.15633509542
Converged?  0.019713121469343193  >  1e-06   ----   24.05593587175281  >  1e-08   ----  iteration 2
calc_dirac_mu 6385.034143153469 15255.886679071316 137.035999139
Error 0.012982346074002239
Delta E 10.822045857274134
Energy -3522.9783809526944
Converged?  0.012982346074002239  >  1e-06   ----   10.822045857274134  >  1e-08   ----  iteration 3
calc_dirac_mu 6392.20855185015 15251.470457364601 137.035999139
Error 0.007817406240302182
Delta E 4.416221706715078
Energy -3527.3946026594094
Converged?  0.007817406240302182  >  1e-06   ----   4.416221706715078  >  1e-08   ----  iteration 4
calc_dirac_mu 6395.014974706385 15249.742610147445 137.035999139
Error 0.004831577786234403
Delta E 1.7278472171565227
Energy -3529.122449876566
Converged?  0.004831577786234403  >  1e-06   ----   1.7278472171565227  >  1e-08   ----  iteration 5
calc_dirac_mu 6396.085221330502 15249.083633412578 137.035999139
Error 0.0028840745541643923
Delta E 0.6589767348668829
Energy -3529.781426611433
Converged?  0.0028840745541643923  >  1e-06   ----   0.6589767348668829  >  1e-08   ----  iteration 6
calc_dirac_mu 6396.487551629814 15248.835901550354 137.035999139
Error 0.0017485597318573807
Delta E 0.24773186222410004
Energy -3530.029158473657
Converged?  0.0017485597318573807  >  1e-06   ----   0.24773186222410004  >  1e-08   ----  iteration 7
calc_dirac_mu 6396.6375745660125 15248.743525023176 137.035999139
Error 0.0010448324373390212
Delta E 0.0923765271782031
Energy -3530.121535000835
Converged?  0.0010448324373390212  >  1e-06   ----   0.0923765271782031  >  1e-08   ----  iteration 8
calc_dirac_mu 6396.693233844517 15248.70925271565 137.035999139
Error 0.0006307967727230396
Delta E 0.03427230752640753
Energy -3530.1558073083615
Converged?  0.0006307967727230396  >  1e-06   ----   0.03427230752640753  >  1e-08   ----  iteration 9
calc_dirac_mu 6396.713814244266 15248.696580275511 137.035999139
Error 0.0003784070164554763
Delta E 0.012672440137976082
Energy -3530.1684797484995
Converged?  0.0003784070164554763  >  1e-06   ----   0.012672440137976082  >  1e-08   ----  iteration 10
calc_dirac_mu 6396.7214308091925 15248.691890351156 137.035999139
Error 0.000228510288082053
Delta E 0.00468992435526161
Energy -3530.173169672855
Converged?  0.000228510288082053  >  1e-06   ----   0.00468992435526161  >  1e-08   ----  iteration 11
calc_dirac_mu 6396.724240418701 15248.690160324699 137.035999139
Error 0.00013759756854879888
Delta E 0.0017300264571531443
Energy -3530.174899699312
Converged?  0.00013759756854879888  >  1e-06   ----   0.0017300264571531443  >  1e-08   ----  iteration 12
calc_dirac_mu 6396.725274187052 15248.689523778328 137.035999139
Error 8.319850772534244e-05
Delta E 0.0006365463705151342
Energy -3530.1755362456825
Converged?  8.319850772534244e-05  >  1e-06   ----   0.0006365463705151342  >  1e-08   ----  iteration 13
calc_dirac_mu 6396.725680316657 15248.689273702637 137.035999139
Error 5.023962240997281e-05
Delta E 0.00025007569092849735
Energy -3530.1757863213734
Converged?  5.023962240997281e-05  >  1e-06   ----   0.00025007569092849735  >  1e-08   ----  iteration 14
Classic-like energies: cke = 7149.492395011969, cpe = -10347.861547095303, cke + cpe = -3198.3691520833336
Exact Energy = -3532.192093162126
Dirac Energy = -3530.1758725479904
Kutze Energy = -3530.1835595021407
Error Kutze  = 2.0085336599840957
Error Dirac  = 2.0162206141358183
Delta Energy = -8.62266169860959e-05
Dirac - Kutzelnigg = 0.0076869541517226025

PARAMETERS:
molecule    = [['Hg', 80, 0.1, 0.2, 0.3, 54, 54]]
D2          = False
prec        = 7
derivative  = ABGV
box         = 1

-------------------------------
Hg 0 0 7 ABGV 1
-------------------------------
Now executing: python test.py Input_Making/input__Hg007BS.txt
Input file: Input_Making/input__Hg007BS.txt
Output file: outputs/output__Hg007BS.txt
light_speed = 137.03599913900001  # default 137.03599913900001
derivative = "BS"         # possible values: PH, ABGV, BS
order = 10
box = 1
prec = 1.0e-7                 # precision threshold for the MRA operations
thr  = 1.0e-6                  # error threshold for SCF convergence

readPotential    = False         # bool
computePotential = True         # bool 
savePotential    = False         # bool
potential = "fermi_dirac"       # possible values: point_charge coulomb_HFYGB homogeneus_charge_sphere gaussian

readOrbitals     = False         # bool
saveOrbitals     = False         # bool
saveGuess        = False

scf              = True
ktrs             = False
D2               = False         # bool
two_electrons    = False         # bool

runGaunt         = False
runGaugeA        = False
runGaugeB        = False
runGaugeC        = False
runGaugeD        = False
runGaugeDelta    = False

molecule = [ ["Hg", 80, 0.1, 0.2, 0.3, 54, 54] ]

# With the paramenters I got from Robert, the error is (1) higher than
#  what he gets and (2) dominated by the width of the Gaussian
# I get a much better agreement with the ideal value IF the Gaussian
#  size is reduced by one order of magnitude 3e4->3e5 for Ar
# It seems the position of the nucleus is also important: I get bad
#  results from D2 if I move the nucleus
# Higher prec with off centered nucleus is too demanding for my laptop

**************************************
80 [0.1, 0.2, 0.3]
Fermi Dirac potential
Using Half Charge Radius for Hg: 0.00012485722724
Integral of the Fermi-Dirac distribution via cartesian 3D integration: 8.658788729144284
The normalization constant is: 9.239167567483323
Integral of the Fermi-Dirac distribution via 3D integration: 79.99999999999997
3D density

*FunctionTree: nn
  genNodes: 0
  square norm: 5.70217e+14
  root scale: 0
  order: 10
  nodes: 304
  endNodes: 267
  nodes per scale: 
    scale=0  nodes=8
    scale=1  nodes=8
    scale=2  nodes=8
    scale=3  nodes=8
    scale=4  nodes=8
    scale=5  nodes=8
    scale=6  nodes=8
    scale=7  nodes=8
    scale=8  nodes=8
    scale=9  nodes=8
    scale=10  nodes=16
    scale=11  nodes=96
    scale=12  nodes=16
    scale=13  nodes=40
    scale=14  nodes=56

3D potential

*FunctionTree: nn
  genNodes: 0
  square norm: 95063.9
  root scale: 0
  order: 10
  nodes: 1496
  endNodes: 1310
  nodes per scale: 
    scale=0  nodes=8
    scale=1  nodes=64
    scale=2  nodes=104
    scale=3  nodes=104
    scale=4  nodes=104
    scale=5  nodes=104
    scale=6  nodes=104
    scale=7  nodes=104
    scale=8  nodes=104
    scale=9  nodes=104
    scale=10  nodes=96
    scale=11  nodes=104
    scale=12  nodes=96
    scale=13  nodes=112
    scale=14  nodes=184

Potential

*FunctionTree: nn
  genNodes: 0
  square norm: 95063.9
  root scale: 0
  order: 10
  nodes: 1496
  endNodes: 1310
  nodes per scale: 
    scale=0  nodes=8
    scale=1  nodes=64
    scale=2  nodes=104
    scale=3  nodes=104
    scale=4  nodes=104
    scale=5  nodes=104
    scale=6  nodes=104
    scale=7  nodes=104
    scale=8  nodes=104
    scale=9  nodes=104
    scale=10  nodes=96
    scale=11  nodes=104
    scale=12  nodes=96
    scale=13  nodes=112
    scale=14  nodes=184

Number of Atoms =  1
[['Hg', 80, 0.1, 0.2, 0.3, 54, 54]]
Using derivative  BS
One-electron calculations 1e-07
calc_dirac_mu 6267.728240519105 15327.91408121081 137.035999139
Error 0.04545704084190123
Delta E 15327.91408121081
Energy -3450.9509788132
Converged?  0.04545704084190123  >  1e-06   ----   15327.91408121081  >  1e-08   ----  iteration 0
calc_dirac_mu 6328.302802671528 15290.762850566032 137.035999139
Error 0.032640007067794276
Delta E 37.15123064477848
Energy -3488.1022094579785
Converged?  0.032640007067794276  >  1e-06   ----   37.15123064477848  >  1e-08   ----  iteration 1
calc_dirac_mu 6367.447255646415 15266.706919044016 137.035999139
Error 0.019713180473141703
Delta E 24.05593152201618
Energy -3512.1581409799946
Converged?  0.019713180473141703  >  1e-06   ----   24.05593152201618  >  1e-08   ----  iteration 2
calc_dirac_mu 6385.037163321175 15255.884820269974 137.035999139
Error 0.012982383358991158
Delta E 10.822098774042388
Energy -3522.980239754037
Converged?  0.012982383358991158  >  1e-06   ----   10.822098774042388  >  1e-08   ----  iteration 3
calc_dirac_mu 6392.211764779231 15251.468479353178 137.035999139
Error 0.007817434900060852
Delta E 4.416340916795889
Energy -3527.396580670833
Converged?  0.007817434900060852  >  1e-06   ----   4.416340916795889  >  1e-08   ----  iteration 4
calc_dirac_mu 6395.018210909826 15249.740617581627 137.035999139
Error 0.004831595228095145
Delta E 1.7278617715510336
Energy -3529.124442442384
Converged?  0.004831595228095145  >  1e-06   ----   1.7278617715510336  >  1e-08   ----  iteration 5
calc_dirac_mu 6396.088475034494 15249.081629984907 137.035999139
Error 0.0028840853610294956
Delta E 0.6589875967201806
Energy -3529.783430039104
Converged?  0.0028840853610294956  >  1e-06   ----   0.6589875967201806  >  1e-08   ----  iteration 6
calc_dirac_mu 6396.490898753703 15248.83384056706 137.035999139
Error 0.0017485696787728517
Delta E 0.24778941784643393
Energy -3530.0312194569506
Converged?  0.0017485696787728517  >  1e-06   ----   0.24778941784643393  >  1e-08   ----  iteration 7
calc_dirac_mu 6396.640925997298 15248.741461375112 137.035999139
Error 0.0010448383256882793
Delta E 0.09237919194856659
Energy -3530.123598648899
Converged?  0.0010448383256882793  >  1e-06   ----   0.09237919194856659  >  1e-08   ----  iteration 8
calc_dirac_mu 6396.696585299006 15248.707189048659 137.035999139
Error 0.0006308002407880045
Delta E 0.034272326452992274
Energy -3530.157870975352
Converged?  0.0006308002407880045  >  1e-06   ----   0.034272326452992274  >  1e-08   ----  iteration 9
calc_dirac_mu 6396.717175440824 15248.694510608097 137.035999139
Error 0.00037840943892497727
Delta E 0.012678440562012838
Energy -3530.170549415914
Converged?  0.00037840943892497727  >  1e-06   ----   0.012678440562012838  >  1e-08   ----  iteration 10
calc_dirac_mu 6396.724779711529 15248.689828253313 137.035999139
Error 0.00022851125414300474
Delta E 0.004682354783653864
Energy -3530.175231770698
Converged?  0.00022851125414300474  >  1e-06   ----   0.004682354783653864  >  1e-08   ----  iteration 11
calc_dirac_mu 6396.727585279672 15248.688100715106 137.035999139
Error 0.0001375980168142543
Delta E 0.0017275382069783518
Energy -3530.1769593089048
Converged?  0.0001375980168142543  >  1e-06   ----   0.0017275382069783518  >  1e-08   ----  iteration 12
calc_dirac_mu 6396.728619881065 15248.6874636557 137.035999139
Error 8.319882771790847e-05
Delta E 0.0006370594055624679
Energy -3530.1775963683103
Converged?  8.319882771790847e-05  >  1e-06   ----   0.0006370594055624679  >  1e-08   ----  iteration 13
calc_dirac_mu 6396.729001260052 15248.687228820256 137.035999139
Error 5.023888648652498e-05
Delta E 0.0002348354446439771
Energy -3530.177831203755
Converged?  5.023888648652498e-05  >  1e-06   ----   0.0002348354446439771  >  1e-08   ----  iteration 14
Classic-like energies: cke = 7149.497336060194, cpe = -10347.862489853798, cke + cpe = -3198.365153793604
Exact Energy = -3532.192093162126
Dirac Energy = -3530.177917760082
Kutze Energy = -3530.178635579296
Error Kutze  = 2.013457582830597
Error Dirac  = 2.014175402044202
Delta Energy = -8.655632700538263e-05
Dirac - Kutzelnigg = 0.000717819213605253

PARAMETERS:
molecule    = [['Hg', 80, 0.1, 0.2, 0.3, 54, 54]]
D2          = False
prec        = 7
derivative  = BS
box         = 1

-------------------------------
Hg 0 0 7 BS 1
-------------------------------
Now executing: python test.py Input_Making/input__Hg007PH.txt
Input file: Input_Making/input__Hg007PH.txt
Output file: outputs/output__Hg007PH.txt
light_speed = 137.03599913900001  # default 137.03599913900001
derivative = "PH"         # possible values: PH, ABGV, BS
order = 10
box = 1
prec = 1.0e-7                 # precision threshold for the MRA operations
thr  = 1.0e-6                  # error threshold for SCF convergence

readPotential    = False         # bool
computePotential = True         # bool 
savePotential    = False         # bool
potential = "fermi_dirac"       # possible values: point_charge coulomb_HFYGB homogeneus_charge_sphere gaussian

readOrbitals     = False         # bool
saveOrbitals     = False         # bool
saveGuess        = False

scf              = True
ktrs             = False
D2               = False         # bool
two_electrons    = False         # bool

runGaunt         = False
runGaugeA        = False
runGaugeB        = False
runGaugeC        = False
runGaugeD        = False
runGaugeDelta    = False

molecule = [ ["Hg", 80, 0.1, 0.2, 0.3, 54, 54] ]

# With the paramenters I got from Robert, the error is (1) higher than
#  what he gets and (2) dominated by the width of the Gaussian
# I get a much better agreement with the ideal value IF the Gaussian
#  size is reduced by one order of magnitude 3e4->3e5 for Ar
# It seems the position of the nucleus is also important: I get bad
#  results from D2 if I move the nucleus
# Higher prec with off centered nucleus is too demanding for my laptop

**************************************
80 [0.1, 0.2, 0.3]
Fermi Dirac potential
Using Half Charge Radius for Hg: 0.00012485722724
Integral of the Fermi-Dirac distribution via cartesian 3D integration: 8.658788729144284
The normalization constant is: 9.239167567483323
Integral of the Fermi-Dirac distribution via 3D integration: 79.99999999999997
3D density

*FunctionTree: nn
  genNodes: 0
  square norm: 5.70217e+14
  root scale: 0
  order: 10
  nodes: 304
  endNodes: 267
  nodes per scale: 
    scale=0  nodes=8
    scale=1  nodes=8
    scale=2  nodes=8
    scale=3  nodes=8
    scale=4  nodes=8
    scale=5  nodes=8
    scale=6  nodes=8
    scale=7  nodes=8
    scale=8  nodes=8
    scale=9  nodes=8
    scale=10  nodes=16
    scale=11  nodes=96
    scale=12  nodes=16
    scale=13  nodes=40
    scale=14  nodes=56

3D potential

*FunctionTree: nn
  genNodes: 0
  square norm: 95063.9
  root scale: 0
  order: 10
  nodes: 1496
  endNodes: 1310
  nodes per scale: 
    scale=0  nodes=8
    scale=1  nodes=64
    scale=2  nodes=104
    scale=3  nodes=104
    scale=4  nodes=104
    scale=5  nodes=104
    scale=6  nodes=104
    scale=7  nodes=104
    scale=8  nodes=104
    scale=9  nodes=104
    scale=10  nodes=96
    scale=11  nodes=104
    scale=12  nodes=96
    scale=13  nodes=112
    scale=14  nodes=184

Potential

*FunctionTree: nn
  genNodes: 0
  square norm: 95063.9
  root scale: 0
  order: 10
  nodes: 1496
  endNodes: 1310
  nodes per scale: 
    scale=0  nodes=8
    scale=1  nodes=64
    scale=2  nodes=104
    scale=3  nodes=104
    scale=4  nodes=104
    scale=5  nodes=104
    scale=6  nodes=104
    scale=7  nodes=104
    scale=8  nodes=104
    scale=9  nodes=104
    scale=10  nodes=96
    scale=11  nodes=104
    scale=12  nodes=96
    scale=13  nodes=112
    scale=14  nodes=184

Number of Atoms =  1
[['Hg', 80, 0.1, 0.2, 0.3, 54, 54]]
Using derivative  PH
One-electron calculations 1e-07
calc_dirac_mu 6267.728337892041 15327.914021562994 137.035999139
Error 0.04545704380859211
Delta E 15327.914021562994
Energy -3450.9510384610167
Converged?  0.04545704380859211  >  1e-06   ----   15327.914021562994  >  1e-08   ----  iteration 0
calc_dirac_mu 6328.303051299015 15290.762697894053 137.035999139
Error 0.03264001459744271
Delta E 37.15132366894068
Energy -3488.1023621299573
Converged?  0.03264001459744271  >  1e-06   ----   37.15132366894068  >  1e-08   ----  iteration 1
calc_dirac_mu 6367.447498462435 15266.706769705677 137.035999139
Error 0.019713184640519573
Delta E 24.05592818837613
Energy -3512.1582903183335
Converged?  0.019713184640519573  >  1e-06   ----   24.05592818837613  >  1e-08   ----  iteration 2
calc_dirac_mu 6385.037430960631 15255.884655547792 137.035999139
Error 0.012982386701917118
Delta E 10.822114157885153
Energy -3522.9804044762186
Converged?  0.012982386701917118  >  1e-06   ----   10.822114157885153  >  1e-08   ----  iteration 3
calc_dirac_mu 6392.212034500161 15251.468313301857 137.035999139
Error 0.007817436902087851
Delta E 4.416342245935084
Energy -3527.3967467221537
Converged?  0.007817436902087851  >  1e-06   ----   4.416342245935084  >  1e-08   ----  iteration 4
calc_dirac_mu 6395.018489506269 15249.74044604674 137.035999139
Error 0.004831596732138299
Delta E 1.7278672551165073
Energy -3529.12461397727
Converged?  0.004831596732138299  >  1e-06   ----   1.7278672551165073  >  1e-08   ----  iteration 5
calc_dirac_mu 6396.088749672337 15249.081460880067 137.035999139
Error 0.002884086084392245
Delta E 0.6589851666740287
Energy -3529.7835991439442
Converged?  0.002884086084392245  >  1e-06   ----   0.6589851666740287  >  1e-08   ----  iteration 6
calc_dirac_mu 6396.491168515251 15248.83367446204 137.035999139
Error 0.001748569928789768
Delta E 0.24778641802731727
Energy -3530.0313855619715
Converged?  0.001748569928789768  >  1e-06   ----   0.24778641802731727  >  1e-08   ----  iteration 7
calc_dirac_mu 6396.641196061046 15248.741295083004 137.035999139
Error 0.0010448385000249348
Delta E 0.09237937903526472
Energy -3530.123764941007
Converged?  0.0010448385000249348  >  1e-06   ----   0.09237937903526472  >  1e-08   ----  iteration 8
calc_dirac_mu 6396.696857166879 15248.707021645283 137.035999139
Error 0.0006308004200009558
Delta E 0.034273437720912625
Energy -3530.1580383787277
Converged?  0.0006308004200009558  >  1e-06   ----   0.034273437720912625  >  1e-08   ----  iteration 9
calc_dirac_mu 6396.717447420205 15248.69434313592 137.035999139
Error 0.0003784095505273532
Delta E 0.012678509363468038
Energy -3530.170716888091
Converged?  0.0003784095505273532  >  1e-06   ----   0.012678509363468038  >  1e-08   ----  iteration 10
calc_dirac_mu 6396.7250577463365 15248.689657052435 137.035999139
Error 0.0002285115514820493
Delta E 0.004686083484557457
Energy -3530.1754029715757
Converged?  0.0002285115514820493  >  1e-06   ----   0.004686083484557457  >  1e-08   ----  iteration 11
calc_dirac_mu 6396.727863349918 15248.687929492387 137.035999139
Error 0.00013759818355515115
Delta E 0.0017275600475841202
Energy -3530.1771305316233
Converged?  0.00013759818355515115  >  1e-06   ----   0.0017275600475841202  >  1e-08   ----  iteration 12
calc_dirac_mu 6396.7288983713825 15248.687292174314 137.035999139
Error 8.319893990921933e-05
Delta E 0.0006373180731316097
Energy -3530.1777678496965
Converged?  8.319893990921933e-05  >  1e-06   ----   0.0006373180731316097  >  1e-08   ----  iteration 13
calc_dirac_mu 6396.72928066088 15248.687056778217 137.035999139
Error 5.023898520642261e-05
Delta E 0.0002353960971959168
Energy -3530.1780032457937
Converged?  5.023898520642261e-05  >  1e-06   ----   0.0002353960971959168  >  1e-08   ----  iteration 14
Classic-like energies: cke = 7149.4997131107675, cpe = -10347.862247790672, cke + cpe = -3198.3625346799045
Exact Energy = -3532.192093162126
Dirac Energy = -3530.1780898069173
Kutze Energy = -3530.1754101226134
Error Kutze  = 2.0166830395137367
Error Dirac  = 2.0140033552088425
Delta Energy = -8.656112368043978e-05
Dirac - Kutzelnigg = -0.002679684304894181

PARAMETERS:
molecule    = [['Hg', 80, 0.1, 0.2, 0.3, 54, 54]]
D2          = False
prec        = 7
derivative  = PH
box         = 1

-------------------------------
Hg 0 0 7 PH 1
-------------------------------
Now executing: python test.py Input_Making/input__Hg008ABGV.txt
Input file: Input_Making/input__Hg008ABGV.txt
Output file: outputs/output__Hg008ABGV.txt
light_speed = 137.03599913900001  # default 137.03599913900001
derivative = "ABGV"         # possible values: PH, ABGV, BS
order = 11
box = 1
prec = 1.0e-8                 # precision threshold for the MRA operations
thr  = 1.0e-7                  # error threshold for SCF convergence

readPotential    = False         # bool
computePotential = True         # bool 
savePotential    = False         # bool
potential = "fermi_dirac"       # possible values: point_charge coulomb_HFYGB homogeneus_charge_sphere gaussian

readOrbitals     = False         # bool
saveOrbitals     = False         # bool
saveGuess        = False

scf              = True
ktrs             = False
D2               = False         # bool
two_electrons    = False         # bool

runGaunt         = False
runGaugeA        = False
runGaugeB        = False
runGaugeC        = False
runGaugeD        = False
runGaugeDelta    = False

molecule = [ ["Hg", 80, 0.1, 0.2, 0.3, 54, 54] ]

# With the paramenters I got from Robert, the error is (1) higher than
#  what he gets and (2) dominated by the width of the Gaussian
# I get a much better agreement with the ideal value IF the Gaussian
#  size is reduced by one order of magnitude 3e4->3e5 for Ar
# It seems the position of the nucleus is also important: I get bad
#  results from D2 if I move the nucleus
# Higher prec with off centered nucleus is too demanding for my laptop

**************************************
80 [0.1, 0.2, 0.3]
Fermi Dirac potential
Using Half Charge Radius for Hg: 0.00012485722724
Integral of the Fermi-Dirac distribution via cartesian 3D integration: 8.658788732986022
The normalization constant is: 9.23916756338408
Integral of the Fermi-Dirac distribution via 3D integration: 79.99999999999996
3D density

*FunctionTree: nn
  genNodes: 0
  square norm: 5.70217e+14
  root scale: 0
  order: 11
  nodes: 392
  endNodes: 344
  nodes per scale: 
    scale=0  nodes=8
    scale=1  nodes=8
    scale=2  nodes=8
    scale=3  nodes=8
    scale=4  nodes=8
    scale=5  nodes=8
    scale=6  nodes=8
    scale=7  nodes=8
    scale=8  nodes=8
    scale=9  nodes=8
    scale=10  nodes=16
    scale=11  nodes=96
    scale=12  nodes=16
    scale=13  nodes=56
    scale=14  nodes=128

3D potential

*FunctionTree: nn
  genNodes: 0
  square norm: 95063.9
  root scale: 0
  order: 11
  nodes: 1808
  endNodes: 1583
  nodes per scale: 
    scale=0  nodes=8
    scale=1  nodes=64
    scale=2  nodes=120
    scale=3  nodes=112
    scale=4  nodes=120
    scale=5  nodes=112
    scale=6  nodes=120
    scale=7  nodes=112
    scale=8  nodes=120
    scale=9  nodes=112
    scale=10  nodes=120
    scale=11  nodes=112
    scale=12  nodes=120
    scale=13  nodes=112
    scale=14  nodes=200
    scale=15  nodes=144

Potential

*FunctionTree: nn
  genNodes: 0
  square norm: 95063.9
  root scale: 0
  order: 11
  nodes: 1808
  endNodes: 1583
  nodes per scale: 
    scale=0  nodes=8
    scale=1  nodes=64
    scale=2  nodes=120
    scale=3  nodes=112
    scale=4  nodes=120
    scale=5  nodes=112
    scale=6  nodes=120
    scale=7  nodes=112
    scale=8  nodes=120
    scale=9  nodes=112
    scale=10  nodes=120
    scale=11  nodes=112
    scale=12  nodes=120
    scale=13  nodes=112
    scale=14  nodes=200
    scale=15  nodes=144

Number of Atoms =  1
[['Hg', 80, 0.1, 0.2, 0.3, 54, 54]]
Using derivative  ABGV
One-electron calculations 1e-08
calc_dirac_mu 6267.727974742402 15327.914244017857 137.035999139
Error 0.04545703308672202
Delta E 15327.914244017857
Energy -3450.950816006154
Converged?  0.04545703308672202  >  1e-07   ----   15327.914244017857  >  1e-09   ----  iteration 0
calc_dirac_mu 6328.301890366867 15290.76341077503 137.035999139
Error 0.032639978217439636
Delta E 37.1508332428275
Energy -3488.1016492489816
Converged?  0.032639978217439636  >  1e-07   ----   37.1508332428275  >  1e-09   ----  iteration 1
calc_dirac_mu 6367.446492281022 15266.707388534114 137.035999139
Error 0.019713169553702992
Delta E 24.0560222409149
Energy -3512.1576714898965
Converged?  0.019713169553702992  >  1e-07   ----   24.0560222409149  >  1e-09   ----  iteration 2
calc_dirac_mu 6385.036332934625 15255.885331342157 137.035999139
Error 0.01298237436978922
Delta E 10.822057191957356
Energy -3522.979728681854
Converged?  0.01298237436978922  >  1e-07   ----   10.822057191957356  >  1e-09   ----  iteration 3
calc_dirac_mu 6392.210898933218 15251.469012403657 137.035999139
Error 0.00781742845282247
Delta E 4.416318938499899
Energy -3527.396047620354
Converged?  0.00781742845282247  >  1e-07   ----   4.416318938499899  >  1e-09   ----  iteration 4
calc_dirac_mu 6395.0172826433345 15249.741189125474 137.035999139
Error 0.004831589086924007
Delta E 1.7278232781827683
Energy -3529.1238708985366
Converged?  0.004831589086924007  >  1e-07   ----   1.7278232781827683  >  1e-09   ----  iteration 5
calc_dirac_mu 6396.087573589174 15249.082185038651 137.035999139
Error 0.0028840828980769783
Delta E 0.6590040868231881
Energy -3529.7828749853597
Converged?  0.0028840828980769783  >  1e-07   ----   0.6590040868231881  >  1e-09   ----  iteration 6
calc_dirac_mu 6396.489982405977 15248.834404805944 137.035999139
Error 0.0017485676196454924
Delta E 0.24778023270664562
Energy -3530.0306552180664
Converged?  0.0017485676196454924  >  1e-07   ----   0.24778023270664562  >  1e-09   ----  iteration 7
calc_dirac_mu 6396.6399925279475 15248.742036160076 137.035999139
Error 0.0010448364765155015
Delta E 0.09236864586819138
Energy -3530.1230238639346
Converged?  0.0010448364765155015  >  1e-07   ----   0.09236864586819138  >  1e-09   ----  iteration 8
calc_dirac_mu 6396.695647268523 15248.707766643445 137.035999139
Error 0.0006307989973715906
Delta E 0.03426951663095679
Energy -3530.1572933805655
Converged?  0.0006307989973715906  >  1e-07   ----   0.03426951663095679  >  1e-09   ----  iteration 9
calc_dirac_mu 6396.716238198844 15248.695087717839 137.035999139
Error 0.00037840874676627767
Delta E 0.01267892560645123
Energy -3530.169972306172
Converged?  0.00037840874676627767  >  1e-07   ----   0.01267892560645123  >  1e-09   ----  iteration 10
calc_dirac_mu 6396.723849372925 15248.690401112455 137.035999139
Error 0.00022851110586646906
Delta E 0.0046866053835401544
Energy -3530.1746589115555
Converged?  0.00022851110586646906  >  1e-07   ----   0.0046866053835401544  >  1e-09   ----  iteration 11
calc_dirac_mu 6396.726652265217 15248.688675221978 137.035999139
Error 0.00013759781296404362
Delta E 0.0017258904772461392
Energy -3530.1763848020328
Converged?  0.00013759781296404362  >  1e-07   ----   0.0017258904772461392  >  1e-09   ----  iteration 12
calc_dirac_mu 6396.727687346739 15248.688037866956 137.035999139
Error 8.319872406026545e-05
Delta E 0.0006373550222633639
Energy -3530.177022157055
Converged?  8.319872406026545e-05  >  1e-07   ----   0.0006373550222633639  >  1e-09   ----  iteration 13
calc_dirac_mu 6396.728068386331 15248.687803240504 137.035999139
Error 5.02388090501325e-05
Delta E 0.0002346264518564567
Energy -3530.177256783507
Converged?  5.02388090501325e-05  >  1e-07   ----   0.0002346264518564567  >  1e-09   ----  iteration 14
Classic-like energies: cke = 7149.497394547436, cpe = -10347.864941588306, cke + cpe = -3198.3675470408707
Exact Energy = -3532.192093162126
Dirac Energy = -3530.177342880468
Kutze Energy = -3530.181582880499
Error Kutze  = 2.010510281626921
Error Dirac  = 2.0147502816580527
Delta Energy = -8.609696124040056e-05
Dirac - Kutzelnigg = 0.004240000031131785

PARAMETERS:
molecule    = [['Hg', 80, 0.1, 0.2, 0.3, 54, 54]]
D2          = False
prec        = 8
derivative  = ABGV
box         = 1

-------------------------------
Hg 0 0 8 ABGV 1
-------------------------------
Now executing: python test.py Input_Making/input__Hg008BS.txt
Input file: Input_Making/input__Hg008BS.txt
Output file: outputs/output__Hg008BS.txt
light_speed = 137.03599913900001  # default 137.03599913900001
derivative = "BS"         # possible values: PH, ABGV, BS
order = 11
box = 1
prec = 1.0e-8                 # precision threshold for the MRA operations
thr  = 1.0e-7                  # error threshold for SCF convergence

readPotential    = False         # bool
computePotential = True         # bool 
savePotential    = False         # bool
potential = "fermi_dirac"       # possible values: point_charge coulomb_HFYGB homogeneus_charge_sphere gaussian

readOrbitals     = False         # bool
saveOrbitals     = False         # bool
saveGuess        = False

scf              = True
ktrs             = False
D2               = False         # bool
two_electrons    = False         # bool

runGaunt         = False
runGaugeA        = False
runGaugeB        = False
runGaugeC        = False
runGaugeD        = False
runGaugeDelta    = False

molecule = [ ["Hg", 80, 0.1, 0.2, 0.3, 54, 54] ]

# With the paramenters I got from Robert, the error is (1) higher than
#  what he gets and (2) dominated by the width of the Gaussian
# I get a much better agreement with the ideal value IF the Gaussian
#  size is reduced by one order of magnitude 3e4->3e5 for Ar
# It seems the position of the nucleus is also important: I get bad
#  results from D2 if I move the nucleus
# Higher prec with off centered nucleus is too demanding for my laptop

**************************************
80 [0.1, 0.2, 0.3]
Fermi Dirac potential
Using Half Charge Radius for Hg: 0.00012485722724
Integral of the Fermi-Dirac distribution via cartesian 3D integration: 8.658788732986022
The normalization constant is: 9.23916756338408
Integral of the Fermi-Dirac distribution via 3D integration: 79.99999999999996
3D density

*FunctionTree: nn
  genNodes: 0
  square norm: 5.70217e+14
  root scale: 0
  order: 11
  nodes: 392
  endNodes: 344
  nodes per scale: 
    scale=0  nodes=8
    scale=1  nodes=8
    scale=2  nodes=8
    scale=3  nodes=8
    scale=4  nodes=8
    scale=5  nodes=8
    scale=6  nodes=8
    scale=7  nodes=8
    scale=8  nodes=8
    scale=9  nodes=8
    scale=10  nodes=16
    scale=11  nodes=96
    scale=12  nodes=16
    scale=13  nodes=56
    scale=14  nodes=128

3D potential

*FunctionTree: nn
  genNodes: 0
  square norm: 95063.9
  root scale: 0
  order: 11
  nodes: 1808
  endNodes: 1583
  nodes per scale: 
    scale=0  nodes=8
    scale=1  nodes=64
    scale=2  nodes=120
    scale=3  nodes=112
    scale=4  nodes=120
    scale=5  nodes=112
    scale=6  nodes=120
    scale=7  nodes=112
    scale=8  nodes=120
    scale=9  nodes=112
    scale=10  nodes=120
    scale=11  nodes=112
    scale=12  nodes=120
    scale=13  nodes=112
    scale=14  nodes=200
    scale=15  nodes=144

Potential

*FunctionTree: nn
  genNodes: 0
  square norm: 95063.9
  root scale: 0
  order: 11
  nodes: 1808
  endNodes: 1583
  nodes per scale: 
    scale=0  nodes=8
    scale=1  nodes=64
    scale=2  nodes=120
    scale=3  nodes=112
    scale=4  nodes=120
    scale=5  nodes=112
    scale=6  nodes=120
    scale=7  nodes=112
    scale=8  nodes=120
    scale=9  nodes=112
    scale=10  nodes=120
    scale=11  nodes=112
    scale=12  nodes=120
    scale=13  nodes=112
    scale=14  nodes=200
    scale=15  nodes=144

Number of Atoms =  1
[['Hg', 80, 0.1, 0.2, 0.3, 54, 54]]
Using derivative  BS
One-electron calculations 1e-08
calc_dirac_mu 6267.728235326956 15327.91408439137 137.035999139
Error 0.045457040973833636
Delta E 15327.91408439137
Energy -3450.9509756326406
Converged?  0.045457040973833636  >  1e-07   ----   15327.91408439137  >  1e-09   ----  iteration 0
calc_dirac_mu 6328.302802770491 15290.762850505263 137.035999139
Error 0.032640007359683886
Delta E 37.15123388610664
Energy -3488.1022095187473
Converged?  0.032640007359683886  >  1e-07   ----   37.15123388610664  >  1e-09   ----  iteration 1
calc_dirac_mu 6367.447260871425 15266.706915830495 137.035999139
Error 0.019713180882577574
Delta E 24.05593467476865
Energy -3512.158144193516
Converged?  0.019713180882577574  >  1e-07   ----   24.05593467476865  >  1e-09   ----  iteration 2
calc_dirac_mu 6385.037169136677 15255.884816690748 137.035999139
Error 0.012982383649557566
Delta E 10.82209913974657
Energy -3522.9802433332625
Converged?  0.012982383649557566  >  1e-07   ----   10.82209913974657  >  1e-09   ----  iteration 3
calc_dirac_mu 6392.211772248776 15251.468474754618 137.035999139
Error 0.007817435145498347
Delta E 4.416341936130266
Energy -3527.3965852693927
Converged?  0.007817435145498347  >  1e-07   ----   4.416341936130266  >  1e-09   ----  iteration 4
calc_dirac_mu 6395.0182181346745 15249.740613133208 137.035999139
Error 0.004831595368275629
Delta E 1.7278616214098292
Energy -3529.1244468908026
Converged?  0.004831595368275629  >  1e-07   ----   1.7278616214098292  >  1e-09   ----  iteration 5
calc_dirac_mu 6396.08848246506 15249.081625409628 137.035999139
Error 0.002884085452366264
Delta E 0.6589877235801396
Energy -3529.7834346143827
Converged?  0.002884085452366264  >  1e-07   ----   0.6589877235801396  >  1e-09   ----  iteration 6
calc_dirac_mu 6396.49090558791 15248.833836358914 137.035999139
Error 0.0017485697121710528
Delta E 0.24778905071434565
Energy -3530.031223665097
Converged?  0.0017485697121710528  >  1e-07   ----   0.24778905071434565  >  1e-09   ----  iteration 7
calc_dirac_mu 6396.640932893541 15248.74145712874 137.035999139
Error 0.0010448383500936446
Delta E 0.09237923017280991
Energy -3530.12360289527
Converged?  0.0010448383500936446  >  1e-07   ----   0.09237923017280991  >  1e-09   ----  iteration 8
calc_dirac_mu 6396.696592597026 15248.707184554883 137.035999139
Error 0.0006308002716375994
Delta E 0.03427257385737903
Energy -3530.1578754691272
Converged?  0.0006308002716375994  >  1e-07   ----   0.03427257385737903  >  1e-09   ----  iteration 9
calc_dirac_mu 6396.717182745921 15248.69450610996 137.035999139
Error 0.0003784094571850858
Delta E 0.012678444923949428
Energy -3530.170553914051
Converged?  0.0003784094571850858  >  1e-07   ----   0.012678444923949428  >  1e-09   ----  iteration 10
calc_dirac_mu 6396.724787007586 15248.68982376074 137.035999139
Error 0.00022851126480605882
Delta E 0.004682349219365278
Energy -3530.1752362632706
Converged?  0.00022851126480605882  >  1e-07   ----   0.004682349219365278  >  1e-09   ----  iteration 11
calc_dirac_mu 6396.727592584355 15248.688096217222 137.035999139
Error 0.00013759802351386176
Delta E 0.0017275435184274102
Energy -3530.176963806789
Converged?  0.00013759802351386176  >  1e-07   ----   0.0017275435184274102  >  1e-09   ----  iteration 12
calc_dirac_mu 6396.728627170634 15248.687459167122 137.035999139
Error 8.319883126335474e-05
Delta E 0.0006370500996126793
Energy -3530.1776008568886
Converged?  8.319883126335474e-05  >  1e-07   ----   0.0006370500996126793  >  1e-09   ----  iteration 13
calc_dirac_mu 6396.729008559026 15248.687224325888 137.035999139
Error 5.0238889047194054e-05
Delta E 0.00023484123448724858
Energy -3530.177835698123
Converged?  5.0238889047194054e-05  >  1e-07   ----   0.00023484123448724858  >  1e-09   ----  iteration 14
Classic-like energies: cke = 7149.497948449619, cpe = -10347.862538738429, cke + cpe = -3198.36459028881
Exact Energy = -3532.192093162126
Dirac Energy = -3530.1779222532423
Kutze Energy = -3530.1779416191775
Error Kutze  = 2.0141515429495485
Error Dirac  = 2.014170908883898
Delta Energy = -8.655511919641867e-05
Dirac - Kutzelnigg = 1.936593616846949e-05

PARAMETERS:
molecule    = [['Hg', 80, 0.1, 0.2, 0.3, 54, 54]]
D2          = False
prec        = 8
derivative  = BS
box         = 1

-------------------------------
Hg 0 0 8 BS 1
-------------------------------
Now executing: python test.py Input_Making/input__Hg008PH.txt
Input file: Input_Making/input__Hg008PH.txt
Output file: outputs/output__Hg008PH.txt
light_speed = 137.03599913900001  # default 137.03599913900001
derivative = "PH"         # possible values: PH, ABGV, BS
order = 11
box = 1
prec = 1.0e-8                 # precision threshold for the MRA operations
thr  = 1.0e-7                  # error threshold for SCF convergence

readPotential    = False         # bool
computePotential = True         # bool 
savePotential    = False         # bool
potential = "fermi_dirac"       # possible values: point_charge coulomb_HFYGB homogeneus_charge_sphere gaussian

readOrbitals     = False         # bool
saveOrbitals     = False         # bool
saveGuess        = False

scf              = True
ktrs             = False
D2               = False         # bool
two_electrons    = False         # bool

runGaunt         = False
runGaugeA        = False
runGaugeB        = False
runGaugeC        = False
runGaugeD        = False
runGaugeDelta    = False

molecule = [ ["Hg", 80, 0.1, 0.2, 0.3, 54, 54] ]

# With the paramenters I got from Robert, the error is (1) higher than
#  what he gets and (2) dominated by the width of the Gaussian
# I get a much better agreement with the ideal value IF the Gaussian
#  size is reduced by one order of magnitude 3e4->3e5 for Ar
# It seems the position of the nucleus is also important: I get bad
#  results from D2 if I move the nucleus
# Higher prec with off centered nucleus is too demanding for my laptop

**************************************
80 [0.1, 0.2, 0.3]
Fermi Dirac potential
Using Half Charge Radius for Hg: 0.00012485722724
Integral of the Fermi-Dirac distribution via cartesian 3D integration: 8.658788732986022
The normalization constant is: 9.23916756338408
Integral of the Fermi-Dirac distribution via 3D integration: 79.99999999999996
3D density

*FunctionTree: nn
  genNodes: 0
  square norm: 5.70217e+14
  root scale: 0
  order: 11
  nodes: 392
  endNodes: 344
  nodes per scale: 
    scale=0  nodes=8
    scale=1  nodes=8
    scale=2  nodes=8
    scale=3  nodes=8
    scale=4  nodes=8
    scale=5  nodes=8
    scale=6  nodes=8
    scale=7  nodes=8
    scale=8  nodes=8
    scale=9  nodes=8
    scale=10  nodes=16
    scale=11  nodes=96
    scale=12  nodes=16
    scale=13  nodes=56
    scale=14  nodes=128

3D potential

*FunctionTree: nn
  genNodes: 0
  square norm: 95063.9
  root scale: 0
  order: 11
  nodes: 1808
  endNodes: 1583
  nodes per scale: 
    scale=0  nodes=8
    scale=1  nodes=64
    scale=2  nodes=120
    scale=3  nodes=112
    scale=4  nodes=120
    scale=5  nodes=112
    scale=6  nodes=120
    scale=7  nodes=112
    scale=8  nodes=120
    scale=9  nodes=112
    scale=10  nodes=120
    scale=11  nodes=112
    scale=12  nodes=120
    scale=13  nodes=112
    scale=14  nodes=200
    scale=15  nodes=144

Potential

*FunctionTree: nn
  genNodes: 0
  square norm: 95063.9
  root scale: 0
  order: 11
  nodes: 1808
  endNodes: 1583
  nodes per scale: 
    scale=0  nodes=8
    scale=1  nodes=64
    scale=2  nodes=120
    scale=3  nodes=112
    scale=4  nodes=120
    scale=5  nodes=112
    scale=6  nodes=120
    scale=7  nodes=112
    scale=8  nodes=120
    scale=9  nodes=112
    scale=10  nodes=120
    scale=11  nodes=112
    scale=12  nodes=120
    scale=13  nodes=112
    scale=14  nodes=200
    scale=15  nodes=144

Number of Atoms =  1
[['Hg', 80, 0.1, 0.2, 0.3, 54, 54]]
Using derivative  PH
One-electron calculations 1e-08
calc_dirac_mu 6267.7283361150685 15327.914022651516 137.035999139
Error 0.04545704403039201
Delta E 15327.914022651516
Energy -3450.951037372495
Converged?  0.04545704403039201  >  1e-07   ----   15327.914022651516  >  1e-09   ----  iteration 0
calc_dirac_mu 6328.302905419856 15290.762787472484 137.035999139
Error 0.03264000950487553
Delta E 37.15123517903157
Energy -3488.1022725515268
Converged?  0.03264000950487553  >  1e-07   ----   37.15123517903157  >  1e-09   ----  iteration 1
calc_dirac_mu 6367.4473294079135 15266.706873678724 137.035999139
Error 0.019713180860024326
Delta E 24.055913793759828
Energy -3512.1581863452866
Converged?  0.019713180860024326  >  1e-07   ----   24.055913793759828  >  1e-09   ----  iteration 2
calc_dirac_mu 6385.037234357913 15255.88477654949 137.035999139
Error 0.012982383555937421
Delta E 10.822097129233953
Energy -3522.9802834745205
Converged?  0.012982383555937421  >  1e-07   ----   10.822097129233953  >  1e-09   ----  iteration 3
calc_dirac_mu 6392.211838680854 15251.468433856293 137.035999139
Error 0.007817435150881603
Delta E 4.416342693197294
Energy -3527.396626167718
Converged?  0.007817435150881603  >  1e-07   ----   4.416342693197294  >  1e-09   ----  iteration 4
calc_dirac_mu 6395.018291081111 15249.740568219288 137.035999139
Error 0.004831595634337436
Delta E 1.7278656370053795
Energy -3529.124491804723
Converged?  0.004831595634337436  >  1e-07   ----   1.7278656370053795  >  1e-09   ----  iteration 5
calc_dirac_mu 6396.0885571350545 15249.081579432506 137.035999139
Error 0.002884085668874064
Delta E 0.6589887867812649
Energy -3529.7834805915045
Converged?  0.002884085668874064  >  1e-07   ----   0.6589887867812649  >  1e-09   ----  iteration 6
calc_dirac_mu 6396.490979160326 15248.833791056877 137.035999139
Error 0.0017485697957655372
Delta E 0.24778837562917033
Energy -3530.0312689671337
Converged?  0.0017485697957655372  >  1e-07   ----   0.24778837562917033  >  1e-09   ----  iteration 7
calc_dirac_mu 6396.6410052788615 15248.741412557385 137.035999139
Error 0.0010448383555713685
Delta E 0.09237849949204247
Energy -3530.1236474666257
Converged?  0.0010448383555713685  >  1e-07   ----   0.09237849949204247  >  1e-09   ----  iteration 8
calc_dirac_mu 6396.6966650351615 15248.707139950906 137.035999139
Error 0.0006308002803226
Delta E 0.03427260647913499
Energy -3530.157920073105
Converged?  0.0006308002803226  >  1e-07   ----   0.03427260647913499  >  1e-09   ----  iteration 9
calc_dirac_mu 6396.717255539571 15248.694461287036 137.035999139
Error 0.0003784094771348134
Delta E 0.012678663870246965
Energy -3530.170598736975
Converged?  0.0003784094771348134  >  1e-07   ----   0.012678663870246965  >  1e-09   ----  iteration 10
calc_dirac_mu 6396.724859147386 15248.689779340413 137.035999139
Error 0.0002285112520938785
Delta E 0.0046819466224405915
Energy -3530.1752806835975
Converged?  0.0002285112520938785  >  1e-07   ----   0.0046819466224405915  >  1e-09   ----  iteration 11
calc_dirac_mu 6396.727665474551 15248.688051334831 137.035999139
Error 0.00013759804588964626
Delta E 0.0017280055817536777
Energy -3530.1770086891793
Converged?  0.00013759804588964626  >  1e-07   ----   0.0017280055817536777  >  1e-09   ----  iteration 12
calc_dirac_mu 6396.728700125191 15248.6874142451 137.035999139
Error 8.319884608097996e-05
Delta E 0.0006370897317538038
Energy -3530.177645778911
Converged?  8.319884608097996e-05  >  1e-07   ----   0.0006370897317538038  >  1e-09   ----  iteration 13
calc_dirac_mu 6396.729081511698 15248.687179405024 137.035999139
Error 5.0238897531023836e-05
Delta E 0.00023484007579099853
Energy -3530.177880618987
Converged?  5.0238897531023836e-05  >  1e-07   ----   0.00023484007579099853  >  1e-09   ----  iteration 14
Classic-like energies: cke = 7149.49880328465, cpe = -10347.862822356852, cke + cpe = -3198.3640190722017
Exact Energy = -3532.192093162126
Dirac Energy = -3530.177967179825
Kutze Energy = -3530.1772381619376
Error Kutze  = 2.014855000186799
Error Dirac  = 2.014125982301266
Delta Energy = -8.656083809910342e-05
Dirac - Kutzelnigg = -0.0007290178873518016

PARAMETERS:
molecule    = [['Hg', 80, 0.1, 0.2, 0.3, 54, 54]]
D2          = False
prec        = 8
derivative  = PH
box         = 1

-------------------------------
Hg 0 0 8 PH 1
-------------------------------
Now executing: python test.py Input_Making/input__Hg014ABGV.txt
Error: loadTree(), line 147: Unable to open file
Input file: Input_Making/input__Hg014ABGV.txt
Output file: outputs/output__Hg014ABGV.txt
light_speed = 137.03599913900001  # default 137.03599913900001
derivative = "ABGV"         # possible values: PH, ABGV, BS
order = 7
box = 1
prec = 1.0e-4                 # precision threshold for the MRA operations
thr  = 1.0e-3                  # error threshold for SCF convergence

readPotential    = True         # bool
computePotential = False         # bool 
savePotential    = False         # bool
potential = "fermi_dirac"       # possible values: point_charge coulomb_HFYGB homogeneus_charge_sphere gaussian

readOrbitals     = True         # bool
saveOrbitals     = False         # bool
saveGuess        = False

scf              = True
ktrs             = False
D2               = True         # bool
two_electrons    = False         # bool

runGaunt         = False
runGaugeA        = False
runGaugeB        = False
runGaugeC        = False
runGaugeD        = False
runGaugeDelta    = False

molecule = [ ["Hg", 80, 0.1, 0.2, 0.3, 54, 54] ]

# With the paramenters I got from Robert, the error is (1) higher than
#  what he gets and (2) dominated by the width of the Gaussian
# I get a much better agreement with the ideal value IF the Gaussian
#  size is reduced by one order of magnitude 3e4->3e5 for Ar
# It seems the position of the nucleus is also important: I get bad
#  results from D2 if I move the nucleus
# Higher prec with off centered nucleus is too demanding for my laptop

**************************************
80 [0.1, 0.2, 0.3]
Potential

*FunctionTree: nn
  genNodes: 0
  square norm: -8
  root scale: 0
  order: 7
  nodes: 8
  endNodes: 8
  nodes per scale: 
    scale=0  nodes=8

Number of Atoms =  1
[['Hg', 80, 0.1, 0.2, 0.3, 54, 54]]
Traceback (most recent call last):
  File "/Users/jamas6808/Library/CloudStorage/OneDrive-UiTOffice365/Desktop/My_ReMRChem/test.py", line 120, in <module>
    spinorb1.read(orbitalName)
                  ^^^^^^^^^^^
NameError: name 'orbitalName' is not defined
Error: /Users/runner/miniforge3/conda-bld/vampyr_1756653551599/work/build/_deps/mrcpp-src/src/trees/NodeAllocator.cpp: dealloc(), line 148: Invalid serial index: -1
./run_all.sh: line 4: 17511 Abort trap: 6           python test.py "$file"
Now executing: python test.py Input_Making/input__Hg014BS.txt
Error: loadTree(), line 147: Unable to open file
Input file: Input_Making/input__Hg014BS.txt
Output file: outputs/output__Hg014BS.txt
light_speed = 137.03599913900001  # default 137.03599913900001
derivative = "BS"         # possible values: PH, ABGV, BS
order = 7
box = 1
prec = 1.0e-4                 # precision threshold for the MRA operations
thr  = 1.0e-3                  # error threshold for SCF convergence

readPotential    = True         # bool
computePotential = False         # bool 
savePotential    = False         # bool
potential = "fermi_dirac"       # possible values: point_charge coulomb_HFYGB homogeneus_charge_sphere gaussian

readOrbitals     = True         # bool
saveOrbitals     = False         # bool
saveGuess        = False

scf              = True
ktrs             = False
D2               = True         # bool
two_electrons    = False         # bool

runGaunt         = False
runGaugeA        = False
runGaugeB        = False
runGaugeC        = False
runGaugeD        = False
runGaugeDelta    = False

molecule = [ ["Hg", 80, 0.1, 0.2, 0.3, 54, 54] ]

# With the paramenters I got from Robert, the error is (1) higher than
#  what he gets and (2) dominated by the width of the Gaussian
# I get a much better agreement with the ideal value IF the Gaussian
#  size is reduced by one order of magnitude 3e4->3e5 for Ar
# It seems the position of the nucleus is also important: I get bad
#  results from D2 if I move the nucleus
# Higher prec with off centered nucleus is too demanding for my laptop

**************************************
80 [0.1, 0.2, 0.3]
Potential

*FunctionTree: nn
  genNodes: 0
  square norm: -8
  root scale: 0
  order: 7
  nodes: 8
  endNodes: 8
  nodes per scale: 
    scale=0  nodes=8

Number of Atoms =  1
[['Hg', 80, 0.1, 0.2, 0.3, 54, 54]]
Traceback (most recent call last):
  File "/Users/jamas6808/Library/CloudStorage/OneDrive-UiTOffice365/Desktop/My_ReMRChem/test.py", line 120, in <module>
    spinorb1.read(orbitalName)
                  ^^^^^^^^^^^
NameError: name 'orbitalName' is not defined
Error: /Users/runner/miniforge3/conda-bld/vampyr_1756653551599/work/build/_deps/mrcpp-src/src/trees/NodeAllocator.cpp: dealloc(), line 148: Invalid serial index: -1
./run_all.sh: line 4: 17512 Abort trap: 6           python test.py "$file"
Now executing: python test.py Input_Making/input__Hg014PH.txt
Error: loadTree(), line 147: Unable to open file
Input file: Input_Making/input__Hg014PH.txt
Output file: outputs/output__Hg014PH.txt
light_speed = 137.03599913900001  # default 137.03599913900001
derivative = "PH"         # possible values: PH, ABGV, BS
order = 7
box = 1
prec = 1.0e-4                 # precision threshold for the MRA operations
thr  = 1.0e-3                  # error threshold for SCF convergence

readPotential    = True         # bool
computePotential = False         # bool 
savePotential    = False         # bool
potential = "fermi_dirac"       # possible values: point_charge coulomb_HFYGB homogeneus_charge_sphere gaussian

readOrbitals     = True         # bool
saveOrbitals     = False         # bool
saveGuess        = False

scf              = True
ktrs             = False
D2               = True         # bool
two_electrons    = False         # bool

runGaunt         = False
runGaugeA        = False
runGaugeB        = False
runGaugeC        = False
runGaugeD        = False
runGaugeDelta    = False

molecule = [ ["Hg", 80, 0.1, 0.2, 0.3, 54, 54] ]

# With the paramenters I got from Robert, the error is (1) higher than
#  what he gets and (2) dominated by the width of the Gaussian
# I get a much better agreement with the ideal value IF the Gaussian
#  size is reduced by one order of magnitude 3e4->3e5 for Ar
# It seems the position of the nucleus is also important: I get bad
#  results from D2 if I move the nucleus
# Higher prec with off centered nucleus is too demanding for my laptop

**************************************
80 [0.1, 0.2, 0.3]
Potential

*FunctionTree: nn
  genNodes: 0
  square norm: -8
  root scale: 0
  order: 7
  nodes: 8
  endNodes: 8
  nodes per scale: 
    scale=0  nodes=8

Number of Atoms =  1
[['Hg', 80, 0.1, 0.2, 0.3, 54, 54]]
Traceback (most recent call last):
  File "/Users/jamas6808/Library/CloudStorage/OneDrive-UiTOffice365/Desktop/My_ReMRChem/test.py", line 120, in <module>
    spinorb1.read(orbitalName)
                  ^^^^^^^^^^^
NameError: name 'orbitalName' is not defined
Error: /Users/runner/miniforge3/conda-bld/vampyr_1756653551599/work/build/_deps/mrcpp-src/src/trees/NodeAllocator.cpp: dealloc(), line 148: Invalid serial index: -1
./run_all.sh: line 4: 17513 Abort trap: 6           python test.py "$file"
Now executing: python test.py Input_Making/input__Hg015ABGV.txt
Error: loadTree(), line 147: Unable to open file
Input file: Input_Making/input__Hg015ABGV.txt
Output file: outputs/output__Hg015ABGV.txt
light_speed = 137.03599913900001  # default 137.03599913900001
derivative = "ABGV"         # possible values: PH, ABGV, BS
order = 8
box = 1
prec = 1.0e-5                 # precision threshold for the MRA operations
thr  = 1.0e-4                  # error threshold for SCF convergence

readPotential    = True         # bool
computePotential = False         # bool 
savePotential    = False         # bool
potential = "fermi_dirac"       # possible values: point_charge coulomb_HFYGB homogeneus_charge_sphere gaussian

readOrbitals     = True         # bool
saveOrbitals     = False         # bool
saveGuess        = False

scf              = True
ktrs             = False
D2               = True         # bool
two_electrons    = False         # bool

runGaunt         = False
runGaugeA        = False
runGaugeB        = False
runGaugeC        = False
runGaugeD        = False
runGaugeDelta    = False

molecule = [ ["Hg", 80, 0.1, 0.2, 0.3, 54, 54] ]

# With the paramenters I got from Robert, the error is (1) higher than
#  what he gets and (2) dominated by the width of the Gaussian
# I get a much better agreement with the ideal value IF the Gaussian
#  size is reduced by one order of magnitude 3e4->3e5 for Ar
# It seems the position of the nucleus is also important: I get bad
#  results from D2 if I move the nucleus
# Higher prec with off centered nucleus is too demanding for my laptop

**************************************
80 [0.1, 0.2, 0.3]
Potential

*FunctionTree: nn
  genNodes: 0
  square norm: -8
  root scale: 0
  order: 8
  nodes: 8
  endNodes: 8
  nodes per scale: 
    scale=0  nodes=8

Number of Atoms =  1
[['Hg', 80, 0.1, 0.2, 0.3, 54, 54]]
Traceback (most recent call last):
  File "/Users/jamas6808/Library/CloudStorage/OneDrive-UiTOffice365/Desktop/My_ReMRChem/test.py", line 120, in <module>
    spinorb1.read(orbitalName)
                  ^^^^^^^^^^^
NameError: name 'orbitalName' is not defined
Error: /Users/runner/miniforge3/conda-bld/vampyr_1756653551599/work/build/_deps/mrcpp-src/src/trees/NodeAllocator.cpp: dealloc(), line 148: Invalid serial index: -1
./run_all.sh: line 4: 17521 Abort trap: 6           python test.py "$file"
Now executing: python test.py Input_Making/input__Hg015BS.txt
Error: loadTree(), line 147: Unable to open file
Input file: Input_Making/input__Hg015BS.txt
Output file: outputs/output__Hg015BS.txt
light_speed = 137.03599913900001  # default 137.03599913900001
derivative = "BS"         # possible values: PH, ABGV, BS
order = 8
box = 1
prec = 1.0e-5                 # precision threshold for the MRA operations
thr  = 1.0e-4                  # error threshold for SCF convergence

readPotential    = True         # bool
computePotential = False         # bool 
savePotential    = False         # bool
potential = "fermi_dirac"       # possible values: point_charge coulomb_HFYGB homogeneus_charge_sphere gaussian

readOrbitals     = True         # bool
saveOrbitals     = False         # bool
saveGuess        = False

scf              = True
ktrs             = False
D2               = True         # bool
two_electrons    = False         # bool

runGaunt         = False
runGaugeA        = False
runGaugeB        = False
runGaugeC        = False
runGaugeD        = False
runGaugeDelta    = False

molecule = [ ["Hg", 80, 0.1, 0.2, 0.3, 54, 54] ]

# With the paramenters I got from Robert, the error is (1) higher than
#  what he gets and (2) dominated by the width of the Gaussian
# I get a much better agreement with the ideal value IF the Gaussian
#  size is reduced by one order of magnitude 3e4->3e5 for Ar
# It seems the position of the nucleus is also important: I get bad
#  results from D2 if I move the nucleus
# Higher prec with off centered nucleus is too demanding for my laptop

**************************************
80 [0.1, 0.2, 0.3]
Potential

*FunctionTree: nn
  genNodes: 0
  square norm: -8
  root scale: 0
  order: 8
  nodes: 8
  endNodes: 8
  nodes per scale: 
    scale=0  nodes=8

Number of Atoms =  1
[['Hg', 80, 0.1, 0.2, 0.3, 54, 54]]
Traceback (most recent call last):
  File "/Users/jamas6808/Library/CloudStorage/OneDrive-UiTOffice365/Desktop/My_ReMRChem/test.py", line 120, in <module>
    spinorb1.read(orbitalName)
                  ^^^^^^^^^^^
NameError: name 'orbitalName' is not defined
Error: /Users/runner/miniforge3/conda-bld/vampyr_1756653551599/work/build/_deps/mrcpp-src/src/trees/NodeAllocator.cpp: dealloc(), line 148: Invalid serial index: -1
./run_all.sh: line 4: 17526 Abort trap: 6           python test.py "$file"
Now executing: python test.py Input_Making/input__Hg015PH.txt
Error: loadTree(), line 147: Unable to open file
Input file: Input_Making/input__Hg015PH.txt
Output file: outputs/output__Hg015PH.txt
light_speed = 137.03599913900001  # default 137.03599913900001
derivative = "PH"         # possible values: PH, ABGV, BS
order = 8
box = 1
prec = 1.0e-5                 # precision threshold for the MRA operations
thr  = 1.0e-4                  # error threshold for SCF convergence

readPotential    = True         # bool
computePotential = False         # bool 
savePotential    = False         # bool
potential = "fermi_dirac"       # possible values: point_charge coulomb_HFYGB homogeneus_charge_sphere gaussian

readOrbitals     = True         # bool
saveOrbitals     = False         # bool
saveGuess        = False

scf              = True
ktrs             = False
D2               = True         # bool
two_electrons    = False         # bool

runGaunt         = False
runGaugeA        = False
runGaugeB        = False
runGaugeC        = False
runGaugeD        = False
runGaugeDelta    = False

molecule = [ ["Hg", 80, 0.1, 0.2, 0.3, 54, 54] ]

# With the paramenters I got from Robert, the error is (1) higher than
#  what he gets and (2) dominated by the width of the Gaussian
# I get a much better agreement with the ideal value IF the Gaussian
#  size is reduced by one order of magnitude 3e4->3e5 for Ar
# It seems the position of the nucleus is also important: I get bad
#  results from D2 if I move the nucleus
# Higher prec with off centered nucleus is too demanding for my laptop

**************************************
80 [0.1, 0.2, 0.3]
Potential

*FunctionTree: nn
  genNodes: 0
  square norm: -8
  root scale: 0
  order: 8
  nodes: 8
  endNodes: 8
  nodes per scale: 
    scale=0  nodes=8

Number of Atoms =  1
[['Hg', 80, 0.1, 0.2, 0.3, 54, 54]]
Traceback (most recent call last):
  File "/Users/jamas6808/Library/CloudStorage/OneDrive-UiTOffice365/Desktop/My_ReMRChem/test.py", line 120, in <module>
    spinorb1.read(orbitalName)
                  ^^^^^^^^^^^
NameError: name 'orbitalName' is not defined
Error: /Users/runner/miniforge3/conda-bld/vampyr_1756653551599/work/build/_deps/mrcpp-src/src/trees/NodeAllocator.cpp: dealloc(), line 148: Invalid serial index: -1
./run_all.sh: line 4: 17527 Abort trap: 6           python test.py "$file"
Now executing: python test.py Input_Making/input__Hg016ABGV.txt
Error: loadTree(), line 147: Unable to open file
Input file: Input_Making/input__Hg016ABGV.txt
Output file: outputs/output__Hg016ABGV.txt
light_speed = 137.03599913900001  # default 137.03599913900001
derivative = "ABGV"         # possible values: PH, ABGV, BS
order = 9
box = 1
prec = 1.0e-6                 # precision threshold for the MRA operations
thr  = 1.0e-5                  # error threshold for SCF convergence

readPotential    = True         # bool
computePotential = False         # bool 
savePotential    = False         # bool
potential = "fermi_dirac"       # possible values: point_charge coulomb_HFYGB homogeneus_charge_sphere gaussian

readOrbitals     = True         # bool
saveOrbitals     = False         # bool
saveGuess        = False

scf              = True
ktrs             = False
D2               = True         # bool
two_electrons    = False         # bool

runGaunt         = False
runGaugeA        = False
runGaugeB        = False
runGaugeC        = False
runGaugeD        = False
runGaugeDelta    = False

molecule = [ ["Hg", 80, 0.1, 0.2, 0.3, 54, 54] ]

# With the paramenters I got from Robert, the error is (1) higher than
#  what he gets and (2) dominated by the width of the Gaussian
# I get a much better agreement with the ideal value IF the Gaussian
#  size is reduced by one order of magnitude 3e4->3e5 for Ar
# It seems the position of the nucleus is also important: I get bad
#  results from D2 if I move the nucleus
# Higher prec with off centered nucleus is too demanding for my laptop

**************************************
80 [0.1, 0.2, 0.3]
Potential

*FunctionTree: nn
  genNodes: 0
  square norm: -8
  root scale: 0
  order: 9
  nodes: 8
  endNodes: 8
  nodes per scale: 
    scale=0  nodes=8

Number of Atoms =  1
[['Hg', 80, 0.1, 0.2, 0.3, 54, 54]]
Traceback (most recent call last):
  File "/Users/jamas6808/Library/CloudStorage/OneDrive-UiTOffice365/Desktop/My_ReMRChem/test.py", line 120, in <module>
    spinorb1.read(orbitalName)
                  ^^^^^^^^^^^
NameError: name 'orbitalName' is not defined
Error: /Users/runner/miniforge3/conda-bld/vampyr_1756653551599/work/build/_deps/mrcpp-src/src/trees/NodeAllocator.cpp: dealloc(), line 148: Invalid serial index: -1
./run_all.sh: line 4: 17530 Abort trap: 6           python test.py "$file"
Now executing: python test.py Input_Making/input__Hg016BS.txt
Error: loadTree(), line 147: Unable to open file
Input file: Input_Making/input__Hg016BS.txt
Output file: outputs/output__Hg016BS.txt
light_speed = 137.03599913900001  # default 137.03599913900001
derivative = "BS"         # possible values: PH, ABGV, BS
order = 9
box = 1
prec = 1.0e-6                 # precision threshold for the MRA operations
thr  = 1.0e-5                  # error threshold for SCF convergence

readPotential    = True         # bool
computePotential = False         # bool 
savePotential    = False         # bool
potential = "fermi_dirac"       # possible values: point_charge coulomb_HFYGB homogeneus_charge_sphere gaussian

readOrbitals     = True         # bool
saveOrbitals     = False         # bool
saveGuess        = False

scf              = True
ktrs             = False
D2               = True         # bool
two_electrons    = False         # bool

runGaunt         = False
runGaugeA        = False
runGaugeB        = False
runGaugeC        = False
runGaugeD        = False
runGaugeDelta    = False

molecule = [ ["Hg", 80, 0.1, 0.2, 0.3, 54, 54] ]

# With the paramenters I got from Robert, the error is (1) higher than
#  what he gets and (2) dominated by the width of the Gaussian
# I get a much better agreement with the ideal value IF the Gaussian
#  size is reduced by one order of magnitude 3e4->3e5 for Ar
# It seems the position of the nucleus is also important: I get bad
#  results from D2 if I move the nucleus
# Higher prec with off centered nucleus is too demanding for my laptop

**************************************
80 [0.1, 0.2, 0.3]
Potential

*FunctionTree: nn
  genNodes: 0
  square norm: -8
  root scale: 0
  order: 9
  nodes: 8
  endNodes: 8
  nodes per scale: 
    scale=0  nodes=8

Number of Atoms =  1
[['Hg', 80, 0.1, 0.2, 0.3, 54, 54]]
Traceback (most recent call last):
  File "/Users/jamas6808/Library/CloudStorage/OneDrive-UiTOffice365/Desktop/My_ReMRChem/test.py", line 120, in <module>
    spinorb1.read(orbitalName)
                  ^^^^^^^^^^^
NameError: name 'orbitalName' is not defined
Error: /Users/runner/miniforge3/conda-bld/vampyr_1756653551599/work/build/_deps/mrcpp-src/src/trees/NodeAllocator.cpp: dealloc(), line 148: Invalid serial index: -1
./run_all.sh: line 4: 17531 Abort trap: 6           python test.py "$file"
Now executing: python test.py Input_Making/input__Hg016PH.txt
Error: loadTree(), line 147: Unable to open file
Input file: Input_Making/input__Hg016PH.txt
Output file: outputs/output__Hg016PH.txt
light_speed = 137.03599913900001  # default 137.03599913900001
derivative = "PH"         # possible values: PH, ABGV, BS
order = 9
box = 1
prec = 1.0e-6                 # precision threshold for the MRA operations
thr  = 1.0e-5                  # error threshold for SCF convergence

readPotential    = True         # bool
computePotential = False         # bool 
savePotential    = False         # bool
potential = "fermi_dirac"       # possible values: point_charge coulomb_HFYGB homogeneus_charge_sphere gaussian

readOrbitals     = True         # bool
saveOrbitals     = False         # bool
saveGuess        = False

scf              = True
ktrs             = False
D2               = True         # bool
two_electrons    = False         # bool

runGaunt         = False
runGaugeA        = False
runGaugeB        = False
runGaugeC        = False
runGaugeD        = False
runGaugeDelta    = False

molecule = [ ["Hg", 80, 0.1, 0.2, 0.3, 54, 54] ]

# With the paramenters I got from Robert, the error is (1) higher than
#  what he gets and (2) dominated by the width of the Gaussian
# I get a much better agreement with the ideal value IF the Gaussian
#  size is reduced by one order of magnitude 3e4->3e5 for Ar
# It seems the position of the nucleus is also important: I get bad
#  results from D2 if I move the nucleus
# Higher prec with off centered nucleus is too demanding for my laptop

**************************************
80 [0.1, 0.2, 0.3]
Potential

*FunctionTree: nn
  genNodes: 0
  square norm: -8
  root scale: 0
  order: 9
  nodes: 8
  endNodes: 8
  nodes per scale: 
    scale=0  nodes=8

Number of Atoms =  1
[['Hg', 80, 0.1, 0.2, 0.3, 54, 54]]
Traceback (most recent call last):
  File "/Users/jamas6808/Library/CloudStorage/OneDrive-UiTOffice365/Desktop/My_ReMRChem/test.py", line 120, in <module>
    spinorb1.read(orbitalName)
                  ^^^^^^^^^^^
NameError: name 'orbitalName' is not defined
Error: /Users/runner/miniforge3/conda-bld/vampyr_1756653551599/work/build/_deps/mrcpp-src/src/trees/NodeAllocator.cpp: dealloc(), line 148: Invalid serial index: -1
./run_all.sh: line 4: 17533 Abort trap: 6           python test.py "$file"
Now executing: python test.py Input_Making/input__Hg017ABGV.txt
Error: loadTree(), line 147: Unable to open file
Input file: Input_Making/input__Hg017ABGV.txt
Output file: outputs/output__Hg017ABGV.txt
light_speed = 137.03599913900001  # default 137.03599913900001
derivative = "ABGV"         # possible values: PH, ABGV, BS
order = 10
box = 1
prec = 1.0e-7                 # precision threshold for the MRA operations
thr  = 1.0e-6                  # error threshold for SCF convergence

readPotential    = True         # bool
computePotential = False         # bool 
savePotential    = False         # bool
potential = "fermi_dirac"       # possible values: point_charge coulomb_HFYGB homogeneus_charge_sphere gaussian

readOrbitals     = True         # bool
saveOrbitals     = False         # bool
saveGuess        = False

scf              = True
ktrs             = False
D2               = True         # bool
two_electrons    = False         # bool

runGaunt         = False
runGaugeA        = False
runGaugeB        = False
runGaugeC        = False
runGaugeD        = False
runGaugeDelta    = False

molecule = [ ["Hg", 80, 0.1, 0.2, 0.3, 54, 54] ]

# With the paramenters I got from Robert, the error is (1) higher than
#  what he gets and (2) dominated by the width of the Gaussian
# I get a much better agreement with the ideal value IF the Gaussian
#  size is reduced by one order of magnitude 3e4->3e5 for Ar
# It seems the position of the nucleus is also important: I get bad
#  results from D2 if I move the nucleus
# Higher prec with off centered nucleus is too demanding for my laptop

**************************************
80 [0.1, 0.2, 0.3]
Potential

*FunctionTree: nn
  genNodes: 0
  square norm: -8
  root scale: 0
  order: 10
  nodes: 8
  endNodes: 8
  nodes per scale: 
    scale=0  nodes=8

Number of Atoms =  1
[['Hg', 80, 0.1, 0.2, 0.3, 54, 54]]
Traceback (most recent call last):
  File "/Users/jamas6808/Library/CloudStorage/OneDrive-UiTOffice365/Desktop/My_ReMRChem/test.py", line 120, in <module>
    spinorb1.read(orbitalName)
                  ^^^^^^^^^^^
NameError: name 'orbitalName' is not defined
Error: /Users/runner/miniforge3/conda-bld/vampyr_1756653551599/work/build/_deps/mrcpp-src/src/trees/NodeAllocator.cpp: dealloc(), line 148: Invalid serial index: -1
./run_all.sh: line 4: 17534 Abort trap: 6           python test.py "$file"
Now executing: python test.py Input_Making/input__Hg017BS.txt
Error: loadTree(), line 147: Unable to open file
Input file: Input_Making/input__Hg017BS.txt
Output file: outputs/output__Hg017BS.txt
light_speed = 137.03599913900001  # default 137.03599913900001
derivative = "BS"         # possible values: PH, ABGV, BS
order = 10
box = 1
prec = 1.0e-7                 # precision threshold for the MRA operations
thr  = 1.0e-6                  # error threshold for SCF convergence

readPotential    = True         # bool
computePotential = False         # bool 
savePotential    = False         # bool
potential = "fermi_dirac"       # possible values: point_charge coulomb_HFYGB homogeneus_charge_sphere gaussian

readOrbitals     = True         # bool
saveOrbitals     = False         # bool
saveGuess        = False

scf              = True
ktrs             = False
D2               = True         # bool
two_electrons    = False         # bool

runGaunt         = False
runGaugeA        = False
runGaugeB        = False
runGaugeC        = False
runGaugeD        = False
runGaugeDelta    = False

molecule = [ ["Hg", 80, 0.1, 0.2, 0.3, 54, 54] ]

# With the paramenters I got from Robert, the error is (1) higher than
#  what he gets and (2) dominated by the width of the Gaussian
# I get a much better agreement with the ideal value IF the Gaussian
#  size is reduced by one order of magnitude 3e4->3e5 for Ar
# It seems the position of the nucleus is also important: I get bad
#  results from D2 if I move the nucleus
# Higher prec with off centered nucleus is too demanding for my laptop

**************************************
80 [0.1, 0.2, 0.3]
Potential

*FunctionTree: nn
  genNodes: 0
  square norm: -8
  root scale: 0
  order: 10
  nodes: 8
  endNodes: 8
  nodes per scale: 
    scale=0  nodes=8

Number of Atoms =  1
[['Hg', 80, 0.1, 0.2, 0.3, 54, 54]]
Traceback (most recent call last):
  File "/Users/jamas6808/Library/CloudStorage/OneDrive-UiTOffice365/Desktop/My_ReMRChem/test.py", line 120, in <module>
    spinorb1.read(orbitalName)
                  ^^^^^^^^^^^
NameError: name 'orbitalName' is not defined
Error: /Users/runner/miniforge3/conda-bld/vampyr_1756653551599/work/build/_deps/mrcpp-src/src/trees/NodeAllocator.cpp: dealloc(), line 148: Invalid serial index: -1
./run_all.sh: line 4: 17536 Abort trap: 6           python test.py "$file"
Now executing: python test.py Input_Making/input__Hg017PH.txt
Error: loadTree(), line 147: Unable to open file
Input file: Input_Making/input__Hg017PH.txt
Output file: outputs/output__Hg017PH.txt
light_speed = 137.03599913900001  # default 137.03599913900001
derivative = "PH"         # possible values: PH, ABGV, BS
order = 10
box = 1
prec = 1.0e-7                 # precision threshold for the MRA operations
thr  = 1.0e-6                  # error threshold for SCF convergence

readPotential    = True         # bool
computePotential = False         # bool 
savePotential    = False         # bool
potential = "fermi_dirac"       # possible values: point_charge coulomb_HFYGB homogeneus_charge_sphere gaussian

readOrbitals     = True         # bool
saveOrbitals     = False         # bool
saveGuess        = False

scf              = True
ktrs             = False
D2               = True         # bool
two_electrons    = False         # bool

runGaunt         = False
runGaugeA        = False
runGaugeB        = False
runGaugeC        = False
runGaugeD        = False
runGaugeDelta    = False

molecule = [ ["Hg", 80, 0.1, 0.2, 0.3, 54, 54] ]

# With the paramenters I got from Robert, the error is (1) higher than
#  what he gets and (2) dominated by the width of the Gaussian
# I get a much better agreement with the ideal value IF the Gaussian
#  size is reduced by one order of magnitude 3e4->3e5 for Ar
# It seems the position of the nucleus is also important: I get bad
#  results from D2 if I move the nucleus
# Higher prec with off centered nucleus is too demanding for my laptop

**************************************
80 [0.1, 0.2, 0.3]
Potential

*FunctionTree: nn
  genNodes: 0
  square norm: -8
  root scale: 0
  order: 10
  nodes: 8
  endNodes: 8
  nodes per scale: 
    scale=0  nodes=8

Number of Atoms =  1
[['Hg', 80, 0.1, 0.2, 0.3, 54, 54]]
Traceback (most recent call last):
  File "/Users/jamas6808/Library/CloudStorage/OneDrive-UiTOffice365/Desktop/My_ReMRChem/test.py", line 120, in <module>
    spinorb1.read(orbitalName)
                  ^^^^^^^^^^^
NameError: name 'orbitalName' is not defined
Error: /Users/runner/miniforge3/conda-bld/vampyr_1756653551599/work/build/_deps/mrcpp-src/src/trees/NodeAllocator.cpp: dealloc(), line 148: Invalid serial index: -1
./run_all.sh: line 4: 17537 Abort trap: 6           python test.py "$file"
Now executing: python test.py Input_Making/input__Hg018ABGV.txt
Error: loadTree(), line 147: Unable to open file
Input file: Input_Making/input__Hg018ABGV.txt
Output file: outputs/output__Hg018ABGV.txt
light_speed = 137.03599913900001  # default 137.03599913900001
derivative = "ABGV"         # possible values: PH, ABGV, BS
order = 11
box = 1
prec = 1.0e-8                 # precision threshold for the MRA operations
thr  = 1.0e-7                  # error threshold for SCF convergence

readPotential    = True         # bool
computePotential = False         # bool 
savePotential    = False         # bool
potential = "fermi_dirac"       # possible values: point_charge coulomb_HFYGB homogeneus_charge_sphere gaussian

readOrbitals     = True         # bool
saveOrbitals     = False         # bool
saveGuess        = False

scf              = True
ktrs             = False
D2               = True         # bool
two_electrons    = False         # bool

runGaunt         = False
runGaugeA        = False
runGaugeB        = False
runGaugeC        = False
runGaugeD        = False
runGaugeDelta    = False

molecule = [ ["Hg", 80, 0.1, 0.2, 0.3, 54, 54] ]

# With the paramenters I got from Robert, the error is (1) higher than
#  what he gets and (2) dominated by the width of the Gaussian
# I get a much better agreement with the ideal value IF the Gaussian
#  size is reduced by one order of magnitude 3e4->3e5 for Ar
# It seems the position of the nucleus is also important: I get bad
#  results from D2 if I move the nucleus
# Higher prec with off centered nucleus is too demanding for my laptop

**************************************
80 [0.1, 0.2, 0.3]
Potential

*FunctionTree: nn
  genNodes: 0
  square norm: -8
  root scale: 0
  order: 11
  nodes: 8
  endNodes: 8
  nodes per scale: 
    scale=0  nodes=8

Number of Atoms =  1
[['Hg', 80, 0.1, 0.2, 0.3, 54, 54]]
Traceback (most recent call last):
  File "/Users/jamas6808/Library/CloudStorage/OneDrive-UiTOffice365/Desktop/My_ReMRChem/test.py", line 120, in <module>
    spinorb1.read(orbitalName)
                  ^^^^^^^^^^^
NameError: name 'orbitalName' is not defined
Error: /Users/runner/miniforge3/conda-bld/vampyr_1756653551599/work/build/_deps/mrcpp-src/src/trees/NodeAllocator.cpp: dealloc(), line 148: Invalid serial index: -1
./run_all.sh: line 4: 17539 Abort trap: 6           python test.py "$file"
Now executing: python test.py Input_Making/input__Hg018BS.txt
Error: loadTree(), line 147: Unable to open file
Input file: Input_Making/input__Hg018BS.txt
Output file: outputs/output__Hg018BS.txt
light_speed = 137.03599913900001  # default 137.03599913900001
derivative = "BS"         # possible values: PH, ABGV, BS
order = 11
box = 1
prec = 1.0e-8                 # precision threshold for the MRA operations
thr  = 1.0e-7                  # error threshold for SCF convergence

readPotential    = True         # bool
computePotential = False         # bool 
savePotential    = False         # bool
potential = "fermi_dirac"       # possible values: point_charge coulomb_HFYGB homogeneus_charge_sphere gaussian

readOrbitals     = True         # bool
saveOrbitals     = False         # bool
saveGuess        = False

scf              = True
ktrs             = False
D2               = True         # bool
two_electrons    = False         # bool

runGaunt         = False
runGaugeA        = False
runGaugeB        = False
runGaugeC        = False
runGaugeD        = False
runGaugeDelta    = False

molecule = [ ["Hg", 80, 0.1, 0.2, 0.3, 54, 54] ]

# With the paramenters I got from Robert, the error is (1) higher than
#  what he gets and (2) dominated by the width of the Gaussian
# I get a much better agreement with the ideal value IF the Gaussian
#  size is reduced by one order of magnitude 3e4->3e5 for Ar
# It seems the position of the nucleus is also important: I get bad
#  results from D2 if I move the nucleus
# Higher prec with off centered nucleus is too demanding for my laptop

**************************************
80 [0.1, 0.2, 0.3]
Potential

*FunctionTree: nn
  genNodes: 0
  square norm: -8
  root scale: 0
  order: 11
  nodes: 8
  endNodes: 8
  nodes per scale: 
    scale=0  nodes=8

Number of Atoms =  1
[['Hg', 80, 0.1, 0.2, 0.3, 54, 54]]
Traceback (most recent call last):
  File "/Users/jamas6808/Library/CloudStorage/OneDrive-UiTOffice365/Desktop/My_ReMRChem/test.py", line 120, in <module>
    spinorb1.read(orbitalName)
                  ^^^^^^^^^^^
NameError: name 'orbitalName' is not defined
Error: /Users/runner/miniforge3/conda-bld/vampyr_1756653551599/work/build/_deps/mrcpp-src/src/trees/NodeAllocator.cpp: dealloc(), line 148: Invalid serial index: -1
./run_all.sh: line 4: 17540 Abort trap: 6           python test.py "$file"
Now executing: python test.py Input_Making/input__Hg018PH.txt
Error: loadTree(), line 147: Unable to open file
Input file: Input_Making/input__Hg018PH.txt
Output file: outputs/output__Hg018PH.txt
light_speed = 137.03599913900001  # default 137.03599913900001
derivative = "PH"         # possible values: PH, ABGV, BS
order = 11
box = 1
prec = 1.0e-8                 # precision threshold for the MRA operations
thr  = 1.0e-7                  # error threshold for SCF convergence

readPotential    = True         # bool
computePotential = False         # bool 
savePotential    = False         # bool
potential = "fermi_dirac"       # possible values: point_charge coulomb_HFYGB homogeneus_charge_sphere gaussian

readOrbitals     = True         # bool
saveOrbitals     = False         # bool
saveGuess        = False

scf              = True
ktrs             = False
D2               = True         # bool
two_electrons    = False         # bool

runGaunt         = False
runGaugeA        = False
runGaugeB        = False
runGaugeC        = False
runGaugeD        = False
runGaugeDelta    = False

molecule = [ ["Hg", 80, 0.1, 0.2, 0.3, 54, 54] ]

# With the paramenters I got from Robert, the error is (1) higher than
#  what he gets and (2) dominated by the width of the Gaussian
# I get a much better agreement with the ideal value IF the Gaussian
#  size is reduced by one order of magnitude 3e4->3e5 for Ar
# It seems the position of the nucleus is also important: I get bad
#  results from D2 if I move the nucleus
# Higher prec with off centered nucleus is too demanding for my laptop

**************************************
80 [0.1, 0.2, 0.3]
Potential

*FunctionTree: nn
  genNodes: 0
  square norm: -8
  root scale: 0
  order: 11
  nodes: 8
  endNodes: 8
  nodes per scale: 
    scale=0  nodes=8

Number of Atoms =  1
[['Hg', 80, 0.1, 0.2, 0.3, 54, 54]]
Traceback (most recent call last):
  File "/Users/jamas6808/Library/CloudStorage/OneDrive-UiTOffice365/Desktop/My_ReMRChem/test.py", line 120, in <module>
    spinorb1.read(orbitalName)
                  ^^^^^^^^^^^
NameError: name 'orbitalName' is not defined
Error: /Users/runner/miniforge3/conda-bld/vampyr_1756653551599/work/build/_deps/mrcpp-src/src/trees/NodeAllocator.cpp: dealloc(), line 148: Invalid serial index: -1
./run_all.sh: line 4: 17542 Abort trap: 6           python test.py "$file"
Now executing: python test.py Input_Making/input__Hg104ABGV.txt
Input file: Input_Making/input__Hg104ABGV.txt
Output file: outputs/output__Hg104ABGV.txt
light_speed = 137.03599913900001  # default 137.03599913900001
derivative = "ABGV"         # possible values: PH, ABGV, BS
order = 7
box = 1
prec = 1.0e-4                 # precision threshold for the MRA operations
thr  = 1.0e-3                  # error threshold for SCF convergence

readPotential    = False         # bool
computePotential = True         # bool 
savePotential    = False         # bool
potential = "fermi_dirac"       # possible values: point_charge coulomb_HFYGB homogeneus_charge_sphere gaussian

readOrbitals     = False         # bool
saveOrbitals     = False         # bool
saveGuess        = False

scf              = True
ktrs             = False
D2               = False         # bool
two_electrons    = False         # bool

runGaunt         = False
runGaugeA        = False
runGaugeB        = False
runGaugeC        = False
runGaugeD        = False
runGaugeDelta    = False

molecule = [ ["Hg", 80, 0.0, 0.0, 0.0, 54, 54] ]

# With the paramenters I got from Robert, the error is (1) higher than
#  what he gets and (2) dominated by the width of the Gaussian
# I get a much better agreement with the ideal value IF the Gaussian
#  size is reduced by one order of magnitude 3e4->3e5 for Ar
# It seems the position of the nucleus is also important: I get bad
#  results from D2 if I move the nucleus
# Higher prec with off centered nucleus is too demanding for my laptop

**************************************
80 [0.0, 0.0, 0.0]
Fermi Dirac potential
Using Half Charge Radius for Hg: 0.00012485722724
Integral of the Fermi-Dirac distribution via cartesian 3D integration: 8.718057234103014
The normalization constant is: 9.176356366078739
Integral of the Fermi-Dirac distribution via 3D integration: 80.00000000000058
3D density

*FunctionTree: nn
  genNodes: 0
  square norm: 5.71427e+14
  root scale: 0
  order: 7
  nodes: 712
  endNodes: 624
  nodes per scale: 
    scale=0  nodes=8
    scale=1  nodes=64
    scale=2  nodes=64
    scale=3  nodes=64
    scale=4  nodes=64
    scale=5  nodes=64
    scale=6  nodes=64
    scale=7  nodes=64
    scale=8  nodes=64
    scale=9  nodes=64
    scale=10  nodes=64
    scale=11  nodes=64

3D potential

*FunctionTree: nn
  genNodes: 0
  square norm: 98223.4
  root scale: 0
  order: 7
  nodes: 840
  endNodes: 736
  nodes per scale: 
    scale=0  nodes=8
    scale=1  nodes=64
    scale=2  nodes=64
    scale=3  nodes=64
    scale=4  nodes=64
    scale=5  nodes=64
    scale=6  nodes=64
    scale=7  nodes=64
    scale=8  nodes=64
    scale=9  nodes=64
    scale=10  nodes=64
    scale=11  nodes=64
    scale=12  nodes=64
    scale=13  nodes=64

Potential

*FunctionTree: nn
  genNodes: 0
  square norm: 98223.4
  root scale: 0
  order: 7
  nodes: 840
  endNodes: 736
  nodes per scale: 
    scale=0  nodes=8
    scale=1  nodes=64
    scale=2  nodes=64
    scale=3  nodes=64
    scale=4  nodes=64
    scale=5  nodes=64
    scale=6  nodes=64
    scale=7  nodes=64
    scale=8  nodes=64
    scale=9  nodes=64
    scale=10  nodes=64
    scale=11  nodes=64
    scale=12  nodes=64
    scale=13  nodes=64

Number of Atoms =  1
[['Hg', 80, 0.0, 0.0, 0.0, 54, 54]]
Using derivative  ABGV
One-electron calculations 0.0001
calc_dirac_mu 6267.879388189796 15327.821492282215 137.035999139
Error 0.04545516186437068
Delta E 15327.821492282215
Energy -3451.0435677417954
Converged?  0.04545516186437068  >  0.001   ----   15327.821492282215  >  1e-05   ----  iteration 0
calc_dirac_mu 6326.277105442708 15292.006697852403 137.035999139
Error 0.03255919087397795
Delta E 35.81479442981254
Energy -3486.858362171608
Converged?  0.03255919087397795  >  0.001   ----   35.81479442981254  >  1e-05   ----  iteration 1
calc_dirac_mu 6364.366727123148 15268.6014088206 137.035999139
Error 0.01962641905282367
Delta E 23.405289031803477
Energy -3510.2636512034114
Converged?  0.01962641905282367  >  0.001   ----   23.405289031803477  >  1e-05   ----  iteration 2
calc_dirac_mu 6381.080904225879 15258.319557049423 137.035999139
Error 0.012899923540920434
Delta E 10.281851771176662
Energy -3520.545502974588
Converged?  0.012899923540920434  >  0.001   ----   10.281851771176662  >  1e-05   ----  iteration 3
calc_dirac_mu 6387.531836613358 15254.349363909989 137.035999139
Error 0.007743019536913505
Delta E 3.9701931394338317
Energy -3524.515696114022
Converged?  0.007743019536913505  >  0.001   ----   3.9701931394338317  >  1e-05   ----  iteration 4
calc_dirac_mu 6389.872685363552 15252.908445061068 137.035999139
Error 0.0047716707376454365
Delta E 1.4409188489207736
Energy -3525.9566149629427
Converged?  0.0047716707376454365  >  0.001   ----   1.4409188489207736  >  1e-05   ----  iteration 5
calc_dirac_mu 6390.768469543677 15252.357005498323 137.035999139
Error 0.00284352416040884
Delta E 0.5514395627451449
Energy -3526.508054525688
Converged?  0.00284352416040884  >  0.001   ----   0.5514395627451449  >  1e-05   ----  iteration 6
calc_dirac_mu 6391.040571729531 15252.189497017898 137.035999139
Error 0.001720393349164536
Delta E 0.16750848042465805
Energy -3526.6755630061125
Converged?  0.001720393349164536  >  0.001   ----   0.16750848042465805  >  1e-05   ----  iteration 7
calc_dirac_mu 6391.148868586448 15252.122828015797 137.035999139
Error 0.001027223355508491
Delta E 0.06666900210075255
Energy -3526.7422320082133
Converged?  0.001027223355508491  >  0.001   ----   0.06666900210075255  >  1e-05   ----  iteration 8
calc_dirac_mu 6391.165712292099 15252.112458777803 137.035999139
Error 0.0006191485472221097
Delta E 0.010369237994382274
Energy -3526.7526012462076
Converged?  0.0006191485472221097  >  0.001   ----   0.010369237994382274  >  1e-05   ----  iteration 9
calc_dirac_mu 6391.161371778198 15252.115130863978 137.035999139
Error 0.00037078654111103885
Delta E 0.002672086175152799
Energy -3526.7499291600325
Converged?  0.00037078654111103885  >  0.001   ----   0.002672086175152799  >  1e-05   ----  iteration 10
calc_dirac_mu 6391.151757614308 15252.121049487389 137.035999139
Error 0.00022344736242332317
Delta E 0.005918623410252621
Energy -3526.744010536622
Converged?  0.00022344736242332317  >  0.001   ----   0.005918623410252621  >  1e-05   ----  iteration 11
calc_dirac_mu 6391.145088794884 15252.125154911244 137.035999139
Error 0.00013430077399888304
Delta E 0.00410542385543522
Energy -3526.739905112767
Converged?  0.00013430077399888304  >  0.001   ----   0.00410542385543522  >  1e-05   ----  iteration 12
calc_dirac_mu 6391.140220471412 15252.128151922469 137.035999139
Error 8.104080953022818e-05
Delta E 0.0029970112245791825
Energy -3526.736908101542
Converged?  8.104080953022818e-05  >  0.001   ----   0.0029970112245791825  >  1e-05   ----  iteration 13
calc_dirac_mu 6391.136766861482 15252.130278014962 137.035999139
Error 4.883159589197352e-05
Delta E 0.002126092493199394
Energy -3526.734782009049
Converged?  4.883159589197352e-05  >  0.001   ----   0.002126092493199394  >  1e-05   ----  iteration 14
Classic-like energies: cke = 7151.378302257404, cpe = -10331.86427163647, cke + cpe = -3180.485969379066
Exact Energy = -3532.192093162126
Dirac Energy = -3526.732654237243
Kutze Energy = -3508.1761674411905
Error Kutze  = 24.01592572093432
Error Dirac  = 5.459438924883216
Delta Energy = 0.0021277718060446205
Dirac - Kutzelnigg = -18.556486796052923

PARAMETERS:
molecule    = [['Hg', 80, 0.0, 0.0, 0.0, 54, 54]]
D2          = False
prec        = 4
derivative  = ABGV
box         = 1

-------------------------------
Hg 1 0 4 ABGV 1
-------------------------------
Now executing: python test.py Input_Making/input__Hg104BS.txt
Input file: Input_Making/input__Hg104BS.txt
Output file: outputs/output__Hg104BS.txt
light_speed = 137.03599913900001  # default 137.03599913900001
derivative = "BS"         # possible values: PH, ABGV, BS
order = 7
box = 1
prec = 1.0e-4                 # precision threshold for the MRA operations
thr  = 1.0e-3                  # error threshold for SCF convergence

readPotential    = False         # bool
computePotential = True         # bool 
savePotential    = False         # bool
potential = "fermi_dirac"       # possible values: point_charge coulomb_HFYGB homogeneus_charge_sphere gaussian

readOrbitals     = False         # bool
saveOrbitals     = False         # bool
saveGuess        = False

scf              = True
ktrs             = False
D2               = False         # bool
two_electrons    = False         # bool

runGaunt         = False
runGaugeA        = False
runGaugeB        = False
runGaugeC        = False
runGaugeD        = False
runGaugeDelta    = False

molecule = [ ["Hg", 80, 0.0, 0.0, 0.0, 54, 54] ]

# With the paramenters I got from Robert, the error is (1) higher than
#  what he gets and (2) dominated by the width of the Gaussian
# I get a much better agreement with the ideal value IF the Gaussian
#  size is reduced by one order of magnitude 3e4->3e5 for Ar
# It seems the position of the nucleus is also important: I get bad
#  results from D2 if I move the nucleus
# Higher prec with off centered nucleus is too demanding for my laptop

**************************************
80 [0.0, 0.0, 0.0]
Fermi Dirac potential
Using Half Charge Radius for Hg: 0.00012485722724
Integral of the Fermi-Dirac distribution via cartesian 3D integration: 8.718057234103014
The normalization constant is: 9.176356366078739
Integral of the Fermi-Dirac distribution via 3D integration: 80.00000000000058
3D density

*FunctionTree: nn
  genNodes: 0
  square norm: 5.71427e+14
  root scale: 0
  order: 7
  nodes: 712
  endNodes: 624
  nodes per scale: 
    scale=0  nodes=8
    scale=1  nodes=64
    scale=2  nodes=64
    scale=3  nodes=64
    scale=4  nodes=64
    scale=5  nodes=64
    scale=6  nodes=64
    scale=7  nodes=64
    scale=8  nodes=64
    scale=9  nodes=64
    scale=10  nodes=64
    scale=11  nodes=64

3D potential

*FunctionTree: nn
  genNodes: 0
  square norm: 98223.4
  root scale: 0
  order: 7
  nodes: 840
  endNodes: 736
  nodes per scale: 
    scale=0  nodes=8
    scale=1  nodes=64
    scale=2  nodes=64
    scale=3  nodes=64
    scale=4  nodes=64
    scale=5  nodes=64
    scale=6  nodes=64
    scale=7  nodes=64
    scale=8  nodes=64
    scale=9  nodes=64
    scale=10  nodes=64
    scale=11  nodes=64
    scale=12  nodes=64
    scale=13  nodes=64

Potential

*FunctionTree: nn
  genNodes: 0
  square norm: 98223.4
  root scale: 0
  order: 7
  nodes: 840
  endNodes: 736
  nodes per scale: 
    scale=0  nodes=8
    scale=1  nodes=64
    scale=2  nodes=64
    scale=3  nodes=64
    scale=4  nodes=64
    scale=5  nodes=64
    scale=6  nodes=64
    scale=7  nodes=64
    scale=8  nodes=64
    scale=9  nodes=64
    scale=10  nodes=64
    scale=11  nodes=64
    scale=12  nodes=64
    scale=13  nodes=64

Number of Atoms =  1
[['Hg', 80, 0.0, 0.0, 0.0, 54, 54]]
Using derivative  BS
One-electron calculations 0.0001
calc_dirac_mu 6268.859685273177 15327.22097552655 137.035999139
Error 0.04548835084855622
Delta E 15327.22097552655
Energy -3451.6440844974604
Converged?  0.04548835084855622  >  0.001   ----   15327.22097552655  >  1e-05   ----  iteration 0
calc_dirac_mu 6328.290423233259 15290.770452271234 137.035999139
Error 0.032610706139144845
Delta E 36.45052325531651
Energy -3488.094607752777
Converged?  0.032610706139144845  >  0.001   ----   36.45052325531651  >  1e-05   ----  iteration 1
calc_dirac_mu 6366.839725114114 15267.080561976227 137.035999139
Error 0.01966389141078603
Delta E 23.68989029500699
Energy -3511.784498047784
Converged?  0.01966389141078603  >  0.001   ----   23.68989029500699  >  1e-05   ----  iteration 2
calc_dirac_mu 6384.348764950218 15256.308498108563 137.035999139
Error 0.012936941424319446
Delta E 10.772063867663746
Energy -3522.5565619154477
Converged?  0.012936941424319446  >  0.001   ----   10.772063867663746  >  1e-05   ----  iteration 3
calc_dirac_mu 6391.41719216755 15251.957643153835 137.035999139
Error 0.007781968274403576
Delta E 4.350854954727765
Energy -3526.9074168701754
Converged?  0.007781968274403576  >  0.001   ----   4.350854954727765  >  1e-05   ----  iteration 4
calc_dirac_mu 6394.229551395602 15250.226196162297 137.035999139
Error 0.0048014900842518506
Delta E 1.7314469915381778
Energy -3528.6388638617136
Converged?  0.0048014900842518506  >  0.001   ----   1.7314469915381778  >  1e-05   ----  iteration 5
calc_dirac_mu 6395.294129078711 15249.570730792973 137.035999139
Error 0.002863286834293248
Delta E 0.6554653693237924
Energy -3529.2943292310374
Converged?  0.002863286834293248  >  0.001   ----   0.6554653693237924  >  1e-05   ----  iteration 6
calc_dirac_mu 6395.711760174817 15249.313585714575 137.035999139
Error 0.0017319365433570097
Delta E 0.25714507839802536
Energy -3529.5514743094354
Converged?  0.0017319365433570097  >  0.001   ----   0.25714507839802536  >  1e-05   ----  iteration 7
calc_dirac_mu 6395.869585729801 15249.216407758762 137.035999139
Error 0.0010335507417341642
Delta E 0.09717795581309474
Energy -3529.6486522652485
Converged?  0.0010335507417341642  >  0.001   ----   0.09717795581309474  >  1e-05   ----  iteration 8
calc_dirac_mu 6395.934359714957 15249.176524282628 137.035999139
Error 0.0006222545868180697
Delta E 0.0398834761344915
Energy -3529.688535741383
Converged?  0.0006222545868180697  >  0.001   ----   0.0398834761344915  >  1e-05   ----  iteration 9
calc_dirac_mu 6395.960225995917 15249.160597532333 137.035999139
Error 0.00037258286932054544
Delta E 0.01592675029496604
Energy -3529.704462491678
Converged?  0.00037258286932054544  >  0.001   ----   0.01592675029496604  >  1e-05   ----  iteration 10
calc_dirac_mu 6395.97182828652 15249.153453601384 137.035999139
Error 0.00022427225761949184
Delta E 0.007143930948586785
Energy -3529.7116064226266
Converged?  0.00022427225761949184  >  0.001   ----   0.007143930948586785  >  1e-05   ----  iteration 11
calc_dirac_mu 6395.977155763219 15249.150173288903 137.035999139
Error 0.00013472911257902338
Delta E 0.0032803124813653994
Energy -3529.714886735108
Converged?  0.00013472911257902338  >  0.001   ----   0.0032803124813653994  >  1e-05   ----  iteration 12
calc_dirac_mu 6395.979863525109 15249.148506025569 137.035999139
Error 8.118567140681518e-05
Delta E 0.0016672633337293519
Energy -3529.7165539984417
Converged?  8.118567140681518e-05  >  0.001   ----   0.0016672633337293519  >  1e-05   ----  iteration 13
calc_dirac_mu 6395.981286935747 15249.147629581974 137.035999139
Error 4.889388200907591e-05
Delta E 0.0008764435951889027
Energy -3529.717430442037
Converged?  4.889388200907591e-05  >  0.001   ----   0.0008764435951889027  >  1e-05   ----  iteration 14
Classic-like energies: cke = 7036.286115487754, cpe = -10175.878039709161, cke + cpe = -3139.5919242214077
Exact Energy = -3532.192093162126
Dirac Energy = -3529.7178881038235
Kutze Energy = -3457.9699567475486
Error Kutze  = 74.22213641457711
Error Dirac  = 2.4742050583026867
Delta Energy = -0.0004576617866405286
Dirac - Kutzelnigg = -71.74793135627624

PARAMETERS:
molecule    = [['Hg', 80, 0.0, 0.0, 0.0, 54, 54]]
D2          = False
prec        = 4
derivative  = BS
box         = 1

-------------------------------
Hg 1 0 4 BS 1
-------------------------------
Now executing: python test.py Input_Making/input__Hg104PH.txt
Input file: Input_Making/input__Hg104PH.txt
Output file: outputs/output__Hg104PH.txt
light_speed = 137.03599913900001  # default 137.03599913900001
derivative = "PH"         # possible values: PH, ABGV, BS
order = 7
box = 1
prec = 1.0e-4                 # precision threshold for the MRA operations
thr  = 1.0e-3                  # error threshold for SCF convergence

readPotential    = False         # bool
computePotential = True         # bool 
savePotential    = False         # bool
potential = "fermi_dirac"       # possible values: point_charge coulomb_HFYGB homogeneus_charge_sphere gaussian

readOrbitals     = False         # bool
saveOrbitals     = False         # bool
saveGuess        = False

scf              = True
ktrs             = False
D2               = False         # bool
two_electrons    = False         # bool

runGaunt         = False
runGaugeA        = False
runGaugeB        = False
runGaugeC        = False
runGaugeD        = False
runGaugeDelta    = False

molecule = [ ["Hg", 80, 0.0, 0.0, 0.0, 54, 54] ]

# With the paramenters I got from Robert, the error is (1) higher than
#  what he gets and (2) dominated by the width of the Gaussian
# I get a much better agreement with the ideal value IF the Gaussian
#  size is reduced by one order of magnitude 3e4->3e5 for Ar
# It seems the position of the nucleus is also important: I get bad
#  results from D2 if I move the nucleus
# Higher prec with off centered nucleus is too demanding for my laptop

**************************************
80 [0.0, 0.0, 0.0]
Fermi Dirac potential
Using Half Charge Radius for Hg: 0.00012485722724
Integral of the Fermi-Dirac distribution via cartesian 3D integration: 8.718057234103014
The normalization constant is: 9.176356366078739
Integral of the Fermi-Dirac distribution via 3D integration: 80.00000000000058
3D density

*FunctionTree: nn
  genNodes: 0
  square norm: 5.71427e+14
  root scale: 0
  order: 7
  nodes: 712
  endNodes: 624
  nodes per scale: 
    scale=0  nodes=8
    scale=1  nodes=64
    scale=2  nodes=64
    scale=3  nodes=64
    scale=4  nodes=64
    scale=5  nodes=64
    scale=6  nodes=64
    scale=7  nodes=64
    scale=8  nodes=64
    scale=9  nodes=64
    scale=10  nodes=64
    scale=11  nodes=64

3D potential

*FunctionTree: nn
  genNodes: 0
  square norm: 98223.4
  root scale: 0
  order: 7
  nodes: 840
  endNodes: 736
  nodes per scale: 
    scale=0  nodes=8
    scale=1  nodes=64
    scale=2  nodes=64
    scale=3  nodes=64
    scale=4  nodes=64
    scale=5  nodes=64
    scale=6  nodes=64
    scale=7  nodes=64
    scale=8  nodes=64
    scale=9  nodes=64
    scale=10  nodes=64
    scale=11  nodes=64
    scale=12  nodes=64
    scale=13  nodes=64

Potential

*FunctionTree: nn
  genNodes: 0
  square norm: 98223.4
  root scale: 0
  order: 7
  nodes: 840
  endNodes: 736
  nodes per scale: 
    scale=0  nodes=8
    scale=1  nodes=64
    scale=2  nodes=64
    scale=3  nodes=64
    scale=4  nodes=64
    scale=5  nodes=64
    scale=6  nodes=64
    scale=7  nodes=64
    scale=8  nodes=64
    scale=9  nodes=64
    scale=10  nodes=64
    scale=11  nodes=64
    scale=12  nodes=64
    scale=13  nodes=64

Number of Atoms =  1
[['Hg', 80, 0.0, 0.0, 0.0, 54, 54]]
Using derivative  PH
One-electron calculations 0.0001
calc_dirac_mu 6271.1429559450025 15325.82218351692 137.035999139
Error 0.04555441577307985
Delta E 15325.82218351692
Energy -3453.04287650709
Converged?  0.04555441577307985  >  0.001   ----   15325.82218351692  >  1e-05   ----  iteration 0
calc_dirac_mu 6327.629926868601 15291.176030513663 137.035999139
Error 0.03254259606994561
Delta E 34.646153003257496
Energy -3487.6890295103476
Converged?  0.03254259606994561  >  0.001   ----   34.646153003257496  >  1e-05   ----  iteration 1
calc_dirac_mu 6365.778244250092 15267.733371125578 137.035999139
Error 0.01961615841630734
Delta E 23.442659388085303
Energy -3511.131688898433
Converged?  0.01961615841630734  >  0.001   ----   23.442659388085303  >  1e-05   ----  iteration 2
calc_dirac_mu 6383.168547877812 15257.034840577766 137.035999139
Error 0.012906541490311403
Delta E 10.69853054781197
Energy -3521.830219446245
Converged?  0.012906541490311403  >  0.001   ----   10.69853054781197  >  1e-05   ----  iteration 3
calc_dirac_mu 6389.999543673891 15252.83035303034 137.035999139
Error 0.007758122293104304
Delta E 4.204487547425742
Energy -3526.0347069936706
Converged?  0.007758122293104304  >  0.001   ----   4.204487547425742  >  1e-05   ----  iteration 4
calc_dirac_mu 6392.722735924999 15251.153901213756 137.035999139
Error 0.004786120410868975
Delta E 1.6764518165837217
Energy -3527.7111588102543
Converged?  0.004786120410868975  >  0.001   ----   1.6764518165837217  >  1e-05   ----  iteration 5
calc_dirac_mu 6393.686786270337 15250.56036829996 137.035999139
Error 0.0028517615069911743
Delta E 0.5935329137955705
Energy -3528.30469172405
Converged?  0.0028517615069911743  >  0.001   ----   0.5935329137955705  >  1e-05   ----  iteration 6
calc_dirac_mu 6394.061008009555 15250.329966516072 137.035999139
Error 0.0017246202968083041
Delta E 0.23040178388873755
Energy -3528.5350935079387
Converged?  0.0017246202968083041  >  0.001   ----   0.23040178388873755  >  1e-05   ----  iteration 7
calc_dirac_mu 6394.181761487869 15250.25561996727 137.035999139
Error 0.001028427676204547
Delta E 0.0743465488012589
Energy -3528.60944005674
Converged?  0.001028427676204547  >  0.001   ----   0.0743465488012589  >  1e-05   ----  iteration 8
calc_dirac_mu 6394.226756812876 15250.227916762644 137.035999139
Error 0.0006189118399463539
Delta E 0.027703204626959632
Energy -3528.637143261367
Converged?  0.0006189118399463539  >  0.001   ----   0.027703204626959632  >  1e-05   ----  iteration 9
calc_dirac_mu 6394.237513320241 15250.221294073288 137.035999139
Error 0.00037034105566624386
Delta E 0.006622689355936018
Energy -3528.643765950723
Converged?  0.00037034105566624386  >  0.001   ----   0.006622689355936018  >  1e-05   ----  iteration 10
calc_dirac_mu 6394.241425734699 15250.21888523254 137.035999139
Error 0.00022282241986576758
Delta E 0.0024088407481031027
Energy -3528.646174791471
Converged?  0.00022282241986576758  >  0.001   ----   0.0024088407481031027  >  1e-05   ----  iteration 11
calc_dirac_mu 6394.241735228005 15250.218694680092 137.035999139
Error 0.00013380378119864139
Delta E 0.0001905524477479048
Energy -3528.6463653439187
Converged?  0.00013380378119864139  >  0.001   ----   0.0001905524477479048  >  1e-05   ----  iteration 12
calc_dirac_mu 6394.241275409882 15250.218977786275 137.035999139
Error 8.058168093040453e-05
Delta E 0.0002831061829056125
Energy -3528.6460822377358
Converged?  8.058168093040453e-05  >  0.001   ----   0.0002831061829056125  >  1e-05   ----  iteration 13
calc_dirac_mu 6394.2407668012775 15250.219290932344 137.035999139
Error 4.850133516140537e-05
Delta E 0.0003131460689473897
Energy -3528.645769091667
Converged?  4.850133516140537e-05  >  0.001   ----   0.0003131460689473897  >  1e-05   ----  iteration 14
Classic-like energies: cke = 7062.032245399777, cpe = -10226.336834795939, cke + cpe = -3164.3045893961616
Exact Energy = -3532.192093162126
Dirac Energy = -3528.6455560421073
Kutze Energy = -3488.2903436694887
Error Kutze  = 43.901749492637464
Error Dirac  = 3.546537120018911
Delta Energy = 0.00021304955953382887
Dirac - Kutzelnigg = -40.35521237261855

PARAMETERS:
molecule    = [['Hg', 80, 0.0, 0.0, 0.0, 54, 54]]
D2          = False
prec        = 4
derivative  = PH
box         = 1

-------------------------------
Hg 1 0 4 PH 1
-------------------------------
Now executing: python test.py Input_Making/input__Hg105ABGV.txt
Input file: Input_Making/input__Hg105ABGV.txt
Output file: outputs/output__Hg105ABGV.txt
light_speed = 137.03599913900001  # default 137.03599913900001
derivative = "ABGV"         # possible values: PH, ABGV, BS
order = 8
box = 1
prec = 1.0e-5                 # precision threshold for the MRA operations
thr  = 1.0e-4                  # error threshold for SCF convergence

readPotential    = False         # bool
computePotential = True         # bool 
savePotential    = False         # bool
potential = "fermi_dirac"       # possible values: point_charge coulomb_HFYGB homogeneus_charge_sphere gaussian

readOrbitals     = False         # bool
saveOrbitals     = False         # bool
saveGuess        = False

scf              = True
ktrs             = False
D2               = False         # bool
two_electrons    = False         # bool

runGaunt         = False
runGaugeA        = False
runGaugeB        = False
runGaugeC        = False
runGaugeD        = False
runGaugeDelta    = False

molecule = [ ["Hg", 80, 0.0, 0.0, 0.0, 54, 54] ]

# With the paramenters I got from Robert, the error is (1) higher than
#  what he gets and (2) dominated by the width of the Gaussian
# I get a much better agreement with the ideal value IF the Gaussian
#  size is reduced by one order of magnitude 3e4->3e5 for Ar
# It seems the position of the nucleus is also important: I get bad
#  results from D2 if I move the nucleus
# Higher prec with off centered nucleus is too demanding for my laptop

**************************************
80 [0.0, 0.0, 0.0]
Fermi Dirac potential
Using Half Charge Radius for Hg: 0.00012485722724
Integral of the Fermi-Dirac distribution via cartesian 3D integration: 8.635336356041519
The normalization constant is: 9.26425986221484
Integral of the Fermi-Dirac distribution via 3D integration: 80.00000000000004
3D density

*FunctionTree: nn
  genNodes: 0
  square norm: 5.68278e+14
  root scale: 0
  order: 8
  nodes: 712
  endNodes: 624
  nodes per scale: 
    scale=0  nodes=8
    scale=1  nodes=64
    scale=2  nodes=64
    scale=3  nodes=64
    scale=4  nodes=64
    scale=5  nodes=64
    scale=6  nodes=64
    scale=7  nodes=64
    scale=8  nodes=64
    scale=9  nodes=64
    scale=10  nodes=64
    scale=11  nodes=64

3D potential

*FunctionTree: nn
  genNodes: 0
  square norm: 98223.3
  root scale: 0
  order: 8
  nodes: 904
  endNodes: 792
  nodes per scale: 
    scale=0  nodes=8
    scale=1  nodes=64
    scale=2  nodes=64
    scale=3  nodes=64
    scale=4  nodes=64
    scale=5  nodes=64
    scale=6  nodes=64
    scale=7  nodes=64
    scale=8  nodes=64
    scale=9  nodes=64
    scale=10  nodes=64
    scale=11  nodes=64
    scale=12  nodes=64
    scale=13  nodes=64
    scale=14  nodes=64

Potential

*FunctionTree: nn
  genNodes: 0
  square norm: 98223.3
  root scale: 0
  order: 8
  nodes: 904
  endNodes: 792
  nodes per scale: 
    scale=0  nodes=8
    scale=1  nodes=64
    scale=2  nodes=64
    scale=3  nodes=64
    scale=4  nodes=64
    scale=5  nodes=64
    scale=6  nodes=64
    scale=7  nodes=64
    scale=8  nodes=64
    scale=9  nodes=64
    scale=10  nodes=64
    scale=11  nodes=64
    scale=12  nodes=64
    scale=13  nodes=64
    scale=14  nodes=64

Number of Atoms =  1
[['Hg', 80, 0.0, 0.0, 0.0, 54, 54]]
Using derivative  ABGV
One-electron calculations 1e-05
calc_dirac_mu 6267.737798868473 15327.908226044012 137.035999139
Error 0.04545768478679426
Delta E 15327.908226044012
Energy -3450.956833979999
Converged?  0.04545768478679426  >  0.0001   ----   15327.908226044012  >  1.0000000000000002e-06   ----  iteration 0
calc_dirac_mu 6327.8990636039925 15291.010768216696 137.035999139
Error 0.032625089004226615
Delta E 36.89745782731552
Energy -3487.8542918073144
Converged?  0.032625089004226615  >  0.0001   ----   36.89745782731552  >  1.0000000000000002e-06   ----  iteration 1
calc_dirac_mu 6366.628423819483 15267.210514182714 137.035999139
Error 0.019688944787954406
Delta E 23.800254033982128
Energy -3511.6545458412966
Converged?  0.019688944787954406  >  0.0001   ----   23.800254033982128  >  1.0000000000000002e-06   ----  iteration 2
calc_dirac_mu 6383.981337232901 15256.53462831525 137.035999139
Error 0.012959573195117492
Delta E 10.675885867463876
Energy -3522.3304317087604
Converged?  0.012959573195117492  >  0.0001   ----   10.675885867463876  >  1.0000000000000002e-06   ----  iteration 3
calc_dirac_mu 6390.879832058977 15252.288449984357 137.035999139
Error 0.007793975606632587
Delta E 4.246178330893599
Energy -3526.576610039654
Converged?  0.007793975606632587  >  0.0001   ----   4.246178330893599  >  1.0000000000000002e-06   ----  iteration 4
calc_dirac_mu 6393.534995596926 15250.653822172175 137.035999139
Error 0.004812571533046277
Delta E 1.6346278121818614
Energy -3528.211237851836
Converged?  0.004812571533046277  >  0.0001   ----   1.6346278121818614  >  1.0000000000000002e-06   ----  iteration 5
calc_dirac_mu 6394.473157735493 15250.076209105651 137.035999139
Error 0.0028682593796799235
Delta E 0.5776130665235542
Energy -3528.7888509183595
Converged?  0.0028682593796799235  >  0.0001   ----   0.5776130665235542  >  1.0000000000000002e-06   ----  iteration 6
calc_dirac_mu 6394.8017246674135 15249.873909952583 137.035999139
Error 0.0017373201811306115
Delta E 0.20229915306845214
Energy -3528.991150071428
Converged?  0.0017373201811306115  >  0.0001   ----   0.20229915306845214  >  1.0000000000000002e-06   ----  iteration 7
calc_dirac_mu 6396.774471234478 15248.659230498659 137.035999139
Error 0.0011078187788858584
Delta E 1.2146794539239636
Energy -3530.205829525352
Converged?  0.0011078187788858584  >  0.0001   ----   1.2146794539239636  >  1.0000000000000002e-06   ----  iteration 8
calc_dirac_mu 6396.833138873605 15248.623105585415 137.035999139
Error 0.000664633273024949
Delta E 0.03612491324383882
Energy -3530.2419544385957
Converged?  0.000664633273024949  >  0.0001   ----   0.03612491324383882  >  1.0000000000000002e-06   ----  iteration 9
calc_dirac_mu 6396.8619443408925 15248.605368433213 137.035999139
Error 0.00039773376007142463
Delta E 0.017737152202244033
Energy -3530.259691590798
Converged?  0.00039773376007142463  >  0.0001   ----   0.017737152202244033  >  1.0000000000000002e-06   ----  iteration 10
calc_dirac_mu 6396.877417737537 15248.595840580949 137.035999139
Error 0.00023964768729796152
Delta E 0.009527852264000103
Energy -3530.269219443062
Converged?  0.00023964768729796152  >  0.0001   ----   0.009527852264000103  >  1.0000000000000002e-06   ----  iteration 11
calc_dirac_mu 6396.881180793692 15248.593523451887 137.035999139
Error 0.00014404055493305958
Delta E 0.002317129061339074
Energy -3530.2715365721233
Converged?  0.00014404055493305958  >  0.0001   ----   0.002317129061339074  >  1.0000000000000002e-06   ----  iteration 12
calc_dirac_mu 6396.881297084677 15248.593451844867 137.035999139
Error 8.688103344884153e-05
Delta E 7.160702080000192e-05
Energy -3530.271608179144
Converged?  8.688103344884153e-05  >  0.0001   ----   7.160702080000192e-05  >  1.0000000000000002e-06   ----  iteration 13
calc_dirac_mu 6396.882269671973 15248.59285296714 137.035999139
Error 5.2420295672939606e-05
Delta E 0.0005988777265883982
Energy -3530.2722070568707
Converged?  5.2420295672939606e-05  >  0.0001   ----   0.0005988777265883982  >  1.0000000000000002e-06   ----  iteration 14
Classic-like energies: cke = 7147.277356367676, cpe = -10343.076843417772, cke + cpe = -3195.799487050096
Exact Energy = -3532.192093162126
Dirac Energy = -3530.2723910160257
Kutze Energy = -3527.0193261406794
Error Kutze  = 5.172767021445907
Error Dirac  = 1.9197021461004624
Delta Energy = -0.00018395915503788274
Dirac - Kutzelnigg = -3.2530648753454443

PARAMETERS:
molecule    = [['Hg', 80, 0.0, 0.0, 0.0, 54, 54]]
D2          = False
prec        = 5
derivative  = ABGV
box         = 1

-------------------------------
Hg 1 0 5 ABGV 1
-------------------------------
Now executing: python test.py Input_Making/input__Hg105BS.txt
Input file: Input_Making/input__Hg105BS.txt
Output file: outputs/output__Hg105BS.txt
light_speed = 137.03599913900001  # default 137.03599913900001
derivative = "BS"         # possible values: PH, ABGV, BS
order = 8
box = 1
prec = 1.0e-5                 # precision threshold for the MRA operations
thr  = 1.0e-4                  # error threshold for SCF convergence

readPotential    = False         # bool
computePotential = True         # bool 
savePotential    = False         # bool
potential = "fermi_dirac"       # possible values: point_charge coulomb_HFYGB homogeneus_charge_sphere gaussian

readOrbitals     = False         # bool
saveOrbitals     = False         # bool
saveGuess        = False

scf              = True
ktrs             = False
D2               = False         # bool
two_electrons    = False         # bool

runGaunt         = False
runGaugeA        = False
runGaugeB        = False
runGaugeC        = False
runGaugeD        = False
runGaugeDelta    = False

molecule = [ ["Hg", 80, 0.0, 0.0, 0.0, 54, 54] ]

# With the paramenters I got from Robert, the error is (1) higher than
#  what he gets and (2) dominated by the width of the Gaussian
# I get a much better agreement with the ideal value IF the Gaussian
#  size is reduced by one order of magnitude 3e4->3e5 for Ar
# It seems the position of the nucleus is also important: I get bad
#  results from D2 if I move the nucleus
# Higher prec with off centered nucleus is too demanding for my laptop

**************************************
80 [0.0, 0.0, 0.0]
Fermi Dirac potential
Using Half Charge Radius for Hg: 0.00012485722724
Integral of the Fermi-Dirac distribution via cartesian 3D integration: 8.635336356041519
The normalization constant is: 9.26425986221484
Integral of the Fermi-Dirac distribution via 3D integration: 80.00000000000004
3D density

*FunctionTree: nn
  genNodes: 0
  square norm: 5.68278e+14
  root scale: 0
  order: 8
  nodes: 712
  endNodes: 624
  nodes per scale: 
    scale=0  nodes=8
    scale=1  nodes=64
    scale=2  nodes=64
    scale=3  nodes=64
    scale=4  nodes=64
    scale=5  nodes=64
    scale=6  nodes=64
    scale=7  nodes=64
    scale=8  nodes=64
    scale=9  nodes=64
    scale=10  nodes=64
    scale=11  nodes=64

3D potential

*FunctionTree: nn
  genNodes: 0
  square norm: 98223.3
  root scale: 0
  order: 8
  nodes: 904
  endNodes: 792
  nodes per scale: 
    scale=0  nodes=8
    scale=1  nodes=64
    scale=2  nodes=64
    scale=3  nodes=64
    scale=4  nodes=64
    scale=5  nodes=64
    scale=6  nodes=64
    scale=7  nodes=64
    scale=8  nodes=64
    scale=9  nodes=64
    scale=10  nodes=64
    scale=11  nodes=64
    scale=12  nodes=64
    scale=13  nodes=64
    scale=14  nodes=64

Potential

*FunctionTree: nn
  genNodes: 0
  square norm: 98223.3
  root scale: 0
  order: 8
  nodes: 904
  endNodes: 792
  nodes per scale: 
    scale=0  nodes=8
    scale=1  nodes=64
    scale=2  nodes=64
    scale=3  nodes=64
    scale=4  nodes=64
    scale=5  nodes=64
    scale=6  nodes=64
    scale=7  nodes=64
    scale=8  nodes=64
    scale=9  nodes=64
    scale=10  nodes=64
    scale=11  nodes=64
    scale=12  nodes=64
    scale=13  nodes=64
    scale=14  nodes=64

Number of Atoms =  1
[['Hg', 80, 0.0, 0.0, 0.0, 54, 54]]
Using derivative  BS
One-electron calculations 1e-05
calc_dirac_mu 6268.051333527252 15327.71616259183 137.035999139
Error 0.045467415755271766
Delta E 15327.71616259183
Energy -3451.14889743218
Converged?  0.045467415755271766  >  0.0001   ----   15327.71616259183  >  1.0000000000000002e-06   ----  iteration 0
calc_dirac_mu 6328.3487318972175 15290.734647279663 137.035999139
Error 0.032636356521488025
Delta E 36.981515312167176
Energy -3488.1304127443473
Converged?  0.032636356521488025  >  0.0001   ----   36.981515312167176  >  1.0000000000000002e-06   ----  iteration 1
calc_dirac_mu 6367.441582461109 15266.710408204111 137.035999139
Error 0.019708184114006808
Delta E 24.024239075552032
Energy -3512.1546518198993
Converged?  0.019708184114006808  >  0.0001   ----   24.024239075552032  >  1.0000000000000002e-06   ----  iteration 2
calc_dirac_mu 6385.037027626096 15255.884903785274 137.035999139
Error 0.012978341773205481
Delta E 10.825504418837227
Energy -3522.9801562387365
Converged?  0.012978341773205481  >  0.0001   ----   10.825504418837227  >  1.0000000000000002e-06   ----  iteration 3
calc_dirac_mu 6392.209903849238 15251.46962501833 137.035999139
Error 0.00781447604347295
Delta E 4.415278766944539
Energy -3527.395435005681
Converged?  0.00781447604347295  >  0.0001   ----   4.415278766944539  >  1.0000000000000002e-06   ----  iteration 4
calc_dirac_mu 6395.026941975485 15249.735241767807 137.035999139
Error 0.004829180856726452
Delta E 1.734383250523024
Energy -3529.129818256204
Converged?  0.004829180856726452  >  0.0001   ----   1.734383250523024  >  1.0000000000000002e-06   ----  iteration 5
calc_dirac_mu 6396.102183308461 15249.073189283214 137.035999139
Error 0.0028825040899909554
Delta E 0.6620524845930049
Energy -3529.791870740797
Converged?  0.0028825040899909554  >  0.0001   ----   0.6620524845930049  >  1.0000000000000002e-06   ----  iteration 6
calc_dirac_mu 6396.510836515176 15248.821563933747 137.035999139
Error 0.0017472512595866933
Delta E 0.251625349466849
Energy -3530.043496090264
Converged?  0.0017472512595866933  >  0.0001   ----   0.251625349466849  >  1.0000000000000002e-06   ----  iteration 7
calc_dirac_mu 6396.664280679424 15248.727080692217 137.035999139
Error 0.0010439458983163897
Delta E 0.09448324152981513
Energy -3530.1379793317938
Converged?  0.0010439458983163897  >  0.0001   ----   0.09448324152981513  >  1.0000000000000002e-06   ----  iteration 8
calc_dirac_mu 6396.722854528156 15248.691013691465 137.035999139
Error 0.0006300744835549158
Delta E 0.036067000752154854
Energy -3530.174046332546
Converged?  0.0006300744835549158  >  0.0001   ----   0.036067000752154854  >  1.0000000000000002e-06   ----  iteration 9
calc_dirac_mu 6396.74516160632 15248.677278027235 137.035999139
Error 0.00037791273398494124
Delta E 0.013735664229898248
Energy -3530.187781996776
Converged?  0.00037791273398494124  >  0.0001   ----   0.013735664229898248  >  1.0000000000000002e-06   ----  iteration 10
calc_dirac_mu 6396.75397299242 15248.6718523809 137.035999139
Error 0.00022812611282985832
Delta E 0.005425646335424972
Energy -3530.1932076431112
Converged?  0.00022812611282985832  >  0.0001   ----   0.005425646335424972  >  1.0000000000000002e-06   ----  iteration 11
calc_dirac_mu 6396.75749994541 15248.669680644907 137.035999139
Error 0.0001373355251518149
Delta E 0.002171735992305912
Energy -3530.1953793791035
Converged?  0.0001373355251518149  >  0.0001   ----   0.002171735992305912  >  1.0000000000000002e-06   ----  iteration 12
calc_dirac_mu 6396.759006735366 15248.668752832622 137.035999139
Error 8.300408596776239e-05
Delta E 0.0009278122852265369
Energy -3530.1963071913888
Converged?  8.300408596776239e-05  >  0.0001   ----   0.0009278122852265369  >  1.0000000000000002e-06   ----  iteration 13
calc_dirac_mu 6396.759674573221 15248.668341608622 137.035999139
Error 0.0002651150747327755
Delta E 0.00041122400034510065
Energy -3530.196718415389
Converged?  0.0002651150747327755  >  0.0001   ----   0.00041122400034510065  >  1.0000000000000002e-06   ----  iteration 14
Classic-like energies: cke = 7139.53982799052, cpe = -10335.15580099579, cke + cpe = -3195.6159730052696
Exact Energy = -3532.192093162126
Dirac Energy = -3530.2022269271965
Kutze Energy = -3526.7933757857018
Error Kutze  = 5.398717376425338
Error Dirac  = 1.98986623492965
Delta Energy = -0.005508511807420291
Dirac - Kutzelnigg = -3.4088511414956884

PARAMETERS:
molecule    = [['Hg', 80, 0.0, 0.0, 0.0, 54, 54]]
D2          = False
prec        = 5
derivative  = BS
box         = 1

-------------------------------
Hg 1 0 5 BS 1
-------------------------------
Now executing: python test.py Input_Making/input__Hg105PH.txt
Input file: Input_Making/input__Hg105PH.txt
Output file: outputs/output__Hg105PH.txt
light_speed = 137.03599913900001  # default 137.03599913900001
derivative = "PH"         # possible values: PH, ABGV, BS
order = 8
box = 1
prec = 1.0e-5                 # precision threshold for the MRA operations
thr  = 1.0e-4                  # error threshold for SCF convergence

readPotential    = False         # bool
computePotential = True         # bool 
savePotential    = False         # bool
potential = "fermi_dirac"       # possible values: point_charge coulomb_HFYGB homogeneus_charge_sphere gaussian

readOrbitals     = False         # bool
saveOrbitals     = False         # bool
saveGuess        = False

scf              = True
ktrs             = False
D2               = False         # bool
two_electrons    = False         # bool

runGaunt         = False
runGaugeA        = False
runGaugeB        = False
runGaugeC        = False
runGaugeD        = False
runGaugeDelta    = False

molecule = [ ["Hg", 80, 0.0, 0.0, 0.0, 54, 54] ]

# With the paramenters I got from Robert, the error is (1) higher than
#  what he gets and (2) dominated by the width of the Gaussian
# I get a much better agreement with the ideal value IF the Gaussian
#  size is reduced by one order of magnitude 3e4->3e5 for Ar
# It seems the position of the nucleus is also important: I get bad
#  results from D2 if I move the nucleus
# Higher prec with off centered nucleus is too demanding for my laptop

**************************************
80 [0.0, 0.0, 0.0]
Fermi Dirac potential
Using Half Charge Radius for Hg: 0.00012485722724
Integral of the Fermi-Dirac distribution via cartesian 3D integration: 8.635336356041519
The normalization constant is: 9.26425986221484
Integral of the Fermi-Dirac distribution via 3D integration: 80.00000000000004
3D density

*FunctionTree: nn
  genNodes: 0
  square norm: 5.68278e+14
  root scale: 0
  order: 8
  nodes: 712
  endNodes: 624
  nodes per scale: 
    scale=0  nodes=8
    scale=1  nodes=64
    scale=2  nodes=64
    scale=3  nodes=64
    scale=4  nodes=64
    scale=5  nodes=64
    scale=6  nodes=64
    scale=7  nodes=64
    scale=8  nodes=64
    scale=9  nodes=64
    scale=10  nodes=64
    scale=11  nodes=64

3D potential

*FunctionTree: nn
  genNodes: 0
  square norm: 98223.3
  root scale: 0
  order: 8
  nodes: 904
  endNodes: 792
  nodes per scale: 
    scale=0  nodes=8
    scale=1  nodes=64
    scale=2  nodes=64
    scale=3  nodes=64
    scale=4  nodes=64
    scale=5  nodes=64
    scale=6  nodes=64
    scale=7  nodes=64
    scale=8  nodes=64
    scale=9  nodes=64
    scale=10  nodes=64
    scale=11  nodes=64
    scale=12  nodes=64
    scale=13  nodes=64
    scale=14  nodes=64

Potential

*FunctionTree: nn
  genNodes: 0
  square norm: 98223.3
  root scale: 0
  order: 8
  nodes: 904
  endNodes: 792
  nodes per scale: 
    scale=0  nodes=8
    scale=1  nodes=64
    scale=2  nodes=64
    scale=3  nodes=64
    scale=4  nodes=64
    scale=5  nodes=64
    scale=6  nodes=64
    scale=7  nodes=64
    scale=8  nodes=64
    scale=9  nodes=64
    scale=10  nodes=64
    scale=11  nodes=64
    scale=12  nodes=64
    scale=13  nodes=64
    scale=14  nodes=64

Number of Atoms =  1
[['Hg', 80, 0.0, 0.0, 0.0, 54, 54]]
Using derivative  PH
One-electron calculations 1e-05
calc_dirac_mu 6267.854048573587 15327.837014676992 137.035999139
Error 0.04546132279403233
Delta E 15327.837014676992
Energy -3451.0280453470186
Converged?  0.04546132279403233  >  0.0001   ----   15327.837014676992  >  1.0000000000000002e-06   ----  iteration 0
calc_dirac_mu 6328.2233553516835 15290.811635840297 137.035999139
Error 0.03263507688330045
Delta E 37.02537883669538
Energy -3488.053424183714
Converged?  0.03263507688330045  >  0.0001   ----   37.02537883669538  >  1.0000000000000002e-06   ----  iteration 1
calc_dirac_mu 6367.256552023892 15266.82420641504 137.035999139
Error 0.019705610176559876
Delta E 23.987429425256778
Energy -3512.040853608971
Converged?  0.019705610176559876  >  0.0001   ----   23.987429425256778  >  1.0000000000000002e-06   ----  iteration 2
calc_dirac_mu 6384.823959894548 15256.016038524696 137.035999139
Error 0.012976503201087283
Delta E 10.808167890343611
Energy -3522.8490214993144
Converged?  0.012976503201087283  >  0.0001   ----   10.808167890343611  >  1.0000000000000002e-06   ----  iteration 3
calc_dirac_mu 6391.95056639666 15251.62928299412 137.035999139
Error 0.00781194803284887
Delta E 4.38675553057692
Energy -3527.2357770298913
Converged?  0.00781194803284887  >  0.0001   ----   4.38675553057692  >  1.0000000000000002e-06   ----  iteration 4
calc_dirac_mu 6394.7433831249045 15249.90983112381 137.035999139
Error 0.004827388373386957
Delta E 1.719451870309058
Energy -3528.9552289002004
Converged?  0.004827388373386957  >  0.0001   ----   1.719451870309058  >  1.0000000000000002e-06   ----  iteration 5
calc_dirac_mu 6395.796499719303 15249.261409097424 137.035999139
Error 0.002880828071195699
Delta E 0.64842202638647
Energy -3529.603650926587
Converged?  0.002880828071195699  >  0.0001   ----   0.64842202638647  >  1.0000000000000002e-06   ----  iteration 6
calc_dirac_mu 6396.193274745347 15249.017100728646 137.035999139
Error 0.0017461571896646363
Delta E 0.24430836877763795
Energy -3529.8479592953645
Converged?  0.0017461571896646363  >  0.0001   ----   0.24430836877763795  >  1.0000000000000002e-06   ----  iteration 7
calc_dirac_mu 6396.33736134228 15248.928380563466 137.035999139
Error 0.0010539343674359474
Delta E 0.08872016518034798
Energy -3529.936679460545
Converged?  0.0010539343674359474  >  0.0001   ----   0.08872016518034798  >  1.0000000000000002e-06   ----  iteration 8
calc_dirac_mu 6396.471830657735 15248.845581696482 137.035999139
Error 0.0006332089357413711
Delta E 0.08279886698437622
Energy -3530.019478327529
Converged?  0.0006332089357413711  >  0.0001   ----   0.08279886698437622  >  1.0000000000000002e-06   ----  iteration 9
calc_dirac_mu 6396.4994804242615 15248.828556423268 137.035999139
Error 0.00038147789468233155
Delta E 0.017025273213221226
Energy -3530.0365036007424
Converged?  0.00038147789468233155  >  0.0001   ----   0.017025273213221226  >  1.0000000000000002e-06   ----  iteration 10
calc_dirac_mu 6396.500308946252 15248.828046262674 137.035999139
Error 0.00022995724663145648
Delta E 0.0005101605947857024
Energy -3530.037013761337
Converged?  0.00022995724663145648  >  0.0001   ----   0.0005101605947857024  >  1.0000000000000002e-06   ----  iteration 11
calc_dirac_mu 6396.50239930838 15248.826759126709 137.035999139
Error 0.00013917722995088888
Delta E 0.0012871359649579972
Energy -3530.038300897302
Converged?  0.00013917722995088888  >  0.0001   ----   0.0012871359649579972  >  1.0000000000000002e-06   ----  iteration 12
calc_dirac_mu 6396.502485911642 15248.826705800935 137.035999139
Error 8.413104896218977e-05
Delta E 5.3325773478718475e-05
Energy -3530.0383542230757
Converged?  8.413104896218977e-05  >  0.0001   ----   5.3325773478718475e-05  >  1.0000000000000002e-06   ----  iteration 13
calc_dirac_mu 6396.502535292836 15248.82667539457 137.035999139
Error 5.103102720920583e-05
Delta E 3.0406365112867206e-05
Energy -3530.0383846294408
Converged?  5.103102720920583e-05  >  0.0001   ----   3.0406365112867206e-05  >  1.0000000000000002e-06   ----  iteration 14
Classic-like energies: cke = 7143.935353058795, cpe = -10349.176549406917, cke + cpe = -3205.241196348122
Exact Energy = -3532.192093162126
Dirac Energy = -3530.038323580213
Kutze Energy = -3538.6488830635285
Error Kutze  = -6.456789901403681
Error Dirac  = 2.153769581913366
Delta Energy = 6.104922795202583e-05
Dirac - Kutzelnigg = 8.610559483317047

PARAMETERS:
molecule    = [['Hg', 80, 0.0, 0.0, 0.0, 54, 54]]
D2          = False
prec        = 5
derivative  = PH
box         = 1

-------------------------------
Hg 1 0 5 PH 1
-------------------------------
Now executing: python test.py Input_Making/input__Hg106ABGV.txt
Input file: Input_Making/input__Hg106ABGV.txt
Output file: outputs/output__Hg106ABGV.txt
light_speed = 137.03599913900001  # default 137.03599913900001
derivative = "ABGV"         # possible values: PH, ABGV, BS
order = 9
box = 1
prec = 1.0e-6                 # precision threshold for the MRA operations
thr  = 1.0e-5                  # error threshold for SCF convergence

readPotential    = False         # bool
computePotential = True         # bool 
savePotential    = False         # bool
potential = "fermi_dirac"       # possible values: point_charge coulomb_HFYGB homogeneus_charge_sphere gaussian

readOrbitals     = False         # bool
saveOrbitals     = False         # bool
saveGuess        = False

scf              = True
ktrs             = False
D2               = False         # bool
two_electrons    = False         # bool

runGaunt         = False
runGaugeA        = False
runGaugeB        = False
runGaugeC        = False
runGaugeD        = False
runGaugeDelta    = False

molecule = [ ["Hg", 80, 0.0, 0.0, 0.0, 54, 54] ]

# With the paramenters I got from Robert, the error is (1) higher than
#  what he gets and (2) dominated by the width of the Gaussian
# I get a much better agreement with the ideal value IF the Gaussian
#  size is reduced by one order of magnitude 3e4->3e5 for Ar
# It seems the position of the nucleus is also important: I get bad
#  results from D2 if I move the nucleus
# Higher prec with off centered nucleus is too demanding for my laptop

**************************************
80 [0.0, 0.0, 0.0]
Fermi Dirac potential
Using Half Charge Radius for Hg: 0.00012485722724
Integral of the Fermi-Dirac distribution via cartesian 3D integration: 8.658788733248503
The normalization constant is: 9.239167563104006
Integral of the Fermi-Dirac distribution via 3D integration: 79.99999999999952
3D density

*FunctionTree: nn
  genNodes: 0
  square norm: 5.70217e+14
  root scale: 0
  order: 9
  nodes: 840
  endNodes: 736
  nodes per scale: 
    scale=0  nodes=8
    scale=1  nodes=64
    scale=2  nodes=64
    scale=3  nodes=64
    scale=4  nodes=64
    scale=5  nodes=64
    scale=6  nodes=64
    scale=7  nodes=64
    scale=8  nodes=64
    scale=9  nodes=64
    scale=10  nodes=64
    scale=11  nodes=64
    scale=12  nodes=64
    scale=13  nodes=64

3D potential

*FunctionTree: nn
  genNodes: 0
  square norm: 98223.3
  root scale: 0
  order: 9
  nodes: 1096
  endNodes: 960
  nodes per scale: 
    scale=0  nodes=8
    scale=1  nodes=64
    scale=2  nodes=64
    scale=3  nodes=64
    scale=4  nodes=64
    scale=5  nodes=64
    scale=6  nodes=64
    scale=7  nodes=64
    scale=8  nodes=64
    scale=9  nodes=64
    scale=10  nodes=64
    scale=11  nodes=64
    scale=12  nodes=64
    scale=13  nodes=64
    scale=14  nodes=256

Potential

*FunctionTree: nn
  genNodes: 0
  square norm: 98223.3
  root scale: 0
  order: 9
  nodes: 1096
  endNodes: 960
  nodes per scale: 
    scale=0  nodes=8
    scale=1  nodes=64
    scale=2  nodes=64
    scale=3  nodes=64
    scale=4  nodes=64
    scale=5  nodes=64
    scale=6  nodes=64
    scale=7  nodes=64
    scale=8  nodes=64
    scale=9  nodes=64
    scale=10  nodes=64
    scale=11  nodes=64
    scale=12  nodes=64
    scale=13  nodes=64
    scale=14  nodes=256

Number of Atoms =  1
[['Hg', 80, 0.0, 0.0, 0.0, 54, 54]]
Using derivative  ABGV
One-electron calculations 1e-06
calc_dirac_mu 6267.729234807592 15327.913472138709 137.035999139
Error 0.045457048491294665
Delta E 15327.913472138709
Energy -3450.9515878853017
Converged?  0.045457048491294665  >  9.999999999999999e-06   ----   15327.913472138709  >  1e-07   ----  iteration 0
calc_dirac_mu 6328.371770850763 15290.72049996726 137.035999139
Error 0.03264249232258787
Delta E 37.19297217144958
Energy -3488.1445600567513
Converged?  0.03264249232258787  >  9.999999999999999e-06   ----   37.19297217144958  >  1e-07   ----  iteration 1
calc_dirac_mu 6367.396237641072 15266.738296447751 137.035999139
Error 0.019710079080473113
Delta E 23.982203519508403
Energy -3512.1267635762597
Converged?  0.019710079080473113  >  9.999999999999999e-06   ----   23.982203519508403  >  1e-07   ----  iteration 2
calc_dirac_mu 6384.99890469809 15255.908367018468 137.035999139
Error 0.012981187811661339
Delta E 10.829929429282856
Energy -3522.9566930055425
Converged?  0.012981187811661339  >  9.999999999999999e-06   ----   10.829929429282856  >  1e-07   ----  iteration 3
calc_dirac_mu 6392.161637254645 15251.499339891916 137.035999139
Error 0.007816283223902525
Delta E 4.409027126552246
Energy -3527.365720132095
Converged?  0.007816283223902525  >  9.999999999999999e-06   ----   4.409027126552246  >  1e-07   ----  iteration 4
calc_dirac_mu 6394.992078802057 15249.756707398463 137.035999139
Error 0.004831875165574619
Delta E 1.7426324934531294
Energy -3529.108352625548
Converged?  0.004831875165574619  >  9.999999999999999e-06   ----   1.7426324934531294  >  1e-07   ----  iteration 5
calc_dirac_mu 6396.059164282811 15249.099677705362 137.035999139
Error 0.0028840940428156844
Delta E 0.6570296931004123
Energy -3529.7653823186483
Converged?  0.0028840940428156844  >  9.999999999999999e-06   ----   0.6570296931004123  >  1e-07   ----  iteration 6
calc_dirac_mu 6396.449304033982 15248.859452393546 137.035999139
Error 0.00174810291529976
Delta E 0.24022531181617524
Energy -3530.0056076304645
Converged?  0.00174810291529976  >  9.999999999999999e-06   ----   0.24022531181617524  >  1e-07   ----  iteration 7
calc_dirac_mu 6396.600055004792 15248.76662772152 137.035999139
Error 0.0010446077566017026
Delta E 0.0928246720268362
Energy -3530.0984323024913
Converged?  0.0010446077566017026  >  9.999999999999999e-06   ----   0.0928246720268362  >  1e-07   ----  iteration 8
calc_dirac_mu 6396.653463527528 15248.733741372494 137.035999139
Error 0.0006305817749115688
Delta E 0.03288634902492049
Energy -3530.1313186515163
Converged?  0.0006305817749115688  >  9.999999999999999e-06   ----   0.03288634902492049  >  1e-07   ----  iteration 9
calc_dirac_mu 6396.67400511962 15248.721092848606 137.035999139
Error 0.0003782829287675341
Delta E 0.012648523888856289
Energy -3530.143967175405
Converged?  0.0003782829287675341  >  9.999999999999999e-06   ----   0.012648523888856289  >  1e-07   ----  iteration 10
calc_dirac_mu 6396.681201936102 15248.716661392866 137.035999139
Error 0.0002284222213165207
Delta E 0.004431455739904777
Energy -3530.148398631145
Converged?  0.0002284222213165207  >  9.999999999999999e-06   ----   0.004431455739904777  >  1e-07   ----  iteration 11
calc_dirac_mu 6396.683970524946 15248.714956627791 137.035999139
Error 0.00013754418867054452
Delta E 0.001704765074464376
Energy -3530.1501033962195
Converged?  0.00013754418867054452  >  9.999999999999999e-06   ----   0.001704765074464376  >  1e-07   ----  iteration 12
calc_dirac_mu 6396.685030719647 15248.714303810366 137.035999139
Error 8.316836891756467e-05
Delta E 0.000652817425361718
Energy -3530.150756213645
Converged?  8.316836891756467e-05  >  9.999999999999999e-06   ----   0.000652817425361718  >  1e-07   ----  iteration 13
calc_dirac_mu 6396.685390941867 15248.714082002665 137.035999139
Error 5.021970070652092e-05
Delta E 0.0002218077006546082
Energy -3530.1509780213455
Converged?  5.021970070652092e-05  >  9.999999999999999e-06   ----   0.0002218077006546082  >  1e-07   ----  iteration 14
Classic-like energies: cke = 7149.415231863665, cpe = -10347.973557987945, cke + cpe = -3198.55832612428
Exact Energy = -3532.192093162126
Dirac Energy = -3530.1510582154333
Kutze Energy = -3530.416530524941
Error Kutze  = 1.7755626371836115
Error Dirac  = 2.041034946692889
Delta Energy = -8.019408778636716e-05
Dirac - Kutzelnigg = 0.2654723095074587

PARAMETERS:
molecule    = [['Hg', 80, 0.0, 0.0, 0.0, 54, 54]]
D2          = False
prec        = 6
derivative  = ABGV
box         = 1

-------------------------------
Hg 1 0 6 ABGV 1
-------------------------------
Now executing: python test.py Input_Making/input__Hg106BS.txt
Input file: Input_Making/input__Hg106BS.txt
Output file: outputs/output__Hg106BS.txt
light_speed = 137.03599913900001  # default 137.03599913900001
derivative = "BS"         # possible values: PH, ABGV, BS
order = 9
box = 1
prec = 1.0e-6                 # precision threshold for the MRA operations
thr  = 1.0e-5                  # error threshold for SCF convergence

readPotential    = False         # bool
computePotential = True         # bool 
savePotential    = False         # bool
potential = "fermi_dirac"       # possible values: point_charge coulomb_HFYGB homogeneus_charge_sphere gaussian

readOrbitals     = False         # bool
saveOrbitals     = False         # bool
saveGuess        = False

scf              = True
ktrs             = False
D2               = False         # bool
two_electrons    = False         # bool

runGaunt         = False
runGaugeA        = False
runGaugeB        = False
runGaugeC        = False
runGaugeD        = False
runGaugeDelta    = False

molecule = [ ["Hg", 80, 0.0, 0.0, 0.0, 54, 54] ]

# With the paramenters I got from Robert, the error is (1) higher than
#  what he gets and (2) dominated by the width of the Gaussian
# I get a much better agreement with the ideal value IF the Gaussian
#  size is reduced by one order of magnitude 3e4->3e5 for Ar
# It seems the position of the nucleus is also important: I get bad
#  results from D2 if I move the nucleus
# Higher prec with off centered nucleus is too demanding for my laptop

**************************************
80 [0.0, 0.0, 0.0]
Fermi Dirac potential
Using Half Charge Radius for Hg: 0.00012485722724
Integral of the Fermi-Dirac distribution via cartesian 3D integration: 8.658788733248503
The normalization constant is: 9.239167563104006
Integral of the Fermi-Dirac distribution via 3D integration: 79.99999999999952
3D density

*FunctionTree: nn
  genNodes: 0
  square norm: 5.70217e+14
  root scale: 0
  order: 9
  nodes: 840
  endNodes: 736
  nodes per scale: 
    scale=0  nodes=8
    scale=1  nodes=64
    scale=2  nodes=64
    scale=3  nodes=64
    scale=4  nodes=64
    scale=5  nodes=64
    scale=6  nodes=64
    scale=7  nodes=64
    scale=8  nodes=64
    scale=9  nodes=64
    scale=10  nodes=64
    scale=11  nodes=64
    scale=12  nodes=64
    scale=13  nodes=64

3D potential

*FunctionTree: nn
  genNodes: 0
  square norm: 98223.3
  root scale: 0
  order: 9
  nodes: 1096
  endNodes: 960
  nodes per scale: 
    scale=0  nodes=8
    scale=1  nodes=64
    scale=2  nodes=64
    scale=3  nodes=64
    scale=4  nodes=64
    scale=5  nodes=64
    scale=6  nodes=64
    scale=7  nodes=64
    scale=8  nodes=64
    scale=9  nodes=64
    scale=10  nodes=64
    scale=11  nodes=64
    scale=12  nodes=64
    scale=13  nodes=64
    scale=14  nodes=256

Potential

*FunctionTree: nn
  genNodes: 0
  square norm: 98223.3
  root scale: 0
  order: 9
  nodes: 1096
  endNodes: 960
  nodes per scale: 
    scale=0  nodes=8
    scale=1  nodes=64
    scale=2  nodes=64
    scale=3  nodes=64
    scale=4  nodes=64
    scale=5  nodes=64
    scale=6  nodes=64
    scale=7  nodes=64
    scale=8  nodes=64
    scale=9  nodes=64
    scale=10  nodes=64
    scale=11  nodes=64
    scale=12  nodes=64
    scale=13  nodes=64
    scale=14  nodes=256

Number of Atoms =  1
[['Hg', 80, 0.0, 0.0, 0.0, 54, 54]]
Using derivative  BS
One-electron calculations 1e-06
calc_dirac_mu 6267.746167911857 15327.903099409628 137.035999139
Error 0.04545756593070287
Delta E 15327.903099409628
Energy -3450.9619606143824
Converged?  0.04545756593070287  >  9.999999999999999e-06   ----   15327.903099409628  >  1e-07   ----  iteration 0
calc_dirac_mu 6328.30366739638 15290.762319573834 137.035999139
Error 0.0326397369878908
Delta E 37.14077983579409
Energy -3488.1027404501765
Converged?  0.0326397369878908  >  9.999999999999999e-06   ----   37.14077983579409  >  1e-07   ----  iteration 1
calc_dirac_mu 6367.447044275339 15266.707049042872 137.035999139
Error 0.019712976123463705
Delta E 24.055270530961934
Energy -3512.1580109811384
Converged?  0.019712976123463705  >  9.999999999999999e-06   ----   24.055270530961934  >  1e-07   ----  iteration 2
calc_dirac_mu 6385.036509424598 15255.885222719113 137.035999139
Error 0.01298226735240862
Delta E 10.821826323759524
Energy -3522.979837304898
Converged?  0.01298226735240862  >  9.999999999999999e-06   ----   10.821826323759524  >  1e-07   ----  iteration 3
calc_dirac_mu 6392.210985780049 15251.46895893717 137.035999139
Error 0.00781735860964298
Delta E 4.416263781942689
Energy -3527.3961010868406
Converged?  0.00781735860964298  >  9.999999999999999e-06   ----   4.416263781942689  >  1e-07   ----  iteration 4
calc_dirac_mu 6395.017230864298 15249.741221006394 137.035999139
Error 0.004831549349377236
Delta E 1.7277379307761294
Energy -3529.123839017617
Converged?  0.004831549349377236  >  9.999999999999999e-06   ----   1.7277379307761294  >  1e-07   ----  iteration 5
calc_dirac_mu 6396.087441589406 15249.082266315865 137.035999139
Error 0.0028840552818263556
Delta E 0.6589546905288444
Energy -3529.7827937081456
Converged?  0.0028840552818263556  >  9.999999999999999e-06   ----   0.6589546905288444  >  1e-07   ----  iteration 6
calc_dirac_mu 6396.489871963715 15248.834472810497 137.035999139
Error 0.001748552359088077
Delta E 0.24779350536846323
Energy -3530.030587213514
Converged?  0.001748552359088077  >  9.999999999999999e-06   ----   0.24779350536846323  >  1e-07   ----  iteration 7
calc_dirac_mu 6396.639894859725 15248.74209629941 137.035999139
Error 0.0010448267758688453
Delta E 0.09237651108742284
Energy -3530.1229637246015
Converged?  0.0010448267758688453  >  9.999999999999999e-06   ----   0.09237651108742284  >  1e-07   ----  iteration 8
calc_dirac_mu 6396.695553112869 15248.70782462004 137.035999139
Error 0.0006307929171454261
Delta E 0.034271679369339836
Energy -3530.157235403971
Converged?  0.0006307929171454261  >  9.999999999999999e-06   ----   0.034271679369339836  >  1e-07   ----  iteration 9
calc_dirac_mu 6396.716141308247 15248.695147378532 137.035999139
Error 0.0003784036214442876
Delta E 0.012677241507844883
Energy -3530.1699126454787
Converged?  0.0003784036214442876  >  9.999999999999999e-06   ----   0.012677241507844883  >  1e-07   ----  iteration 10
calc_dirac_mu 6396.723740777146 15248.690467980672 137.035999139
Error 0.00022850729304831145
Delta E 0.004679397859945311
Energy -3530.1745920433386
Converged?  0.00022850729304831145  >  9.999999999999999e-06   ----   0.004679397859945311  >  1e-07   ----  iteration 11
calc_dirac_mu 6396.726547094186 15248.688739981402 137.035999139
Error 0.00013759458255002672
Delta E 0.0017279992698604474
Energy -3530.1763200426085
Converged?  0.00013759458255002672  >  9.999999999999999e-06   ----   0.0017279992698604474  >  1e-07   ----  iteration 12
calc_dirac_mu 6396.72758227123 15248.688102567565 137.035999139
Error 8.31968212324646e-05
Delta E 0.0006374138374667382
Energy -3530.176957456446
Converged?  8.31968212324646e-05  >  9.999999999999999e-06   ----   0.0006374138374667382  >  1e-07   ----  iteration 13
calc_dirac_mu 6396.727963444823 15248.687867858602 137.035999139
Error 5.0237256222726596e-05
Delta E 0.00023470896303479094
Energy -3530.177192165409
Converged?  5.0237256222726596e-05  >  9.999999999999999e-06   ----   0.00023470896303479094  >  1e-07   ----  iteration 14
Classic-like energies: cke = 7149.476243456017, cpe = -10347.82634038866, cke + cpe = -3198.3500969326424
Exact Energy = -3532.192093162126
Dirac Energy = -3530.177278722136
Kutze Energy = -3530.1600929599226
Error Kutze  = 2.0320002022017434
Error Dirac  = 2.0148144399900048
Delta Energy = -8.655672718305141e-05
Dirac - Kutzelnigg = -0.0171857622153766

PARAMETERS:
molecule    = [['Hg', 80, 0.0, 0.0, 0.0, 54, 54]]
D2          = False
prec        = 6
derivative  = BS
box         = 1

-------------------------------
Hg 1 0 6 BS 1
-------------------------------
Now executing: python test.py Input_Making/input__Hg106PH.txt
Input file: Input_Making/input__Hg106PH.txt
Output file: outputs/output__Hg106PH.txt
light_speed = 137.03599913900001  # default 137.03599913900001
derivative = "PH"         # possible values: PH, ABGV, BS
order = 9
box = 1
prec = 1.0e-6                 # precision threshold for the MRA operations
thr  = 1.0e-5                  # error threshold for SCF convergence

readPotential    = False         # bool
computePotential = True         # bool 
savePotential    = False         # bool
potential = "fermi_dirac"       # possible values: point_charge coulomb_HFYGB homogeneus_charge_sphere gaussian

readOrbitals     = False         # bool
saveOrbitals     = False         # bool
saveGuess        = False

scf              = True
ktrs             = False
D2               = False         # bool
two_electrons    = False         # bool

runGaunt         = False
runGaugeA        = False
runGaugeB        = False
runGaugeC        = False
runGaugeD        = False
runGaugeDelta    = False

molecule = [ ["Hg", 80, 0.0, 0.0, 0.0, 54, 54] ]

# With the paramenters I got from Robert, the error is (1) higher than
#  what he gets and (2) dominated by the width of the Gaussian
# I get a much better agreement with the ideal value IF the Gaussian
#  size is reduced by one order of magnitude 3e4->3e5 for Ar
# It seems the position of the nucleus is also important: I get bad
#  results from D2 if I move the nucleus
# Higher prec with off centered nucleus is too demanding for my laptop

**************************************
80 [0.0, 0.0, 0.0]
Fermi Dirac potential
Using Half Charge Radius for Hg: 0.00012485722724
Integral of the Fermi-Dirac distribution via cartesian 3D integration: 8.658788733248503
The normalization constant is: 9.239167563104006
Integral of the Fermi-Dirac distribution via 3D integration: 79.99999999999952
3D density

*FunctionTree: nn
  genNodes: 0
  square norm: 5.70217e+14
  root scale: 0
  order: 9
  nodes: 840
  endNodes: 736
  nodes per scale: 
    scale=0  nodes=8
    scale=1  nodes=64
    scale=2  nodes=64
    scale=3  nodes=64
    scale=4  nodes=64
    scale=5  nodes=64
    scale=6  nodes=64
    scale=7  nodes=64
    scale=8  nodes=64
    scale=9  nodes=64
    scale=10  nodes=64
    scale=11  nodes=64
    scale=12  nodes=64
    scale=13  nodes=64

3D potential

*FunctionTree: nn
  genNodes: 0
  square norm: 98223.3
  root scale: 0
  order: 9
  nodes: 1096
  endNodes: 960
  nodes per scale: 
    scale=0  nodes=8
    scale=1  nodes=64
    scale=2  nodes=64
    scale=3  nodes=64
    scale=4  nodes=64
    scale=5  nodes=64
    scale=6  nodes=64
    scale=7  nodes=64
    scale=8  nodes=64
    scale=9  nodes=64
    scale=10  nodes=64
    scale=11  nodes=64
    scale=12  nodes=64
    scale=13  nodes=64
    scale=14  nodes=256

Potential

*FunctionTree: nn
  genNodes: 0
  square norm: 98223.3
  root scale: 0
  order: 9
  nodes: 1096
  endNodes: 960
  nodes per scale: 
    scale=0  nodes=8
    scale=1  nodes=64
    scale=2  nodes=64
    scale=3  nodes=64
    scale=4  nodes=64
    scale=5  nodes=64
    scale=6  nodes=64
    scale=7  nodes=64
    scale=8  nodes=64
    scale=9  nodes=64
    scale=10  nodes=64
    scale=11  nodes=64
    scale=12  nodes=64
    scale=13  nodes=64
    scale=14  nodes=256

Number of Atoms =  1
[['Hg', 80, 0.0, 0.0, 0.0, 54, 54]]
Using derivative  PH
One-electron calculations 1e-06
calc_dirac_mu 6267.930089928638 15327.790433658616 137.035999139
Error 0.04546313472931548
Delta E 15327.790433658616
Energy -3451.0746263653946
Converged?  0.04546313472931548  >  9.999999999999999e-06   ----   15327.790433658616  >  1e-07   ----  iteration 0
calc_dirac_mu 6328.295623817372 15290.767258806334 137.035999139
Error 0.03263649318609593
Delta E 37.023174852281954
Energy -3488.0978012176765
Converged?  0.03263649318609593  >  9.999999999999999e-06   ----   37.023174852281954  >  1e-07   ----  iteration 1
calc_dirac_mu 6367.449206327771 15266.705719322832 137.035999139
Error 0.019711582812471963
Delta E 24.0615394835022
Energy -3512.1593407011787
Converged?  0.019711582812471963  >  9.999999999999999e-06   ----   24.0615394835022  >  1e-07   ----  iteration 2
calc_dirac_mu 6385.039033038592 15255.883669528053 137.035999139
Error 0.01298147605948645
Delta E 10.82204979477865
Energy -3522.9813904959574
Converged?  0.01298147605948645  >  9.999999999999999e-06   ----   10.82204979477865  >  1e-07   ----  iteration 3
calc_dirac_mu 6392.21317397208 15251.46761179596 137.035999139
Error 0.007816913018682408
Delta E 4.416057732092668
Energy -3527.39744822805
Converged?  0.007816913018682408  >  9.999999999999999e-06   ----   4.416057732092668  >  1e-07   ----  iteration 4
calc_dirac_mu 6395.02107852475 15249.73885195957 137.035999139
Error 0.004831350808501278
Delta E 1.7287598363909638
Energy -3529.126208064441
Converged?  0.004831350808501278  >  9.999999999999999e-06   ----   1.7287598363909638  >  1e-07   ----  iteration 5
calc_dirac_mu 6396.091499321693 15249.07976781753 137.035999139
Error 0.002883949497827266
Delta E 0.6590841420402285
Energy -3529.7852922064812
Converged?  0.002883949497827266  >  9.999999999999999e-06   ----   0.6590841420402285  >  1e-07   ----  iteration 6
calc_dirac_mu 6396.493560625458 15248.832201525882 137.035999139
Error 0.0017484732558289899
Delta E 0.2475662916476722
Energy -3530.032858498129
Converged?  0.0017484732558289899  >  9.999999999999999e-06   ----   0.2475662916476722  >  1e-07   ----  iteration 7
calc_dirac_mu 6396.64375004606 15248.739722463288 137.035999139
Error 0.00104478718335918
Delta E 0.09247906259406591
Energy -3530.125337560723
Converged?  0.00104478718335918  >  9.999999999999999e-06   ----   0.09247906259406591  >  1e-07   ----  iteration 8
calc_dirac_mu 6396.699505106528 15248.705391169206 137.035999139
Error 0.000630771934838611
Delta E 0.034331294082221575
Energy -3530.159668854805
Converged?  0.000630771934838611  >  9.999999999999999e-06   ----   0.034331294082221575  >  1e-07   ----  iteration 9
calc_dirac_mu 6396.72014400993 15248.692682702043 137.035999139
Error 0.00037839266360028086
Delta E 0.012708467162156012
Energy -3530.1723773219674
Converged?  0.00037839266360028086  >  9.999999999999999e-06   ----   0.012708467162156012  >  1e-07   ----  iteration 10
calc_dirac_mu 6396.727762211564 15248.68799176868 137.035999139
Error 0.00022850078927226386
Delta E 0.004690933363235672
Energy -3530.1770682553306
Converged?  0.00022850078927226386  >  9.999999999999999e-06   ----   0.004690933363235672  >  1e-07   ----  iteration 11
calc_dirac_mu 6396.730586422203 15248.686252751082 137.035999139
Error 0.00013759115603356238
Delta E 0.001739017598083592
Energy -3530.1788072729287
Converged?  0.00013759115603356238  >  9.999999999999999e-06   ----   0.001739017598083592  >  1e-07   ----  iteration 12
calc_dirac_mu 6396.731635722566 15248.685606640656 137.035999139
Error 8.319507104258454e-05
Delta E 0.0006461104258050909
Energy -3530.1794533833545
Converged?  8.319507104258454e-05  >  9.999999999999999e-06   ----   0.0006461104258050909  >  1e-07   ----  iteration 13
calc_dirac_mu 6396.73202608547 15248.685366273305 137.035999139
Error 5.023645679112946e-05
Delta E 0.00024036735158006195
Energy -3530.179693750706
Converged?  5.023645679112946e-05  >  9.999999999999999e-06   ----   0.00024036735158006195  >  1e-07   ----  iteration 14
Classic-like energies: cke = 7149.244631717127, cpe = -10347.748353052646, cke + cpe = -3198.503721335519
Exact Energy = -3532.192093162126
Dirac Energy = -3530.1797832714583
Kutze Energy = -3530.3492834409703
Error Kutze  = 1.842809721154481
Error Dirac  = 2.0123098906678933
Delta Energy = -8.952075222623535e-05
Dirac - Kutzelnigg = 0.1695001695115934

PARAMETERS:
molecule    = [['Hg', 80, 0.0, 0.0, 0.0, 54, 54]]
D2          = False
prec        = 6
derivative  = PH
box         = 1

-------------------------------
Hg 1 0 6 PH 1
-------------------------------
Now executing: python test.py Input_Making/input__Hg107ABGV.txt
Input file: Input_Making/input__Hg107ABGV.txt
Output file: outputs/output__Hg107ABGV.txt
light_speed = 137.03599913900001  # default 137.03599913900001
derivative = "ABGV"         # possible values: PH, ABGV, BS
order = 10
box = 1
prec = 1.0e-7                 # precision threshold for the MRA operations
thr  = 1.0e-6                  # error threshold for SCF convergence

readPotential    = False         # bool
computePotential = True         # bool 
savePotential    = False         # bool
potential = "fermi_dirac"       # possible values: point_charge coulomb_HFYGB homogeneus_charge_sphere gaussian

readOrbitals     = False         # bool
saveOrbitals     = False         # bool
saveGuess        = False

scf              = True
ktrs             = False
D2               = False         # bool
two_electrons    = False         # bool

runGaunt         = False
runGaugeA        = False
runGaugeB        = False
runGaugeC        = False
runGaugeD        = False
runGaugeDelta    = False

molecule = [ ["Hg", 80, 0.0, 0.0, 0.0, 54, 54] ]

# With the paramenters I got from Robert, the error is (1) higher than
#  what he gets and (2) dominated by the width of the Gaussian
# I get a much better agreement with the ideal value IF the Gaussian
#  size is reduced by one order of magnitude 3e4->3e5 for Ar
# It seems the position of the nucleus is also important: I get bad
#  results from D2 if I move the nucleus
# Higher prec with off centered nucleus is too demanding for my laptop

**************************************
80 [0.0, 0.0, 0.0]
Fermi Dirac potential
Using Half Charge Radius for Hg: 0.00012485722724
Integral of the Fermi-Dirac distribution via cartesian 3D integration: 8.658788732877495
The normalization constant is: 9.239167563499882
Integral of the Fermi-Dirac distribution via 3D integration: 79.99999999999586
3D density

*FunctionTree: nn
  genNodes: 0
  square norm: 5.70217e+14
  root scale: 0
  order: 10
  nodes: 840
  endNodes: 736
  nodes per scale: 
    scale=0  nodes=8
    scale=1  nodes=64
    scale=2  nodes=64
    scale=3  nodes=64
    scale=4  nodes=64
    scale=5  nodes=64
    scale=6  nodes=64
    scale=7  nodes=64
    scale=8  nodes=64
    scale=9  nodes=64
    scale=10  nodes=64
    scale=11  nodes=64
    scale=12  nodes=64
    scale=13  nodes=64

3D potential

*FunctionTree: nn
  genNodes: 0
  square norm: 98223.3
  root scale: 0
  order: 10
  nodes: 1096
  endNodes: 960
  nodes per scale: 
    scale=0  nodes=8
    scale=1  nodes=64
    scale=2  nodes=64
    scale=3  nodes=64
    scale=4  nodes=64
    scale=5  nodes=64
    scale=6  nodes=64
    scale=7  nodes=64
    scale=8  nodes=64
    scale=9  nodes=64
    scale=10  nodes=64
    scale=11  nodes=64
    scale=12  nodes=64
    scale=13  nodes=64
    scale=14  nodes=256

Potential

*FunctionTree: nn
  genNodes: 0
  square norm: 98223.3
  root scale: 0
  order: 10
  nodes: 1096
  endNodes: 960
  nodes per scale: 
    scale=0  nodes=8
    scale=1  nodes=64
    scale=2  nodes=64
    scale=3  nodes=64
    scale=4  nodes=64
    scale=5  nodes=64
    scale=6  nodes=64
    scale=7  nodes=64
    scale=8  nodes=64
    scale=9  nodes=64
    scale=10  nodes=64
    scale=11  nodes=64
    scale=12  nodes=64
    scale=13  nodes=64
    scale=14  nodes=256

Number of Atoms =  1
[['Hg', 80, 0.0, 0.0, 0.0, 54, 54]]
Using derivative  ABGV
One-electron calculations 1e-07
calc_dirac_mu 6267.728052544565 15327.914196358524 137.035999139
Error 0.045457034540330205
Delta E 15327.914196358524
Energy -3450.9508636654864
Converged?  0.045457034540330205  >  1e-06   ----   15327.914196358524  >  1e-08   ----  iteration 0
calc_dirac_mu 6328.300485828903 15290.764273244333 137.035999139
Error 0.0326399241946137
Delta E 37.14992311419155
Energy -3488.100786779678
Converged?  0.0326399241946137  >  1e-06   ----   37.14992311419155  >  1e-08   ----  iteration 1
calc_dirac_mu 6367.446138996788 15266.707605813346 137.035999139
Error 0.01971317724801578
Delta E 24.056667430986636
Energy -3512.1574542106646
Converged?  0.01971317724801578  >  1e-06   ----   24.056667430986636  >  1e-08   ----  iteration 2
calc_dirac_mu 6385.036702480493 15255.885103900357 137.035999139
Error 0.012982405414546615
Delta E 10.822501912989537
Energy -3522.979956123654
Converged?  0.012982405414546615  >  1e-06   ----   10.822501912989537  >  1e-08   ----  iteration 3
calc_dirac_mu 6392.212083242296 15251.468283294189 137.035999139
Error 0.007817476471070067
Delta E 4.416820606167676
Energy -3527.396776729822
Converged?  0.007817476471070067  >  1e-06   ----   4.416820606167676  >  1e-08   ----  iteration 4
calc_dirac_mu 6395.013729517475 15249.743376823792 137.035999139
Error 0.004831434059442523
Delta E 1.7249064703974
Energy -3529.121683200219
Converged?  0.004831434059442523  >  1e-06   ----   1.7249064703974  >  1e-08   ----  iteration 5
calc_dirac_mu 6396.084087389741 15249.084331622404 137.035999139
Error 0.00288400177609376
Delta E 0.6590452013879258
Energy -3529.780728401607
Converged?  0.00288400177609376  >  1e-06   ----   0.6590452013879258  >  1e-08   ----  iteration 6
calc_dirac_mu 6396.486211956866 15248.836726450596 137.035999139
Error 0.0017485108832766237
Delta E 0.24760517180766328
Energy -3530.028333573415
Converged?  0.0017485108832766237  >  1e-06   ----   0.24760517180766328  >  1e-08   ----  iteration 7
calc_dirac_mu 6396.636066205558 15248.744453797948 137.035999139
Error 0.001044798760541849
Delta E 0.09227265264780726
Energy -3530.1206062260626
Converged?  0.001044798760541849  >  1e-06   ----   0.09227265264780726  >  1e-08   ----  iteration 8
calc_dirac_mu 6396.691730335396 15248.710178505287 137.035999139
Error 0.0006307778835869856
Delta E 0.03427529266082274
Energy -3530.1548815187234
Converged?  0.0006307778835869856  >  1e-06   ----   0.03427529266082274  >  1e-08   ----  iteration 9
calc_dirac_mu 6396.712320988689 15248.697499752268 137.035999139
Error 0.0003783965544255249
Delta E 0.012678753018917632
Energy -3530.1675602717423
Converged?  0.0003783965544255249  >  1e-06   ----   0.012678753018917632  >  1e-08   ----  iteration 10
calc_dirac_mu 6396.720011483093 15248.692764305877 137.035999139
Error 0.00022850703152064864
Delta E 0.004735446391350706
Energy -3530.1722957181337
Converged?  0.00022850703152064864  >  1e-06   ----   0.004735446391350706  >  1e-08   ----  iteration 11
calc_dirac_mu 6396.722862973283 15248.691008491349 137.035999139
Error 0.00013759709405337727
Delta E 0.0017558145282237092
Energy -3530.174051532662
Converged?  0.00013759709405337727  >  1e-06   ----   0.0017558145282237092  >  1e-08   ----  iteration 12
calc_dirac_mu 6396.723896895804 15248.690371850083 137.035999139
Error 8.319816835697605e-05
Delta E 0.0006366412653733278
Energy -3530.1746881739273
Converged?  8.319816835697605e-05  >  1e-06   ----   0.0006366412653733278  >  1e-08   ----  iteration 13
calc_dirac_mu 6396.7242772701065 15248.69013763332 137.035999139
Error 5.023838603598928e-05
Delta E 0.00023421676269208547
Energy -3530.17492239069
Converged?  5.023838603598928e-05  >  1e-06   ----   0.00023421676269208547  >  1e-08   ----  iteration 14
Classic-like energies: cke = 7149.482324589191, cpe = -10347.84480096816, cke + cpe = -3198.3624763789685
Exact Energy = -3532.192093162126
Dirac Energy = -3530.175008694665
Kutze Energy = -3530.175338324613
Error Kutze  = 2.016754837513872
Error Dirac  = 2.0170844674612454
Delta Energy = -8.63039749674499e-05
Dirac - Kutzelnigg = 0.00032962994737317786

PARAMETERS:
molecule    = [['Hg', 80, 0.0, 0.0, 0.0, 54, 54]]
D2          = False
prec        = 7
derivative  = ABGV
box         = 1

-------------------------------
Hg 1 0 7 ABGV 1
-------------------------------
Now executing: python test.py Input_Making/input__Hg107BS.txt
Input file: Input_Making/input__Hg107BS.txt
Output file: outputs/output__Hg107BS.txt
light_speed = 137.03599913900001  # default 137.03599913900001
derivative = "BS"         # possible values: PH, ABGV, BS
order = 10
box = 1
prec = 1.0e-7                 # precision threshold for the MRA operations
thr  = 1.0e-6                  # error threshold for SCF convergence

readPotential    = False         # bool
computePotential = True         # bool 
savePotential    = False         # bool
potential = "fermi_dirac"       # possible values: point_charge coulomb_HFYGB homogeneus_charge_sphere gaussian

readOrbitals     = False         # bool
saveOrbitals     = False         # bool
saveGuess        = False

scf              = True
ktrs             = False
D2               = False         # bool
two_electrons    = False         # bool

runGaunt         = False
runGaugeA        = False
runGaugeB        = False
runGaugeC        = False
runGaugeD        = False
runGaugeDelta    = False

molecule = [ ["Hg", 80, 0.0, 0.0, 0.0, 54, 54] ]

# With the paramenters I got from Robert, the error is (1) higher than
#  what he gets and (2) dominated by the width of the Gaussian
# I get a much better agreement with the ideal value IF the Gaussian
#  size is reduced by one order of magnitude 3e4->3e5 for Ar
# It seems the position of the nucleus is also important: I get bad
#  results from D2 if I move the nucleus
# Higher prec with off centered nucleus is too demanding for my laptop

**************************************
80 [0.0, 0.0, 0.0]
Fermi Dirac potential
Using Half Charge Radius for Hg: 0.00012485722724
Integral of the Fermi-Dirac distribution via cartesian 3D integration: 8.658788732877495
The normalization constant is: 9.239167563499882
Integral of the Fermi-Dirac distribution via 3D integration: 79.99999999999586
3D density

*FunctionTree: nn
  genNodes: 0
  square norm: 5.70217e+14
  root scale: 0
  order: 10
  nodes: 840
  endNodes: 736
  nodes per scale: 
    scale=0  nodes=8
    scale=1  nodes=64
    scale=2  nodes=64
    scale=3  nodes=64
    scale=4  nodes=64
    scale=5  nodes=64
    scale=6  nodes=64
    scale=7  nodes=64
    scale=8  nodes=64
    scale=9  nodes=64
    scale=10  nodes=64
    scale=11  nodes=64
    scale=12  nodes=64
    scale=13  nodes=64

3D potential

*FunctionTree: nn
  genNodes: 0
  square norm: 98223.3
  root scale: 0
  order: 10
  nodes: 1096
  endNodes: 960
  nodes per scale: 
    scale=0  nodes=8
    scale=1  nodes=64
    scale=2  nodes=64
    scale=3  nodes=64
    scale=4  nodes=64
    scale=5  nodes=64
    scale=6  nodes=64
    scale=7  nodes=64
    scale=8  nodes=64
    scale=9  nodes=64
    scale=10  nodes=64
    scale=11  nodes=64
    scale=12  nodes=64
    scale=13  nodes=64
    scale=14  nodes=256

Potential

*FunctionTree: nn
  genNodes: 0
  square norm: 98223.3
  root scale: 0
  order: 10
  nodes: 1096
  endNodes: 960
  nodes per scale: 
    scale=0  nodes=8
    scale=1  nodes=64
    scale=2  nodes=64
    scale=3  nodes=64
    scale=4  nodes=64
    scale=5  nodes=64
    scale=6  nodes=64
    scale=7  nodes=64
    scale=8  nodes=64
    scale=9  nodes=64
    scale=10  nodes=64
    scale=11  nodes=64
    scale=12  nodes=64
    scale=13  nodes=64
    scale=14  nodes=256

Number of Atoms =  1
[['Hg', 80, 0.0, 0.0, 0.0, 54, 54]]
Using derivative  BS
One-electron calculations 1e-07
calc_dirac_mu 6267.726727772093 15327.915007875425 137.035999139
Error 0.04545699486208426
Delta E 15327.915007875425
Energy -3450.950052148586
Converged?  0.04545699486208426  >  1e-06   ----   15327.915007875425  >  1e-08   ----  iteration 0
calc_dirac_mu 6328.302843474351 15290.762825510687 137.035999139
Error 0.03264003263282721
Delta E 37.15218236473811
Energy -3488.102234513324
Converged?  0.03264003263282721  >  1e-06   ----   37.15218236473811  >  1e-08   ----  iteration 1
calc_dirac_mu 6367.447385621168 15266.706839106071 137.035999139
Error 0.019713196902940645
Delta E 24.055986404615396
Energy -3512.1582209179396
Converged?  0.019713196902940645  >  1e-06   ----   24.055986404615396  >  1e-08   ----  iteration 2
calc_dirac_mu 6385.037321558058 15255.884722881028 137.035999139
Error 0.012982393556374044
Delta E 10.822116225042919
Energy -3522.9803371429825
Converged?  0.012982393556374044  >  1e-06   ----   10.822116225042919  >  1e-08   ----  iteration 3
calc_dirac_mu 6392.211963329191 15251.46835711764 137.035999139
Error 0.007817441914275948
Delta E 4.416365763388967
Energy -3527.3967029063715
Converged?  0.007817441914275948  >  1e-06   ----   4.416365763388967  >  1e-08   ----  iteration 4
calc_dirac_mu 6395.0182378360505 15249.740601002855 137.035999139
Error 0.004831592650086169
Delta E 1.727756114783915
Energy -3529.1244590211554
Converged?  0.004831592650086169  >  1e-06   ----   1.727756114783915  >  1e-08   ----  iteration 5
calc_dirac_mu 6396.0885038493925 15249.081612242491 137.035999139
Error 0.0028840841100417573
Delta E 0.6589887603640818
Energy -3529.7834477815195
Converged?  0.0028840841100417573  >  1e-06   ----   0.6589887603640818  >  1e-08   ----  iteration 6
calc_dirac_mu 6396.490928583659 15248.833822199336 137.035999139
Error 0.0017485689257052473
Delta E 0.24779004315496422
Energy -3530.0312378246745
Converged?  0.0017485689257052473  >  1e-06   ----   0.24779004315496422  >  1e-08   ----  iteration 7
calc_dirac_mu 6396.64095701559 15248.741442275557 137.035999139
Error 0.0010448379852282742
Delta E 0.09237992377893534
Energy -3530.1236177484534
Converged?  0.0010448379852282742  >  1e-06   ----   0.09237992377893534  >  1e-08   ----  iteration 8
calc_dirac_mu 6396.696617645271 15248.70716913136 137.035999139
Error 0.0006308001360281295
Delta E 0.03427314419786853
Energy -3530.1578908926513
Converged?  0.0006308001360281295  >  1e-06   ----   0.03427314419786853  >  1e-08   ----  iteration 9
calc_dirac_mu 6396.717208199159 15248.694490437047 137.035999139
Error 0.00037840940403095893
Delta E 0.012678694312853622
Energy -3530.170569586964
Converged?  0.00037840940403095893  >  1e-06   ----   0.012678694312853622  >  1e-08   ----  iteration 10
calc_dirac_mu 6396.724812744321 15248.689807913259 137.035999139
Error 0.00022851128911123748
Delta E 0.0046825237877783366
Energy -3530.175252110752
Converged?  0.00022851128911123748  >  1e-06   ----   0.0046825237877783366  >  1e-08   ----  iteration 11
calc_dirac_mu 6396.727618344619 15248.68808035525 137.035999139
Error 0.00013759802953277697
Delta E 0.0017275580084969988
Energy -3530.1769796687604
Converged?  0.00013759802953277697  >  1e-06   ----   0.0017275580084969988  >  1e-08   ----  iteration 12
calc_dirac_mu 6396.728653048333 15248.687443232839 137.035999139
Error 8.319889924223615e-05
Delta E 0.0006371224117174279
Energy -3530.177616791172
Converged?  8.319889924223615e-05  >  1e-06   ----   0.0006371224117174279  >  1e-08   ----  iteration 13
calc_dirac_mu 6396.729034502571 15248.687208351059 137.035999139
Error 5.02389265747797e-05
Delta E 0.00023488177976105362
Energy -3530.177851672952
Converged?  5.02389265747797e-05  >  1e-06   ----   0.00023488177976105362  >  1e-08   ----  iteration 14
Classic-like energies: cke = 7149.494703914877, cpe = -10347.858948574545, cke + cpe = -3198.3642446596677
Exact Energy = -3532.192093162126
Dirac Energy = -3530.1779382565765
Kutze Energy = -3530.1775159744725
Error Kutze  = 2.0145771876523213
Error Dirac  = 2.0141549055497308
Delta Energy = -8.658362457936164e-05
Dirac - Kutzelnigg = -0.0004222821044095326

PARAMETERS:
molecule    = [['Hg', 80, 0.0, 0.0, 0.0, 54, 54]]
D2          = False
prec        = 7
derivative  = BS
box         = 1

-------------------------------
Hg 1 0 7 BS 1
-------------------------------
Now executing: python test.py Input_Making/input__Hg107PH.txt
Input file: Input_Making/input__Hg107PH.txt
Output file: outputs/output__Hg107PH.txt
light_speed = 137.03599913900001  # default 137.03599913900001
derivative = "PH"         # possible values: PH, ABGV, BS
order = 10
box = 1
prec = 1.0e-7                 # precision threshold for the MRA operations
thr  = 1.0e-6                  # error threshold for SCF convergence

readPotential    = False         # bool
computePotential = True         # bool 
savePotential    = False         # bool
potential = "fermi_dirac"       # possible values: point_charge coulomb_HFYGB homogeneus_charge_sphere gaussian

readOrbitals     = False         # bool
saveOrbitals     = False         # bool
saveGuess        = False

scf              = True
ktrs             = False
D2               = False         # bool
two_electrons    = False         # bool

runGaunt         = False
runGaugeA        = False
runGaugeB        = False
runGaugeC        = False
runGaugeD        = False
runGaugeDelta    = False

molecule = [ ["Hg", 80, 0.0, 0.0, 0.0, 54, 54] ]

# With the paramenters I got from Robert, the error is (1) higher than
#  what he gets and (2) dominated by the width of the Gaussian
# I get a much better agreement with the ideal value IF the Gaussian
#  size is reduced by one order of magnitude 3e4->3e5 for Ar
# It seems the position of the nucleus is also important: I get bad
#  results from D2 if I move the nucleus
# Higher prec with off centered nucleus is too demanding for my laptop

**************************************
80 [0.0, 0.0, 0.0]
Fermi Dirac potential
Using Half Charge Radius for Hg: 0.00012485722724
Integral of the Fermi-Dirac distribution via cartesian 3D integration: 8.658788732877495
The normalization constant is: 9.239167563499882
Integral of the Fermi-Dirac distribution via 3D integration: 79.99999999999586
3D density

*FunctionTree: nn
  genNodes: 0
  square norm: 5.70217e+14
  root scale: 0
  order: 10
  nodes: 840
  endNodes: 736
  nodes per scale: 
    scale=0  nodes=8
    scale=1  nodes=64
    scale=2  nodes=64
    scale=3  nodes=64
    scale=4  nodes=64
    scale=5  nodes=64
    scale=6  nodes=64
    scale=7  nodes=64
    scale=8  nodes=64
    scale=9  nodes=64
    scale=10  nodes=64
    scale=11  nodes=64
    scale=12  nodes=64
    scale=13  nodes=64

3D potential

*FunctionTree: nn
  genNodes: 0
  square norm: 98223.3
  root scale: 0
  order: 10
  nodes: 1096
  endNodes: 960
  nodes per scale: 
    scale=0  nodes=8
    scale=1  nodes=64
    scale=2  nodes=64
    scale=3  nodes=64
    scale=4  nodes=64
    scale=5  nodes=64
    scale=6  nodes=64
    scale=7  nodes=64
    scale=8  nodes=64
    scale=9  nodes=64
    scale=10  nodes=64
    scale=11  nodes=64
    scale=12  nodes=64
    scale=13  nodes=64
    scale=14  nodes=256

Potential

*FunctionTree: nn
  genNodes: 0
  square norm: 98223.3
  root scale: 0
  order: 10
  nodes: 1096
  endNodes: 960
  nodes per scale: 
    scale=0  nodes=8
    scale=1  nodes=64
    scale=2  nodes=64
    scale=3  nodes=64
    scale=4  nodes=64
    scale=5  nodes=64
    scale=6  nodes=64
    scale=7  nodes=64
    scale=8  nodes=64
    scale=9  nodes=64
    scale=10  nodes=64
    scale=11  nodes=64
    scale=12  nodes=64
    scale=13  nodes=64
    scale=14  nodes=256

Number of Atoms =  1
[['Hg', 80, 0.0, 0.0, 0.0, 54, 54]]
Using derivative  PH
One-electron calculations 1e-07
calc_dirac_mu 6267.715870670005 15327.921658617248 137.035999139
Error 0.04545666645631945
Delta E 15327.921658617248
Energy -3450.943401406763
Converged?  0.04545666645631945  >  1e-06   ----   15327.921658617248  >  1e-08   ----  iteration 0
calc_dirac_mu 6328.299869838265 15290.764651498968 137.035999139
Error 0.03264009927894351
Delta E 37.15700711827958
Energy -3488.1004085250424
Converged?  0.03264009927894351  >  1e-06   ----   37.15700711827958  >  1e-08   ----  iteration 1
calc_dirac_mu 6367.442369693943 15266.709924034994 137.035999139
Error 0.01971315293867367
Delta E 24.054727463973904
Energy -3512.1551359890163
Converged?  0.01971315293867367  >  1e-06   ----   24.054727463973904  >  1e-08   ----  iteration 2
calc_dirac_mu 6385.031580850396 15255.88825607376 137.035999139
Error 0.012982340769642017
Delta E 10.821667961234198
Energy -3522.9768039502505
Converged?  0.012982340769642017  >  1e-06   ----   10.821667961234198  >  1e-08   ----  iteration 3
calc_dirac_mu 6392.204952756302 15251.47267311465 137.035999139
Error 0.007817362369715104
Delta E 4.415582959110907
Energy -3527.3923869093614
Converged?  0.007817362369715104  >  1e-06   ----   4.415582959110907  >  1e-08   ----  iteration 4
calc_dirac_mu 6395.01812872279 15249.740668185086 137.035999139
Error 0.004831812196064195
Delta E 1.732004929563118
Energy -3529.1243918389246
Converged?  0.004831812196064195  >  1e-06   ----   1.732004929563118  >  1e-08   ----  iteration 5
calc_dirac_mu 6396.088507580214 15249.081609945284 137.035999139
Error 0.0028842069016080164
Delta E 0.659058239802107
Energy -3529.7834500787267
Converged?  0.0028842069016080164  >  1e-06   ----   0.659058239802107  >  1e-08   ----  iteration 6
calc_dirac_mu 6396.490886694859 15248.833847992264 137.035999139
Error 0.0017486359097867526
Delta E 0.24776195302001724
Energy -3530.0312120317467
Converged?  0.0017486359097867526  >  1e-06   ----   0.24776195302001724  >  1e-08   ----  iteration 7
calc_dirac_mu 6396.640903211093 15248.741475405746 137.035999139
Error 0.0010448755024789135
Delta E 0.09237258651774027
Energy -3530.1235846182644
Converged?  0.0010448755024789135  >  1e-06   ----   0.09237258651774027  >  1e-08   ----  iteration 8
calc_dirac_mu 6396.696554602919 15248.707207949858 137.035999139
Error 0.0006308213849095396
Delta E 0.03426745588876656
Energy -3530.157852074153
Converged?  0.0006308213849095396  >  1e-06   ----   0.03426745588876656  >  1e-08   ----  iteration 9
calc_dirac_mu 6396.717140682248 15248.6945320108 137.035999139
Error 0.00037842164363050576
Delta E 0.012675939056862262
Energy -3530.17052801321
Converged?  0.00037842164363050576  >  1e-06   ----   0.012675939056862262  >  1e-08   ----  iteration 10
calc_dirac_mu 6396.724743293553 15248.689850677805 137.035999139
Error 0.0002285184174736611
Delta E 0.004681332995460252
Energy -3530.1752093462055
Converged?  0.0002285184174736611  >  1e-06   ----   0.004681332995460252  >  1e-08   ----  iteration 11
calc_dirac_mu 6396.727530774943 15248.688134276581 137.035999139
Error 0.0001376015809717349
Delta E 0.0017164012242574245
Energy -3530.17692574743
Converged?  0.0001376015809717349  >  1e-06   ----   0.0017164012242574245  >  1e-08   ----  iteration 12
calc_dirac_mu 6396.728564913363 15248.687497502255 137.035999139
Error 8.320103248961932e-05
Delta E 0.0006367743262671866
Energy -3530.177562521756
Converged?  8.320103248961932e-05  >  1e-06   ----   0.0006367743262671866  >  1e-08   ----  iteration 13
calc_dirac_mu 6396.728945917388 15248.687262897694 137.035999139
Error 5.024020285427504e-05
Delta E 0.00023460456031898502
Energy -3530.1777971263164
Converged?  5.024020285427504e-05  >  1e-06   ----   0.00023460456031898502  >  1e-08   ----  iteration 14
Classic-like energies: cke = 7149.488635164022, cpe = -10347.863765421396, cke + cpe = -3198.3751302573746
Exact Energy = -3532.192093162126
Dirac Energy = -3530.177883685452
Kutze Energy = -3530.1909216698614
Error Kutze  = 2.001171492265712
Error Dirac  = 2.0142094766742957
Delta Energy = -8.65591355250217e-05
Dirac - Kutzelnigg = 0.013037984408583725

PARAMETERS:
molecule    = [['Hg', 80, 0.0, 0.0, 0.0, 54, 54]]
D2          = False
prec        = 7
derivative  = PH
box         = 1

-------------------------------
Hg 1 0 7 PH 1
-------------------------------
Now executing: python test.py Input_Making/input__Hg108ABGV.txt
Input file: Input_Making/input__Hg108ABGV.txt
Output file: outputs/output__Hg108ABGV.txt
light_speed = 137.03599913900001  # default 137.03599913900001
derivative = "ABGV"         # possible values: PH, ABGV, BS
order = 11
box = 1
prec = 1.0e-8                 # precision threshold for the MRA operations
thr  = 1.0e-7                  # error threshold for SCF convergence

readPotential    = False         # bool
computePotential = True         # bool 
savePotential    = False         # bool
potential = "fermi_dirac"       # possible values: point_charge coulomb_HFYGB homogeneus_charge_sphere gaussian

readOrbitals     = False         # bool
saveOrbitals     = False         # bool
saveGuess        = False

scf              = True
ktrs             = False
D2               = False         # bool
two_electrons    = False         # bool

runGaunt         = False
runGaugeA        = False
runGaugeB        = False
runGaugeC        = False
runGaugeD        = False
runGaugeDelta    = False

molecule = [ ["Hg", 80, 0.0, 0.0, 0.0, 54, 54] ]

# With the paramenters I got from Robert, the error is (1) higher than
#  what he gets and (2) dominated by the width of the Gaussian
# I get a much better agreement with the ideal value IF the Gaussian
#  size is reduced by one order of magnitude 3e4->3e5 for Ar
# It seems the position of the nucleus is also important: I get bad
#  results from D2 if I move the nucleus
# Higher prec with off centered nucleus is too demanding for my laptop

**************************************
80 [0.0, 0.0, 0.0]
Fermi Dirac potential
Using Half Charge Radius for Hg: 0.00012485722724
Integral of the Fermi-Dirac distribution via cartesian 3D integration: 8.658788732898016
The normalization constant is: 9.239167563477986
Integral of the Fermi-Dirac distribution via 3D integration: 80.00000000000043
3D density

*FunctionTree: nn
  genNodes: 0
  square norm: 5.70217e+14
  root scale: 0
  order: 11
  nodes: 904
  endNodes: 792
  nodes per scale: 
    scale=0  nodes=8
    scale=1  nodes=64
    scale=2  nodes=64
    scale=3  nodes=64
    scale=4  nodes=64
    scale=5  nodes=64
    scale=6  nodes=64
    scale=7  nodes=64
    scale=8  nodes=64
    scale=9  nodes=64
    scale=10  nodes=64
    scale=11  nodes=64
    scale=12  nodes=64
    scale=13  nodes=64
    scale=14  nodes=64

3D potential

*FunctionTree: nn
  genNodes: 0
  square norm: 98223.3
  root scale: 0
  order: 11
  nodes: 1096
  endNodes: 960
  nodes per scale: 
    scale=0  nodes=8
    scale=1  nodes=64
    scale=2  nodes=64
    scale=3  nodes=64
    scale=4  nodes=64
    scale=5  nodes=64
    scale=6  nodes=64
    scale=7  nodes=64
    scale=8  nodes=64
    scale=9  nodes=64
    scale=10  nodes=64
    scale=11  nodes=64
    scale=12  nodes=64
    scale=13  nodes=64
    scale=14  nodes=256

Potential

*FunctionTree: nn
  genNodes: 0
  square norm: 98223.3
  root scale: 0
  order: 11
  nodes: 1096
  endNodes: 960
  nodes per scale: 
    scale=0  nodes=8
    scale=1  nodes=64
    scale=2  nodes=64
    scale=3  nodes=64
    scale=4  nodes=64
    scale=5  nodes=64
    scale=6  nodes=64
    scale=7  nodes=64
    scale=8  nodes=64
    scale=9  nodes=64
    scale=10  nodes=64
    scale=11  nodes=64
    scale=12  nodes=64
    scale=13  nodes=64
    scale=14  nodes=256

Number of Atoms =  1
[['Hg', 80, 0.0, 0.0, 0.0, 54, 54]]
Using derivative  ABGV
One-electron calculations 1e-08
calc_dirac_mu 6267.727943459846 15327.914263180637 137.035999139
Error 0.04545703212216874
Delta E 15327.914263180637
Energy -3450.9507968433736
Converged?  0.04545703212216874  >  1e-07   ----   15327.914263180637  >  1e-09   ----  iteration 0
calc_dirac_mu 6328.301563940663 15290.76361122001 137.035999139
Error 0.03263996668946525
Delta E 37.15065196062642
Energy -3488.101448804
Converged?  0.03263996668946525  >  1e-07   ----   37.15065196062642  >  1e-09   ----  iteration 1
calc_dirac_mu 6367.445879362436 15266.7077654954 137.035999139
Error 0.01971315211653684
Delta E 24.055845724611572
Energy -3512.1572945286116
Converged?  0.01971315211653684  >  1e-07   ----   24.055845724611572  >  1e-09   ----  iteration 2
calc_dirac_mu 6385.0354957009085 15255.8858466285 137.035999139
Error 0.012982355959542936
Delta E 10.821918866899068
Energy -3522.9792133955107
Converged?  0.012982355959542936  >  1e-07   ----   10.821918866899068  >  1e-09   ----  iteration 3
calc_dirac_mu 6392.209991899965 15251.469570810677 137.035999139
Error 0.007817415446051195
Delta E 4.4162758178226795
Energy -3527.3954892133333
Converged?  0.007817415446051195  >  1e-07   ----   4.4162758178226795  >  1e-09   ----  iteration 4
calc_dirac_mu 6395.01631210221 15249.741786698254 137.035999139
Error 0.0048315792562238155
Delta E 1.727784112423251
Energy -3529.1232733257566
Converged?  0.0048315792562238155  >  1e-07   ----   1.727784112423251  >  1e-09   ----  iteration 5
calc_dirac_mu 6396.086630993253 15249.082765430345 137.035999139
Error 0.002884078391395168
Delta E 0.6590212679093383
Energy -3529.782294593666
Converged?  0.002884078391395168  >  1e-07   ----   0.6590212679093383  >  1e-09   ----  iteration 6
calc_dirac_mu 6396.489026399179 15248.834993464783 137.035999139
Error 0.0017485644296222674
Delta E 0.24777196556169656
Energy -3530.0300665592276
Converged?  0.0017485644296222674  >  1e-07   ----   0.24777196556169656  >  1e-09   ----  iteration 7
calc_dirac_mu 6396.6390196412085 15248.742635216326 137.035999139
Error 0.0010448339825478406
Delta E 0.0923582484574581
Energy -3530.122424807685
Converged?  0.0010448339825478406  >  1e-07   ----   0.0923582484574581  >  1e-09   ----  iteration 8
calc_dirac_mu 6396.694684573906 15248.708359425214 137.035999139
Error 0.0006307979241169752
Delta E 0.03427579111121304
Energy -3530.1567005987963
Converged?  0.0006307979241169752  >  1e-07   ----   0.03427579111121304  >  1e-09   ----  iteration 9
calc_dirac_mu 6396.715266658266 15248.69568594703 137.035999139
Error 0.0003784077644008348
Delta E 0.012673478184296982
Energy -3530.1693740769806
Converged?  0.0003784077644008348  >  1e-07   ----   0.012673478184296982  >  1e-09   ----  iteration 10
calc_dirac_mu 6396.722868549225 15248.691005057944 137.035999139
Error 0.00022851017489157197
Delta E 0.004680889085648232
Energy -3530.1740549660663
Converged?  0.00022851017489157197  >  1e-07   ----   0.004680889085648232  >  1e-09   ----  iteration 11
calc_dirac_mu 6396.725674051799 15248.689277560245 137.035999139
Error 0.00013759738202031774
Delta E 0.0017274976999033242
Energy -3530.175782463766
Converged?  0.00013759738202031774  >  1e-07   ----   0.0017274976999033242  >  1e-09   ----  iteration 12
calc_dirac_mu 6396.726706544804 15248.688641799135 137.035999139
Error 8.319836388368229e-05
Delta E 0.0006357611091516446
Energy -3530.1764182248753
Converged?  8.319836388368229e-05  >  1e-07   ----   0.0006357611091516446  >  1e-09   ----  iteration 13
calc_dirac_mu 6396.727087145895 15248.688407442702 137.035999139
Error 5.023858504759017e-05
Delta E 0.00023435643379343674
Energy -3530.176652581309
Converged?  5.023858504759017e-05  >  1e-07   ----   0.00023435643379343674  >  1e-09   ----  iteration 14
Classic-like energies: cke = 7149.496857193089, cpe = -10347.868410938903, cke + cpe = -3198.371553745814
Exact Energy = -3532.192093162126
Dirac Energy = -3530.1767380007022
Kutze Energy = -3530.1865171676923
Error Kutze  = 2.005575994433457
Error Dirac  = 2.0153551614239404
Delta Energy = -8.541939314454794e-05
Dirac - Kutzelnigg = 0.009779166990483645

PARAMETERS:
molecule    = [['Hg', 80, 0.0, 0.0, 0.0, 54, 54]]
D2          = False
prec        = 8
derivative  = ABGV
box         = 1

-------------------------------
Hg 1 0 8 ABGV 1
-------------------------------
Now executing: python test.py Input_Making/input__Hg108BS.txt
Input file: Input_Making/input__Hg108BS.txt
Output file: outputs/output__Hg108BS.txt
light_speed = 137.03599913900001  # default 137.03599913900001
derivative = "BS"         # possible values: PH, ABGV, BS
order = 11
box = 1
prec = 1.0e-8                 # precision threshold for the MRA operations
thr  = 1.0e-7                  # error threshold for SCF convergence

readPotential    = False         # bool
computePotential = True         # bool 
savePotential    = False         # bool
potential = "fermi_dirac"       # possible values: point_charge coulomb_HFYGB homogeneus_charge_sphere gaussian

readOrbitals     = False         # bool
saveOrbitals     = False         # bool
saveGuess        = False

scf              = True
ktrs             = False
D2               = False         # bool
two_electrons    = False         # bool

runGaunt         = False
runGaugeA        = False
runGaugeB        = False
runGaugeC        = False
runGaugeD        = False
runGaugeDelta    = False

molecule = [ ["Hg", 80, 0.0, 0.0, 0.0, 54, 54] ]

# With the paramenters I got from Robert, the error is (1) higher than
#  what he gets and (2) dominated by the width of the Gaussian
# I get a much better agreement with the ideal value IF the Gaussian
#  size is reduced by one order of magnitude 3e4->3e5 for Ar
# It seems the position of the nucleus is also important: I get bad
#  results from D2 if I move the nucleus
# Higher prec with off centered nucleus is too demanding for my laptop

**************************************
80 [0.0, 0.0, 0.0]
Fermi Dirac potential
Using Half Charge Radius for Hg: 0.00012485722724
Integral of the Fermi-Dirac distribution via cartesian 3D integration: 8.658788732898016
The normalization constant is: 9.239167563477986
Integral of the Fermi-Dirac distribution via 3D integration: 80.00000000000043
3D density

*FunctionTree: nn
  genNodes: 0
  square norm: 5.70217e+14
  root scale: 0
  order: 11
  nodes: 904
  endNodes: 792
  nodes per scale: 
    scale=0  nodes=8
    scale=1  nodes=64
    scale=2  nodes=64
    scale=3  nodes=64
    scale=4  nodes=64
    scale=5  nodes=64
    scale=6  nodes=64
    scale=7  nodes=64
    scale=8  nodes=64
    scale=9  nodes=64
    scale=10  nodes=64
    scale=11  nodes=64
    scale=12  nodes=64
    scale=13  nodes=64
    scale=14  nodes=64

3D potential

*FunctionTree: nn
  genNodes: 0
  square norm: 98223.3
  root scale: 0
  order: 11
  nodes: 1096
  endNodes: 960
  nodes per scale: 
    scale=0  nodes=8
    scale=1  nodes=64
    scale=2  nodes=64
    scale=3  nodes=64
    scale=4  nodes=64
    scale=5  nodes=64
    scale=6  nodes=64
    scale=7  nodes=64
    scale=8  nodes=64
    scale=9  nodes=64
    scale=10  nodes=64
    scale=11  nodes=64
    scale=12  nodes=64
    scale=13  nodes=64
    scale=14  nodes=256

Potential

*FunctionTree: nn
  genNodes: 0
  square norm: 98223.3
  root scale: 0
  order: 11
  nodes: 1096
  endNodes: 960
  nodes per scale: 
    scale=0  nodes=8
    scale=1  nodes=64
    scale=2  nodes=64
    scale=3  nodes=64
    scale=4  nodes=64
    scale=5  nodes=64
    scale=6  nodes=64
    scale=7  nodes=64
    scale=8  nodes=64
    scale=9  nodes=64
    scale=10  nodes=64
    scale=11  nodes=64
    scale=12  nodes=64
    scale=13  nodes=64
    scale=14  nodes=256

Number of Atoms =  1
[['Hg', 80, 0.0, 0.0, 0.0, 54, 54]]
Using derivative  BS
One-electron calculations 1e-08
calc_dirac_mu 6267.7281151815505 15327.914157988936 137.035999139
Error 0.04545703731406387
Delta E 15327.914157988936
Energy -3450.9509020350743
Converged?  0.04545703731406387  >  1e-07   ----   15327.914157988936  >  1e-09   ----  iteration 0
calc_dirac_mu 6328.302800609823 15290.762851832042 137.035999139
Error 0.032640009090850644
Delta E 37.15130615689486
Energy -3488.102208191969
Converged?  0.032640009090850644  >  1e-07   ----   37.15130615689486  >  1e-09   ----  iteration 1
calc_dirac_mu 6367.447254046057 15266.706920028279 137.035999139
Error 0.019713181628863607
Delta E 24.055931803763087
Energy -3512.158139995732
Converged?  0.019713181628863607  >  1e-07   ----   24.055931803763087  >  1e-09   ----  iteration 2
calc_dirac_mu 6385.037165340922 15255.884819026895 137.035999139
Error 0.012982384113836822
Delta E 10.822101001383999
Energy -3522.980240997116
Converged?  0.012982384113836822  >  1e-07   ----   10.822101001383999  >  1e-09   ----  iteration 3
calc_dirac_mu 6392.2117693166465 15251.468476559758 137.035999139
Error 0.007817435449825478
Delta E 4.4163424671369285
Energy -3527.396583464253
Converged?  0.007817435449825478  >  1e-07   ----   4.4163424671369285  >  1e-09   ----  iteration 4
calc_dirac_mu 6395.01821623904 15249.740614300372 137.035999139
Error 0.004831595538947512
Delta E 1.7278622593858017
Energy -3529.124445723639
Converged?  0.004831595538947512  >  1e-07   ----   1.7278622593858017  >  1e-09   ----  iteration 5
calc_dirac_mu 6396.088480971688 15249.081626329153 137.035999139
Error 0.0028840855814752393
Delta E 0.658987971219176
Energy -3529.783433694858
Converged?  0.0028840855814752393  >  1e-07   ----   0.658987971219176  >  1e-09   ----  iteration 6
calc_dirac_mu 6396.4909044725755 15248.833837045679 137.035999139
Error 0.0017485697828276438
Delta E 0.24778928347404872
Energy -3530.031222978332
Converged?  0.0017485697828276438  >  1e-07   ----   0.24778928347404872  >  1e-09   ----  iteration 7
calc_dirac_mu 6396.640931889656 15248.741457746884 137.035999139
Error 0.00104483840493388
Delta E 0.09237929879418516
Energy -3530.1236022771263
Converged?  0.00104483840493388  >  1e-07   ----   0.09237929879418516  >  1e-09   ----  iteration 8
calc_dirac_mu 6396.696591746174 15248.707185078798 137.035999139
Error 0.0006308003041094072
Delta E 0.0342726680864871
Energy -3530.157874945213
Converged?  0.0006308003041094072  >  1e-07   ----   0.0342726680864871  >  1e-09   ----  iteration 9
calc_dirac_mu 6396.717181950857 15248.694506599522 137.035999139
Error 0.000378409485061474
Delta E 0.012678479275564314
Energy -3530.1705534244884
Converged?  0.000378409485061474  >  1e-07   ----   0.012678479275564314  >  1e-09   ----  iteration 10
calc_dirac_mu 6396.724786267201 15248.689824216635 137.035999139
Error 0.0002285112825167295
Delta E 0.0046823828870401485
Energy -3530.1752358073754
Converged?  0.0002285112825167295  >  1e-07   ----   0.0046823828870401485  >  1e-09   ----  iteration 11
calc_dirac_mu 6396.727591872645 15248.68809665546 137.035999139
Error 0.00013759804111696688
Delta E 0.0017275611753575504
Energy -3530.176963368551
Converged?  0.00013759804111696688  >  1e-07   ----   0.0017275611753575504  >  1e-09   ----  iteration 12
calc_dirac_mu 6396.728626470581 15248.687459598183 137.035999139
Error 8.319883848386966e-05
Delta E 0.0006370572773448657
Energy -3530.177600425828
Converged?  8.319883848386966e-05  >  1e-07   ----   0.0006370572773448657  >  1e-09   ----  iteration 13
calc_dirac_mu 6396.729007868368 15248.687224751162 137.035999139
Error 5.023889560893292e-05
Delta E 0.00023484702069254126
Energy -3530.177835272849
Converged?  5.023889560893292e-05  >  1e-07   ----   0.00023484702069254126  >  1e-09   ----  iteration 14
Classic-like energies: cke = 7149.497524062805, cpe = -10347.861994916506, cke + cpe = -3198.3644708537013
Exact Energy = -3532.192093162126
Dirac Energy = -3530.177921829223
Kutze Energy = -3530.177794534005
Error Kutze  = 2.0142986281207413
Error Dirac  = 2.014171332903061
Delta Energy = -8.655637429910712e-05
Dirac - Kutzelnigg = -0.000127295217680512

PARAMETERS:
molecule    = [['Hg', 80, 0.0, 0.0, 0.0, 54, 54]]
D2          = False
prec        = 8
derivative  = BS
box         = 1

-------------------------------
Hg 1 0 8 BS 1
-------------------------------
Now executing: python test.py Input_Making/input__Hg108PH.txt
Input file: Input_Making/input__Hg108PH.txt
Output file: outputs/output__Hg108PH.txt
light_speed = 137.03599913900001  # default 137.03599913900001
derivative = "PH"         # possible values: PH, ABGV, BS
order = 11
box = 1
prec = 1.0e-8                 # precision threshold for the MRA operations
thr  = 1.0e-7                  # error threshold for SCF convergence

readPotential    = False         # bool
computePotential = True         # bool 
savePotential    = False         # bool
potential = "fermi_dirac"       # possible values: point_charge coulomb_HFYGB homogeneus_charge_sphere gaussian

readOrbitals     = False         # bool
saveOrbitals     = False         # bool
saveGuess        = False

scf              = True
ktrs             = False
D2               = False         # bool
two_electrons    = False         # bool

runGaunt         = False
runGaugeA        = False
runGaugeB        = False
runGaugeC        = False
runGaugeD        = False
runGaugeDelta    = False

molecule = [ ["Hg", 80, 0.0, 0.0, 0.0, 54, 54] ]

# With the paramenters I got from Robert, the error is (1) higher than
#  what he gets and (2) dominated by the width of the Gaussian
# I get a much better agreement with the ideal value IF the Gaussian
#  size is reduced by one order of magnitude 3e4->3e5 for Ar
# It seems the position of the nucleus is also important: I get bad
#  results from D2 if I move the nucleus
# Higher prec with off centered nucleus is too demanding for my laptop

**************************************
80 [0.0, 0.0, 0.0]
Fermi Dirac potential
Using Half Charge Radius for Hg: 0.00012485722724
Integral of the Fermi-Dirac distribution via cartesian 3D integration: 8.658788732898016
The normalization constant is: 9.239167563477986
Integral of the Fermi-Dirac distribution via 3D integration: 80.00000000000043
3D density

*FunctionTree: nn
  genNodes: 0
  square norm: 5.70217e+14
  root scale: 0
  order: 11
  nodes: 904
  endNodes: 792
  nodes per scale: 
    scale=0  nodes=8
    scale=1  nodes=64
    scale=2  nodes=64
    scale=3  nodes=64
    scale=4  nodes=64
    scale=5  nodes=64
    scale=6  nodes=64
    scale=7  nodes=64
    scale=8  nodes=64
    scale=9  nodes=64
    scale=10  nodes=64
    scale=11  nodes=64
    scale=12  nodes=64
    scale=13  nodes=64
    scale=14  nodes=64

3D potential

*FunctionTree: nn
  genNodes: 0
  square norm: 98223.3
  root scale: 0
  order: 11
  nodes: 1096
  endNodes: 960
  nodes per scale: 
    scale=0  nodes=8
    scale=1  nodes=64
    scale=2  nodes=64
    scale=3  nodes=64
    scale=4  nodes=64
    scale=5  nodes=64
    scale=6  nodes=64
    scale=7  nodes=64
    scale=8  nodes=64
    scale=9  nodes=64
    scale=10  nodes=64
    scale=11  nodes=64
    scale=12  nodes=64
    scale=13  nodes=64
    scale=14  nodes=256

Potential

*FunctionTree: nn
  genNodes: 0
  square norm: 98223.3
  root scale: 0
  order: 11
  nodes: 1096
  endNodes: 960
  nodes per scale: 
    scale=0  nodes=8
    scale=1  nodes=64
    scale=2  nodes=64
    scale=3  nodes=64
    scale=4  nodes=64
    scale=5  nodes=64
    scale=6  nodes=64
    scale=7  nodes=64
    scale=8  nodes=64
    scale=9  nodes=64
    scale=10  nodes=64
    scale=11  nodes=64
    scale=12  nodes=64
    scale=13  nodes=64
    scale=14  nodes=256

Number of Atoms =  1
[['Hg', 80, 0.0, 0.0, 0.0, 54, 54]]
Using derivative  PH
One-electron calculations 1e-08
calc_dirac_mu 6267.727338780273 15327.914633589675 137.035999139
Error 0.04545701399184729
Delta E 15327.914633589675
Energy -3450.950426434336
Converged?  0.04545701399184729  >  1e-07   ----   15327.914633589675  >  1e-09   ----  iteration 0
calc_dirac_mu 6328.302812673395 15290.762844424295 137.035999139
Error 0.03264002335600592
Delta E 37.15178916538025
Energy -3488.102215599716
Converged?  0.03264002335600592  >  1e-07   ----   37.15178916538025  >  1e-09   ----  iteration 1
calc_dirac_mu 6367.447287513142 15266.706899445127 137.035999139
Error 0.019713189356572104
Delta E 24.05594497916718
Energy -3512.1581605788833
Converged?  0.019713189356572104  >  1e-07   ----   24.05594497916718  >  1e-09   ----  iteration 2
calc_dirac_mu 6385.037210849352 15255.88479101814 137.035999139
Error 0.012982389359870764
Delta E 10.822108426988052
Energy -3522.9802690058714
Converged?  0.012982389359870764  >  1e-07   ----   10.822108426988052  >  1e-09   ----  iteration 3
calc_dirac_mu 6392.2118281034745 15251.468440368164 137.035999139
Error 0.007817438343864178
Delta E 4.416350649975357
Energy -3527.3966196558467
Converged?  0.007817438343864178  >  1e-07   ----   4.416350649975357  >  1e-09   ----  iteration 4
calc_dirac_mu 6395.018281136809 15249.740574342104 137.035999139
Error 0.004831597530119163
Delta E 1.7278660260599281
Energy -3529.1244856819067
Converged?  0.004831597530119163  >  1e-07   ----   1.7278660260599281  >  1e-09   ----  iteration 5
calc_dirac_mu 6396.088553084279 15249.08158192672 137.035999139
Error 0.002884086798089913
Delta E 0.6589924153831817
Energy -3529.78347809729
Converged?  0.002884086798089913  >  1e-07   ----   0.6589924153831817  >  1e-09   ----  iteration 6
calc_dirac_mu 6396.490979866977 15248.833790621758 137.035999139
Error 0.001748570629900365
Delta E 0.2477913049624476
Energy -3530.0312694022523
Converged?  0.001748570629900365  >  1e-07   ----   0.2477913049624476  >  1e-09   ----  iteration 7
calc_dirac_mu 6396.641013734325 15248.741407350923 137.035999139
Error 0.0010448390820938767
Delta E 0.09238327083585318
Energy -3530.123652673088
Converged?  0.0010448390820938767  >  1e-07   ----   0.09238327083585318  >  1e-09   ----  iteration 8
calc_dirac_mu 6396.6966669974445 15248.707138742626 137.035999139
Error 0.0006308004435228259
Delta E 0.03426860829677025
Energy -3530.157921281385
Converged?  0.0006308004435228259  >  1e-07   ----   0.03426860829677025  >  1e-09   ----  iteration 9
calc_dirac_mu 6396.717257608618 15248.694460013014 137.035999139
Error 0.00037840957762155455
Delta E 0.012678729612161987
Energy -3530.170600010997
Converged?  0.00037840957762155455  >  1e-07   ----   0.012678729612161987  >  1e-09   ----  iteration 10
calc_dirac_mu 6396.72486057295 15248.689778462618 137.035999139
Error 0.0002285112892192135
Delta E 0.004681550395616796
Energy -3530.1752815613927
Converged?  0.0002285112892192135  >  1e-07   ----   0.004681550395616796  >  1e-09   ----  iteration 11
calc_dirac_mu 6396.727665905578 15248.688051069425 137.035999139
Error 0.000137598035880294
Delta E 0.0017273931935051223
Energy -3530.177008954586
Converged?  0.000137598035880294  >  1e-07   ----   0.0017273931935051223  >  1e-09   ----  iteration 12
calc_dirac_mu 6396.72870048057 15248.687414026273 137.035999139
Error 8.319883701071756e-05
Delta E 0.0006370431510731578
Energy -3530.1776459977373
Converged?  8.319883701071756e-05  >  1e-07   ----   0.0006370431510731578  >  1e-09   ----  iteration 13
calc_dirac_mu 6396.729081882078 15248.68717917696 137.035999139
Error 5.0238895257538996e-05
Delta E 0.00023484931261918973
Energy -3530.17788084705
Converged?  5.0238895257538996e-05  >  1e-07   ----   0.00023484931261918973  >  1e-09   ----  iteration 14
Classic-like energies: cke = 7149.499395591264, cpe = -10347.86172667965, cke + cpe = -3198.362331088386
Exact Energy = -3532.192093162126
Dirac Energy = -3530.1779676983715
Kutze Energy = -3530.1751593982744
Error Kutze  = 2.0169337638508296
Error Dirac  = 2.014125463754681
Delta Energy = -8.685132161190268e-05
Dirac - Kutzelnigg = -0.002808300097967731

PARAMETERS:
molecule    = [['Hg', 80, 0.0, 0.0, 0.0, 54, 54]]
D2          = False
prec        = 8
derivative  = PH
box         = 1

-------------------------------
Hg 1 0 8 PH 1
-------------------------------
Now executing: python test.py Input_Making/input__Hg114ABGV.txt
Error: loadTree(), line 147: Unable to open file
Input file: Input_Making/input__Hg114ABGV.txt
Output file: outputs/output__Hg114ABGV.txt
light_speed = 137.03599913900001  # default 137.03599913900001
derivative = "ABGV"         # possible values: PH, ABGV, BS
order = 7
box = 1
prec = 1.0e-4                 # precision threshold for the MRA operations
thr  = 1.0e-3                  # error threshold for SCF convergence

readPotential    = True         # bool
computePotential = False         # bool 
savePotential    = False         # bool
potential = "fermi_dirac"       # possible values: point_charge coulomb_HFYGB homogeneus_charge_sphere gaussian

readOrbitals     = True         # bool
saveOrbitals     = False         # bool
saveGuess        = False

scf              = True
ktrs             = False
D2               = True         # bool
two_electrons    = False         # bool

runGaunt         = False
runGaugeA        = False
runGaugeB        = False
runGaugeC        = False
runGaugeD        = False
runGaugeDelta    = False

molecule = [ ["Hg", 80, 0.0, 0.0, 0.0, 54, 54] ]

# With the paramenters I got from Robert, the error is (1) higher than
#  what he gets and (2) dominated by the width of the Gaussian
# I get a much better agreement with the ideal value IF the Gaussian
#  size is reduced by one order of magnitude 3e4->3e5 for Ar
# It seems the position of the nucleus is also important: I get bad
#  results from D2 if I move the nucleus
# Higher prec with off centered nucleus is too demanding for my laptop

**************************************
80 [0.0, 0.0, 0.0]
Potential

*FunctionTree: nn
  genNodes: 0
  square norm: -8
  root scale: 0
  order: 7
  nodes: 8
  endNodes: 8
  nodes per scale: 
    scale=0  nodes=8

Number of Atoms =  1
[['Hg', 80, 0.0, 0.0, 0.0, 54, 54]]
Traceback (most recent call last):
  File "/Users/jamas6808/Library/CloudStorage/OneDrive-UiTOffice365/Desktop/My_ReMRChem/test.py", line 120, in <module>
    spinorb1.read(orbitalName)
                  ^^^^^^^^^^^
NameError: name 'orbitalName' is not defined
Error: /Users/runner/miniforge3/conda-bld/vampyr_1756653551599/work/build/_deps/mrcpp-src/src/trees/NodeAllocator.cpp: dealloc(), line 148: Invalid serial index: -1
./run_all.sh: line 4: 19955 Abort trap: 6           python test.py "$file"
Now executing: python test.py Input_Making/input__Hg114BS.txt
Error: loadTree(), line 147: Unable to open file
Input file: Input_Making/input__Hg114BS.txt
Output file: outputs/output__Hg114BS.txt
light_speed = 137.03599913900001  # default 137.03599913900001
derivative = "BS"         # possible values: PH, ABGV, BS
order = 7
box = 1
prec = 1.0e-4                 # precision threshold for the MRA operations
thr  = 1.0e-3                  # error threshold for SCF convergence

readPotential    = True         # bool
computePotential = False         # bool 
savePotential    = False         # bool
potential = "fermi_dirac"       # possible values: point_charge coulomb_HFYGB homogeneus_charge_sphere gaussian

readOrbitals     = True         # bool
saveOrbitals     = False         # bool
saveGuess        = False

scf              = True
ktrs             = False
D2               = True         # bool
two_electrons    = False         # bool

runGaunt         = False
runGaugeA        = False
runGaugeB        = False
runGaugeC        = False
runGaugeD        = False
runGaugeDelta    = False

molecule = [ ["Hg", 80, 0.0, 0.0, 0.0, 54, 54] ]

# With the paramenters I got from Robert, the error is (1) higher than
#  what he gets and (2) dominated by the width of the Gaussian
# I get a much better agreement with the ideal value IF the Gaussian
#  size is reduced by one order of magnitude 3e4->3e5 for Ar
# It seems the position of the nucleus is also important: I get bad
#  results from D2 if I move the nucleus
# Higher prec with off centered nucleus is too demanding for my laptop

**************************************
80 [0.0, 0.0, 0.0]
Potential

*FunctionTree: nn
  genNodes: 0
  square norm: -8
  root scale: 0
  order: 7
  nodes: 8
  endNodes: 8
  nodes per scale: 
    scale=0  nodes=8

Number of Atoms =  1
[['Hg', 80, 0.0, 0.0, 0.0, 54, 54]]
Traceback (most recent call last):
  File "/Users/jamas6808/Library/CloudStorage/OneDrive-UiTOffice365/Desktop/My_ReMRChem/test.py", line 120, in <module>
    spinorb1.read(orbitalName)
                  ^^^^^^^^^^^
NameError: name 'orbitalName' is not defined
Error: /Users/runner/miniforge3/conda-bld/vampyr_1756653551599/work/build/_deps/mrcpp-src/src/trees/NodeAllocator.cpp: dealloc(), line 148: Invalid serial index: -1
./run_all.sh: line 4: 19956 Abort trap: 6           python test.py "$file"
Now executing: python test.py Input_Making/input__Hg114PH.txt
Error: loadTree(), line 147: Unable to open file
Input file: Input_Making/input__Hg114PH.txt
Output file: outputs/output__Hg114PH.txt
light_speed = 137.03599913900001  # default 137.03599913900001
derivative = "PH"         # possible values: PH, ABGV, BS
order = 7
box = 1
prec = 1.0e-4                 # precision threshold for the MRA operations
thr  = 1.0e-3                  # error threshold for SCF convergence

readPotential    = True         # bool
computePotential = False         # bool 
savePotential    = False         # bool
potential = "fermi_dirac"       # possible values: point_charge coulomb_HFYGB homogeneus_charge_sphere gaussian

readOrbitals     = True         # bool
saveOrbitals     = False         # bool
saveGuess        = False

scf              = True
ktrs             = False
D2               = True         # bool
two_electrons    = False         # bool

runGaunt         = False
runGaugeA        = False
runGaugeB        = False
runGaugeC        = False
runGaugeD        = False
runGaugeDelta    = False

molecule = [ ["Hg", 80, 0.0, 0.0, 0.0, 54, 54] ]

# With the paramenters I got from Robert, the error is (1) higher than
#  what he gets and (2) dominated by the width of the Gaussian
# I get a much better agreement with the ideal value IF the Gaussian
#  size is reduced by one order of magnitude 3e4->3e5 for Ar
# It seems the position of the nucleus is also important: I get bad
#  results from D2 if I move the nucleus
# Higher prec with off centered nucleus is too demanding for my laptop

**************************************
80 [0.0, 0.0, 0.0]
Potential

*FunctionTree: nn
  genNodes: 0
  square norm: -8
  root scale: 0
  order: 7
  nodes: 8
  endNodes: 8
  nodes per scale: 
    scale=0  nodes=8

Number of Atoms =  1
[['Hg', 80, 0.0, 0.0, 0.0, 54, 54]]
Traceback (most recent call last):
  File "/Users/jamas6808/Library/CloudStorage/OneDrive-UiTOffice365/Desktop/My_ReMRChem/test.py", line 120, in <module>
    spinorb1.read(orbitalName)
                  ^^^^^^^^^^^
NameError: name 'orbitalName' is not defined
Error: /Users/runner/miniforge3/conda-bld/vampyr_1756653551599/work/build/_deps/mrcpp-src/src/trees/NodeAllocator.cpp: dealloc(), line 148: Invalid serial index: -1
./run_all.sh: line 4: 19959 Abort trap: 6           python test.py "$file"
Now executing: python test.py Input_Making/input__Hg115ABGV.txt
Error: loadTree(), line 147: Unable to open file
Input file: Input_Making/input__Hg115ABGV.txt
Output file: outputs/output__Hg115ABGV.txt
light_speed = 137.03599913900001  # default 137.03599913900001
derivative = "ABGV"         # possible values: PH, ABGV, BS
order = 8
box = 1
prec = 1.0e-5                 # precision threshold for the MRA operations
thr  = 1.0e-4                  # error threshold for SCF convergence

readPotential    = True         # bool
computePotential = False         # bool 
savePotential    = False         # bool
potential = "fermi_dirac"       # possible values: point_charge coulomb_HFYGB homogeneus_charge_sphere gaussian

readOrbitals     = True         # bool
saveOrbitals     = False         # bool
saveGuess        = False

scf              = True
ktrs             = False
D2               = True         # bool
two_electrons    = False         # bool

runGaunt         = False
runGaugeA        = False
runGaugeB        = False
runGaugeC        = False
runGaugeD        = False
runGaugeDelta    = False

molecule = [ ["Hg", 80, 0.0, 0.0, 0.0, 54, 54] ]

# With the paramenters I got from Robert, the error is (1) higher than
#  what he gets and (2) dominated by the width of the Gaussian
# I get a much better agreement with the ideal value IF the Gaussian
#  size is reduced by one order of magnitude 3e4->3e5 for Ar
# It seems the position of the nucleus is also important: I get bad
#  results from D2 if I move the nucleus
# Higher prec with off centered nucleus is too demanding for my laptop

**************************************
80 [0.0, 0.0, 0.0]
Potential

*FunctionTree: nn
  genNodes: 0
  square norm: -8
  root scale: 0
  order: 8
  nodes: 8
  endNodes: 8
  nodes per scale: 
    scale=0  nodes=8

Number of Atoms =  1
[['Hg', 80, 0.0, 0.0, 0.0, 54, 54]]
Traceback (most recent call last):
  File "/Users/jamas6808/Library/CloudStorage/OneDrive-UiTOffice365/Desktop/My_ReMRChem/test.py", line 120, in <module>
    spinorb1.read(orbitalName)
                  ^^^^^^^^^^^
NameError: name 'orbitalName' is not defined
Error: /Users/runner/miniforge3/conda-bld/vampyr_1756653551599/work/build/_deps/mrcpp-src/src/trees/NodeAllocator.cpp: dealloc(), line 148: Invalid serial index: -1
./run_all.sh: line 4: 19961 Abort trap: 6           python test.py "$file"
Now executing: python test.py Input_Making/input__Hg115BS.txt
Error: loadTree(), line 147: Unable to open file
Input file: Input_Making/input__Hg115BS.txt
Output file: outputs/output__Hg115BS.txt
light_speed = 137.03599913900001  # default 137.03599913900001
derivative = "BS"         # possible values: PH, ABGV, BS
order = 8
box = 1
prec = 1.0e-5                 # precision threshold for the MRA operations
thr  = 1.0e-4                  # error threshold for SCF convergence

readPotential    = True         # bool
computePotential = False         # bool 
savePotential    = False         # bool
potential = "fermi_dirac"       # possible values: point_charge coulomb_HFYGB homogeneus_charge_sphere gaussian

readOrbitals     = True         # bool
saveOrbitals     = False         # bool
saveGuess        = False

scf              = True
ktrs             = False
D2               = True         # bool
two_electrons    = False         # bool

runGaunt         = False
runGaugeA        = False
runGaugeB        = False
runGaugeC        = False
runGaugeD        = False
runGaugeDelta    = False

molecule = [ ["Hg", 80, 0.0, 0.0, 0.0, 54, 54] ]

# With the paramenters I got from Robert, the error is (1) higher than
#  what he gets and (2) dominated by the width of the Gaussian
# I get a much better agreement with the ideal value IF the Gaussian
#  size is reduced by one order of magnitude 3e4->3e5 for Ar
# It seems the position of the nucleus is also important: I get bad
#  results from D2 if I move the nucleus
# Higher prec with off centered nucleus is too demanding for my laptop

**************************************
80 [0.0, 0.0, 0.0]
Potential

*FunctionTree: nn
  genNodes: 0
  square norm: -8
  root scale: 0
  order: 8
  nodes: 8
  endNodes: 8
  nodes per scale: 
    scale=0  nodes=8

Number of Atoms =  1
[['Hg', 80, 0.0, 0.0, 0.0, 54, 54]]
Traceback (most recent call last):
  File "/Users/jamas6808/Library/CloudStorage/OneDrive-UiTOffice365/Desktop/My_ReMRChem/test.py", line 120, in <module>
    spinorb1.read(orbitalName)
                  ^^^^^^^^^^^
NameError: name 'orbitalName' is not defined
Error: /Users/runner/miniforge3/conda-bld/vampyr_1756653551599/work/build/_deps/mrcpp-src/src/trees/NodeAllocator.cpp: dealloc(), line 148: Invalid serial index: -1
./run_all.sh: line 4: 19962 Abort trap: 6           python test.py "$file"
Now executing: python test.py Input_Making/input__Hg115PH.txt
Error: loadTree(), line 147: Unable to open file
Input file: Input_Making/input__Hg115PH.txt
Output file: outputs/output__Hg115PH.txt
light_speed = 137.03599913900001  # default 137.03599913900001
derivative = "PH"         # possible values: PH, ABGV, BS
order = 8
box = 1
prec = 1.0e-5                 # precision threshold for the MRA operations
thr  = 1.0e-4                  # error threshold for SCF convergence

readPotential    = True         # bool
computePotential = False         # bool 
savePotential    = False         # bool
potential = "fermi_dirac"       # possible values: point_charge coulomb_HFYGB homogeneus_charge_sphere gaussian

readOrbitals     = True         # bool
saveOrbitals     = False         # bool
saveGuess        = False

scf              = True
ktrs             = False
D2               = True         # bool
two_electrons    = False         # bool

runGaunt         = False
runGaugeA        = False
runGaugeB        = False
runGaugeC        = False
runGaugeD        = False
runGaugeDelta    = False

molecule = [ ["Hg", 80, 0.0, 0.0, 0.0, 54, 54] ]

# With the paramenters I got from Robert, the error is (1) higher than
#  what he gets and (2) dominated by the width of the Gaussian
# I get a much better agreement with the ideal value IF the Gaussian
#  size is reduced by one order of magnitude 3e4->3e5 for Ar
# It seems the position of the nucleus is also important: I get bad
#  results from D2 if I move the nucleus
# Higher prec with off centered nucleus is too demanding for my laptop

**************************************
80 [0.0, 0.0, 0.0]
Potential

*FunctionTree: nn
  genNodes: 0
  square norm: -8
  root scale: 0
  order: 8
  nodes: 8
  endNodes: 8
  nodes per scale: 
    scale=0  nodes=8

Number of Atoms =  1
[['Hg', 80, 0.0, 0.0, 0.0, 54, 54]]
Traceback (most recent call last):
  File "/Users/jamas6808/Library/CloudStorage/OneDrive-UiTOffice365/Desktop/My_ReMRChem/test.py", line 120, in <module>
    spinorb1.read(orbitalName)
                  ^^^^^^^^^^^
NameError: name 'orbitalName' is not defined
Error: /Users/runner/miniforge3/conda-bld/vampyr_1756653551599/work/build/_deps/mrcpp-src/src/trees/NodeAllocator.cpp: dealloc(), line 148: Invalid serial index: -1
./run_all.sh: line 4: 19963 Abort trap: 6           python test.py "$file"
Now executing: python test.py Input_Making/input__Hg116ABGV.txt
Error: loadTree(), line 147: Unable to open file
Input file: Input_Making/input__Hg116ABGV.txt
Output file: outputs/output__Hg116ABGV.txt
light_speed = 137.03599913900001  # default 137.03599913900001
derivative = "ABGV"         # possible values: PH, ABGV, BS
order = 9
box = 1
prec = 1.0e-6                 # precision threshold for the MRA operations
thr  = 1.0e-5                  # error threshold for SCF convergence

readPotential    = True         # bool
computePotential = False         # bool 
savePotential    = False         # bool
potential = "fermi_dirac"       # possible values: point_charge coulomb_HFYGB homogeneus_charge_sphere gaussian

readOrbitals     = True         # bool
saveOrbitals     = False         # bool
saveGuess        = False

scf              = True
ktrs             = False
D2               = True         # bool
two_electrons    = False         # bool

runGaunt         = False
runGaugeA        = False
runGaugeB        = False
runGaugeC        = False
runGaugeD        = False
runGaugeDelta    = False

molecule = [ ["Hg", 80, 0.0, 0.0, 0.0, 54, 54] ]

# With the paramenters I got from Robert, the error is (1) higher than
#  what he gets and (2) dominated by the width of the Gaussian
# I get a much better agreement with the ideal value IF the Gaussian
#  size is reduced by one order of magnitude 3e4->3e5 for Ar
# It seems the position of the nucleus is also important: I get bad
#  results from D2 if I move the nucleus
# Higher prec with off centered nucleus is too demanding for my laptop

**************************************
80 [0.0, 0.0, 0.0]
Potential

*FunctionTree: nn
  genNodes: 0
  square norm: -8
  root scale: 0
  order: 9
  nodes: 8
  endNodes: 8
  nodes per scale: 
    scale=0  nodes=8

Number of Atoms =  1
[['Hg', 80, 0.0, 0.0, 0.0, 54, 54]]
Traceback (most recent call last):
  File "/Users/jamas6808/Library/CloudStorage/OneDrive-UiTOffice365/Desktop/My_ReMRChem/test.py", line 120, in <module>
    spinorb1.read(orbitalName)
                  ^^^^^^^^^^^
NameError: name 'orbitalName' is not defined
Error: /Users/runner/miniforge3/conda-bld/vampyr_1756653551599/work/build/_deps/mrcpp-src/src/trees/NodeAllocator.cpp: dealloc(), line 148: Invalid serial index: -1
./run_all.sh: line 4: 19965 Abort trap: 6           python test.py "$file"
Now executing: python test.py Input_Making/input__Hg116BS.txt
Error: loadTree(), line 147: Unable to open file
Input file: Input_Making/input__Hg116BS.txt
Output file: outputs/output__Hg116BS.txt
light_speed = 137.03599913900001  # default 137.03599913900001
derivative = "BS"         # possible values: PH, ABGV, BS
order = 9
box = 1
prec = 1.0e-6                 # precision threshold for the MRA operations
thr  = 1.0e-5                  # error threshold for SCF convergence

readPotential    = True         # bool
computePotential = False         # bool 
savePotential    = False         # bool
potential = "fermi_dirac"       # possible values: point_charge coulomb_HFYGB homogeneus_charge_sphere gaussian

readOrbitals     = True         # bool
saveOrbitals     = False         # bool
saveGuess        = False

scf              = True
ktrs             = False
D2               = True         # bool
two_electrons    = False         # bool

runGaunt         = False
runGaugeA        = False
runGaugeB        = False
runGaugeC        = False
runGaugeD        = False
runGaugeDelta    = False

molecule = [ ["Hg", 80, 0.0, 0.0, 0.0, 54, 54] ]

# With the paramenters I got from Robert, the error is (1) higher than
#  what he gets and (2) dominated by the width of the Gaussian
# I get a much better agreement with the ideal value IF the Gaussian
#  size is reduced by one order of magnitude 3e4->3e5 for Ar
# It seems the position of the nucleus is also important: I get bad
#  results from D2 if I move the nucleus
# Higher prec with off centered nucleus is too demanding for my laptop

**************************************
80 [0.0, 0.0, 0.0]
Potential

*FunctionTree: nn
  genNodes: 0
  square norm: -8
  root scale: 0
  order: 9
  nodes: 8
  endNodes: 8
  nodes per scale: 
    scale=0  nodes=8

Number of Atoms =  1
[['Hg', 80, 0.0, 0.0, 0.0, 54, 54]]
Traceback (most recent call last):
  File "/Users/jamas6808/Library/CloudStorage/OneDrive-UiTOffice365/Desktop/My_ReMRChem/test.py", line 120, in <module>
    spinorb1.read(orbitalName)
                  ^^^^^^^^^^^
NameError: name 'orbitalName' is not defined
Error: /Users/runner/miniforge3/conda-bld/vampyr_1756653551599/work/build/_deps/mrcpp-src/src/trees/NodeAllocator.cpp: dealloc(), line 148: Invalid serial index: -1
./run_all.sh: line 4: 19966 Abort trap: 6           python test.py "$file"
Now executing: python test.py Input_Making/input__Hg116PH.txt
Error: loadTree(), line 147: Unable to open file
Input file: Input_Making/input__Hg116PH.txt
Output file: outputs/output__Hg116PH.txt
light_speed = 137.03599913900001  # default 137.03599913900001
derivative = "PH"         # possible values: PH, ABGV, BS
order = 9
box = 1
prec = 1.0e-6                 # precision threshold for the MRA operations
thr  = 1.0e-5                  # error threshold for SCF convergence

readPotential    = True         # bool
computePotential = False         # bool 
savePotential    = False         # bool
potential = "fermi_dirac"       # possible values: point_charge coulomb_HFYGB homogeneus_charge_sphere gaussian

readOrbitals     = True         # bool
saveOrbitals     = False         # bool
saveGuess        = False

scf              = True
ktrs             = False
D2               = True         # bool
two_electrons    = False         # bool

runGaunt         = False
runGaugeA        = False
runGaugeB        = False
runGaugeC        = False
runGaugeD        = False
runGaugeDelta    = False

molecule = [ ["Hg", 80, 0.0, 0.0, 0.0, 54, 54] ]

# With the paramenters I got from Robert, the error is (1) higher than
#  what he gets and (2) dominated by the width of the Gaussian
# I get a much better agreement with the ideal value IF the Gaussian
#  size is reduced by one order of magnitude 3e4->3e5 for Ar
# It seems the position of the nucleus is also important: I get bad
#  results from D2 if I move the nucleus
# Higher prec with off centered nucleus is too demanding for my laptop

**************************************
80 [0.0, 0.0, 0.0]
Potential

*FunctionTree: nn
  genNodes: 0
  square norm: -8
  root scale: 0
  order: 9
  nodes: 8
  endNodes: 8
  nodes per scale: 
    scale=0  nodes=8

Number of Atoms =  1
[['Hg', 80, 0.0, 0.0, 0.0, 54, 54]]
Traceback (most recent call last):
  File "/Users/jamas6808/Library/CloudStorage/OneDrive-UiTOffice365/Desktop/My_ReMRChem/test.py", line 120, in <module>
    spinorb1.read(orbitalName)
                  ^^^^^^^^^^^
NameError: name 'orbitalName' is not defined
Error: /Users/runner/miniforge3/conda-bld/vampyr_1756653551599/work/build/_deps/mrcpp-src/src/trees/NodeAllocator.cpp: dealloc(), line 148: Invalid serial index: -1
./run_all.sh: line 4: 19967 Abort trap: 6           python test.py "$file"
Now executing: python test.py Input_Making/input__Hg117ABGV.txt
Error: loadTree(), line 147: Unable to open file
Input file: Input_Making/input__Hg117ABGV.txt
Output file: outputs/output__Hg117ABGV.txt
light_speed = 137.03599913900001  # default 137.03599913900001
derivative = "ABGV"         # possible values: PH, ABGV, BS
order = 10
box = 1
prec = 1.0e-7                 # precision threshold for the MRA operations
thr  = 1.0e-6                  # error threshold for SCF convergence

readPotential    = True         # bool
computePotential = False         # bool 
savePotential    = False         # bool
potential = "fermi_dirac"       # possible values: point_charge coulomb_HFYGB homogeneus_charge_sphere gaussian

readOrbitals     = True         # bool
saveOrbitals     = False         # bool
saveGuess        = False

scf              = True
ktrs             = False
D2               = True         # bool
two_electrons    = False         # bool

runGaunt         = False
runGaugeA        = False
runGaugeB        = False
runGaugeC        = False
runGaugeD        = False
runGaugeDelta    = False

molecule = [ ["Hg", 80, 0.0, 0.0, 0.0, 54, 54] ]

# With the paramenters I got from Robert, the error is (1) higher than
#  what he gets and (2) dominated by the width of the Gaussian
# I get a much better agreement with the ideal value IF the Gaussian
#  size is reduced by one order of magnitude 3e4->3e5 for Ar
# It seems the position of the nucleus is also important: I get bad
#  results from D2 if I move the nucleus
# Higher prec with off centered nucleus is too demanding for my laptop

**************************************
80 [0.0, 0.0, 0.0]
Potential

*FunctionTree: nn
  genNodes: 0
  square norm: -8
  root scale: 0
  order: 10
  nodes: 8
  endNodes: 8
  nodes per scale: 
    scale=0  nodes=8

Number of Atoms =  1
[['Hg', 80, 0.0, 0.0, 0.0, 54, 54]]
Traceback (most recent call last):
  File "/Users/jamas6808/Library/CloudStorage/OneDrive-UiTOffice365/Desktop/My_ReMRChem/test.py", line 120, in <module>
    spinorb1.read(orbitalName)
                  ^^^^^^^^^^^
NameError: name 'orbitalName' is not defined
Error: /Users/runner/miniforge3/conda-bld/vampyr_1756653551599/work/build/_deps/mrcpp-src/src/trees/NodeAllocator.cpp: dealloc(), line 148: Invalid serial index: -1
./run_all.sh: line 4: 19968 Abort trap: 6           python test.py "$file"
Now executing: python test.py Input_Making/input__Hg117BS.txt
Error: loadTree(), line 147: Unable to open file
Input file: Input_Making/input__Hg117BS.txt
Output file: outputs/output__Hg117BS.txt
light_speed = 137.03599913900001  # default 137.03599913900001
derivative = "BS"         # possible values: PH, ABGV, BS
order = 10
box = 1
prec = 1.0e-7                 # precision threshold for the MRA operations
thr  = 1.0e-6                  # error threshold for SCF convergence

readPotential    = True         # bool
computePotential = False         # bool 
savePotential    = False         # bool
potential = "fermi_dirac"       # possible values: point_charge coulomb_HFYGB homogeneus_charge_sphere gaussian

readOrbitals     = True         # bool
saveOrbitals     = False         # bool
saveGuess        = False

scf              = True
ktrs             = False
D2               = True         # bool
two_electrons    = False         # bool

runGaunt         = False
runGaugeA        = False
runGaugeB        = False
runGaugeC        = False
runGaugeD        = False
runGaugeDelta    = False

molecule = [ ["Hg", 80, 0.0, 0.0, 0.0, 54, 54] ]

# With the paramenters I got from Robert, the error is (1) higher than
#  what he gets and (2) dominated by the width of the Gaussian
# I get a much better agreement with the ideal value IF the Gaussian
#  size is reduced by one order of magnitude 3e4->3e5 for Ar
# It seems the position of the nucleus is also important: I get bad
#  results from D2 if I move the nucleus
# Higher prec with off centered nucleus is too demanding for my laptop

**************************************
80 [0.0, 0.0, 0.0]
Potential

*FunctionTree: nn
  genNodes: 0
  square norm: -8
  root scale: 0
  order: 10
  nodes: 8
  endNodes: 8
  nodes per scale: 
    scale=0  nodes=8

Number of Atoms =  1
[['Hg', 80, 0.0, 0.0, 0.0, 54, 54]]
Traceback (most recent call last):
  File "/Users/jamas6808/Library/CloudStorage/OneDrive-UiTOffice365/Desktop/My_ReMRChem/test.py", line 120, in <module>
    spinorb1.read(orbitalName)
                  ^^^^^^^^^^^
NameError: name 'orbitalName' is not defined
Error: /Users/runner/miniforge3/conda-bld/vampyr_1756653551599/work/build/_deps/mrcpp-src/src/trees/NodeAllocator.cpp: dealloc(), line 148: Invalid serial index: -1
./run_all.sh: line 4: 19969 Abort trap: 6           python test.py "$file"
Now executing: python test.py Input_Making/input__Hg117PH.txt
Error: loadTree(), line 147: Unable to open file
Input file: Input_Making/input__Hg117PH.txt
Output file: outputs/output__Hg117PH.txt
light_speed = 137.03599913900001  # default 137.03599913900001
derivative = "PH"         # possible values: PH, ABGV, BS
order = 10
box = 1
prec = 1.0e-7                 # precision threshold for the MRA operations
thr  = 1.0e-6                  # error threshold for SCF convergence

readPotential    = True         # bool
computePotential = False         # bool 
savePotential    = False         # bool
potential = "fermi_dirac"       # possible values: point_charge coulomb_HFYGB homogeneus_charge_sphere gaussian

readOrbitals     = True         # bool
saveOrbitals     = False         # bool
saveGuess        = False

scf              = True
ktrs             = False
D2               = True         # bool
two_electrons    = False         # bool

runGaunt         = False
runGaugeA        = False
runGaugeB        = False
runGaugeC        = False
runGaugeD        = False
runGaugeDelta    = False

molecule = [ ["Hg", 80, 0.0, 0.0, 0.0, 54, 54] ]

# With the paramenters I got from Robert, the error is (1) higher than
#  what he gets and (2) dominated by the width of the Gaussian
# I get a much better agreement with the ideal value IF the Gaussian
#  size is reduced by one order of magnitude 3e4->3e5 for Ar
# It seems the position of the nucleus is also important: I get bad
#  results from D2 if I move the nucleus
# Higher prec with off centered nucleus is too demanding for my laptop

**************************************
80 [0.0, 0.0, 0.0]
Potential

*FunctionTree: nn
  genNodes: 0
  square norm: -8
  root scale: 0
  order: 10
  nodes: 8
  endNodes: 8
  nodes per scale: 
    scale=0  nodes=8

Number of Atoms =  1
[['Hg', 80, 0.0, 0.0, 0.0, 54, 54]]
Traceback (most recent call last):
  File "/Users/jamas6808/Library/CloudStorage/OneDrive-UiTOffice365/Desktop/My_ReMRChem/test.py", line 120, in <module>
    spinorb1.read(orbitalName)
                  ^^^^^^^^^^^
NameError: name 'orbitalName' is not defined
Error: /Users/runner/miniforge3/conda-bld/vampyr_1756653551599/work/build/_deps/mrcpp-src/src/trees/NodeAllocator.cpp: dealloc(), line 148: Invalid serial index: -1
./run_all.sh: line 4: 19970 Abort trap: 6           python test.py "$file"
Now executing: python test.py Input_Making/input__Hg118ABGV.txt
Error: loadTree(), line 147: Unable to open file
Input file: Input_Making/input__Hg118ABGV.txt
Output file: outputs/output__Hg118ABGV.txt
light_speed = 137.03599913900001  # default 137.03599913900001
derivative = "ABGV"         # possible values: PH, ABGV, BS
order = 11
box = 1
prec = 1.0e-8                 # precision threshold for the MRA operations
thr  = 1.0e-7                  # error threshold for SCF convergence

readPotential    = True         # bool
computePotential = False         # bool 
savePotential    = False         # bool
potential = "fermi_dirac"       # possible values: point_charge coulomb_HFYGB homogeneus_charge_sphere gaussian

readOrbitals     = True         # bool
saveOrbitals     = False         # bool
saveGuess        = False

scf              = True
ktrs             = False
D2               = True         # bool
two_electrons    = False         # bool

runGaunt         = False
runGaugeA        = False
runGaugeB        = False
runGaugeC        = False
runGaugeD        = False
runGaugeDelta    = False

molecule = [ ["Hg", 80, 0.0, 0.0, 0.0, 54, 54] ]

# With the paramenters I got from Robert, the error is (1) higher than
#  what he gets and (2) dominated by the width of the Gaussian
# I get a much better agreement with the ideal value IF the Gaussian
#  size is reduced by one order of magnitude 3e4->3e5 for Ar
# It seems the position of the nucleus is also important: I get bad
#  results from D2 if I move the nucleus
# Higher prec with off centered nucleus is too demanding for my laptop

**************************************
80 [0.0, 0.0, 0.0]
Potential

*FunctionTree: nn
  genNodes: 0
  square norm: -8
  root scale: 0
  order: 11
  nodes: 8
  endNodes: 8
  nodes per scale: 
    scale=0  nodes=8

Number of Atoms =  1
[['Hg', 80, 0.0, 0.0, 0.0, 54, 54]]
Traceback (most recent call last):
  File "/Users/jamas6808/Library/CloudStorage/OneDrive-UiTOffice365/Desktop/My_ReMRChem/test.py", line 120, in <module>
    spinorb1.read(orbitalName)
                  ^^^^^^^^^^^
NameError: name 'orbitalName' is not defined
Error: /Users/runner/miniforge3/conda-bld/vampyr_1756653551599/work/build/_deps/mrcpp-src/src/trees/NodeAllocator.cpp: dealloc(), line 148: Invalid serial index: -1
./run_all.sh: line 4: 19971 Abort trap: 6           python test.py "$file"
Now executing: python test.py Input_Making/input__Hg118BS.txt
Error: loadTree(), line 147: Unable to open file
Input file: Input_Making/input__Hg118BS.txt
Output file: outputs/output__Hg118BS.txt
light_speed = 137.03599913900001  # default 137.03599913900001
derivative = "BS"         # possible values: PH, ABGV, BS
order = 11
box = 1
prec = 1.0e-8                 # precision threshold for the MRA operations
thr  = 1.0e-7                  # error threshold for SCF convergence

readPotential    = True         # bool
computePotential = False         # bool 
savePotential    = False         # bool
potential = "fermi_dirac"       # possible values: point_charge coulomb_HFYGB homogeneus_charge_sphere gaussian

readOrbitals     = True         # bool
saveOrbitals     = False         # bool
saveGuess        = False

scf              = True
ktrs             = False
D2               = True         # bool
two_electrons    = False         # bool

runGaunt         = False
runGaugeA        = False
runGaugeB        = False
runGaugeC        = False
runGaugeD        = False
runGaugeDelta    = False

molecule = [ ["Hg", 80, 0.0, 0.0, 0.0, 54, 54] ]

# With the paramenters I got from Robert, the error is (1) higher than
#  what he gets and (2) dominated by the width of the Gaussian
# I get a much better agreement with the ideal value IF the Gaussian
#  size is reduced by one order of magnitude 3e4->3e5 for Ar
# It seems the position of the nucleus is also important: I get bad
#  results from D2 if I move the nucleus
# Higher prec with off centered nucleus is too demanding for my laptop

**************************************
80 [0.0, 0.0, 0.0]
Potential

*FunctionTree: nn
  genNodes: 0
  square norm: -8
  root scale: 0
  order: 11
  nodes: 8
  endNodes: 8
  nodes per scale: 
    scale=0  nodes=8

Number of Atoms =  1
[['Hg', 80, 0.0, 0.0, 0.0, 54, 54]]
Traceback (most recent call last):
  File "/Users/jamas6808/Library/CloudStorage/OneDrive-UiTOffice365/Desktop/My_ReMRChem/test.py", line 120, in <module>
    spinorb1.read(orbitalName)
                  ^^^^^^^^^^^
NameError: name 'orbitalName' is not defined
Error: /Users/runner/miniforge3/conda-bld/vampyr_1756653551599/work/build/_deps/mrcpp-src/src/trees/NodeAllocator.cpp: dealloc(), line 148: Invalid serial index: -1
./run_all.sh: line 4: 19972 Abort trap: 6           python test.py "$file"
Now executing: python test.py Input_Making/input__Hg118PH.txt
Error: loadTree(), line 147: Unable to open file
Input file: Input_Making/input__Hg118PH.txt
Output file: outputs/output__Hg118PH.txt
light_speed = 137.03599913900001  # default 137.03599913900001
derivative = "PH"         # possible values: PH, ABGV, BS
order = 11
box = 1
prec = 1.0e-8                 # precision threshold for the MRA operations
thr  = 1.0e-7                  # error threshold for SCF convergence

readPotential    = True         # bool
computePotential = False         # bool 
savePotential    = False         # bool
potential = "fermi_dirac"       # possible values: point_charge coulomb_HFYGB homogeneus_charge_sphere gaussian

readOrbitals     = True         # bool
saveOrbitals     = False         # bool
saveGuess        = False

scf              = True
ktrs             = False
D2               = True         # bool
two_electrons    = False         # bool

runGaunt         = False
runGaugeA        = False
runGaugeB        = False
runGaugeC        = False
runGaugeD        = False
runGaugeDelta    = False

molecule = [ ["Hg", 80, 0.0, 0.0, 0.0, 54, 54] ]

# With the paramenters I got from Robert, the error is (1) higher than
#  what he gets and (2) dominated by the width of the Gaussian
# I get a much better agreement with the ideal value IF the Gaussian
#  size is reduced by one order of magnitude 3e4->3e5 for Ar
# It seems the position of the nucleus is also important: I get bad
#  results from D2 if I move the nucleus
# Higher prec with off centered nucleus is too demanding for my laptop

**************************************
80 [0.0, 0.0, 0.0]
Potential

*FunctionTree: nn
  genNodes: 0
  square norm: -8
  root scale: 0
  order: 11
  nodes: 8
  endNodes: 8
  nodes per scale: 
    scale=0  nodes=8

Number of Atoms =  1
[['Hg', 80, 0.0, 0.0, 0.0, 54, 54]]
Traceback (most recent call last):
  File "/Users/jamas6808/Library/CloudStorage/OneDrive-UiTOffice365/Desktop/My_ReMRChem/test.py", line 120, in <module>
    spinorb1.read(orbitalName)
                  ^^^^^^^^^^^
NameError: name 'orbitalName' is not defined
Error: /Users/runner/miniforge3/conda-bld/vampyr_1756653551599/work/build/_deps/mrcpp-src/src/trees/NodeAllocator.cpp: dealloc(), line 148: Invalid serial index: -1
./run_all.sh: line 4: 19973 Abort trap: 6           python test.py "$file"
