Now executing: python test.py Input_Making/input__Hg014ABGV.txt
Input file: Input_Making/input__Hg014ABGV.txt
Output file: outputs/output__Hg014ABGV.txt
light_speed = 137.03599913900001  # default 137.03599913900001
derivative = "ABGV"         # possible values: PH, ABGV, BS
order = 7
box = 1
prec = 1.0e-4                 # precision threshold for the MRA operations
thr  = 1.0e-3                  # error threshold for SCF convergence

readPotential    = False        # bool
computePotential = True         # bool 
savePotential    = False         # bool
potential = "fermi_dirac"       # possible values: point_charge coulomb_HFYGB homogeneus_charge_sphere gaussian

readOrbitals     = False        # bool
saveOrbitals     = False         # bool
saveGuess        = False

scf              = True
ktrs             = False
D2               = True         # bool
two_electrons    = False         # bool

runGaunt         = False
runGaugeA        = False
runGaugeB        = False
runGaugeC        = False
runGaugeD        = False
runGaugeDelta    = False

molecule = [ ["Hg", 80, 0.1, 0.2, 0.3, 54, 54] ]

# With the paramenters I got from Robert, the error is (1) higher than
#  what he gets and (2) dominated by the width of the Gaussian
# I get a much better agreement with the ideal value IF the Gaussian
#  size is reduced by one order of magnitude 3e4->3e5 for Ar
# It seems the position of the nucleus is also important: I get bad
#  results from D2 if I move the nucleus
# Higher prec with off centered nucleus is too demanding for my laptop

**************************************
80 [0.1, 0.2, 0.3]
Fermi Dirac potential
Using Half Charge Radius for Hg: 0.00012485722724
Integral of the Fermi-Dirac distribution via cartesian 3D integration: 8.681462019814422
The normalization constant is: 9.215037722610472
Integral of the Fermi-Dirac distribution via 3D integration: 79.99999999999996
3D density

*FunctionTree: nn
  genNodes: 0
  square norm: 5.70938e+14
  root scale: 0
  order: 7
  nodes: 192
  endNodes: 169
  nodes per scale: 
    scale=0  nodes=8
    scale=1  nodes=8
    scale=2  nodes=8
    scale=3  nodes=8
    scale=4  nodes=8
    scale=5  nodes=8
    scale=6  nodes=8
    scale=7  nodes=8
    scale=8  nodes=8
    scale=9  nodes=8
    scale=10  nodes=16
    scale=11  nodes=96

3D potential

*FunctionTree: nn
  genNodes: 0
  square norm: 95063.8
  root scale: 0
  order: 7
  nodes: 688
  endNodes: 603
  nodes per scale: 
    scale=0  nodes=8
    scale=1  nodes=56
    scale=2  nodes=48
    scale=3  nodes=56
    scale=4  nodes=48
    scale=5  nodes=56
    scale=6  nodes=48
    scale=7  nodes=56
    scale=8  nodes=48
    scale=9  nodes=56
    scale=10  nodes=48
    scale=11  nodes=56
    scale=12  nodes=48
    scale=13  nodes=56

Potential

*FunctionTree: nn
  genNodes: 0
  square norm: 95063.8
  root scale: 0
  order: 7
  nodes: 688
  endNodes: 603
  nodes per scale: 
    scale=0  nodes=8
    scale=1  nodes=56
    scale=2  nodes=48
    scale=3  nodes=56
    scale=4  nodes=48
    scale=5  nodes=56
    scale=6  nodes=48
    scale=7  nodes=56
    scale=8  nodes=48
    scale=9  nodes=56
    scale=10  nodes=48
    scale=11  nodes=56
    scale=12  nodes=48
    scale=13  nodes=56

Number of Atoms =  1
[['Hg', 80, 0.1, 0.2, 0.3, 54, 54]]
Using derivative  ABGV
Hartree-Fock 1e D2
Classic-like energies: cke = 4254.642245181147 cpe = -7212.177013529351 cke + cpe = -2957.534768348204
mu = 76.90948925000353
Error = 0.03961593592075384
Delta E 3236.4238009325036
Energy -3236.4238009325036 0
Converged?  0.03961593592075384  >  0.001   ----   3236.4238009325036  >  1e-05   ----  iteration 0
Classic-like energies: cke = 4433.673452196972 cpe = -7449.104873404955 cke + cpe = -3015.4314212079826
mu = 77.65863018632227
Error = 0.049838131789751675
Delta E 70.11068385661974
Energy -3306.5344847891233 -3236.4238009325036
Converged?  0.049838131789751675  >  0.001   ----   70.11068385661974  >  1e-05   ----  iteration 1
Classic-like energies: cke = 5013.160150435552 cpe = -7931.5381551731425 cke + cpe = -2918.3780047375903
mu = 76.39866497181204
Error = 0.0715271377012676
Delta E 117.34932694309009
Energy -3189.1851578460332 -3306.5344847891233
Converged?  0.0715271377012676  >  0.001   ----   117.34932694309009  >  1e-05   ----  iteration 2
Classic-like energies: cke = 5021.915589050335 cpe = -7668.930164778116 cke + cpe = -2647.0145757277805
mu = 72.76007938049244
Error = 0.10522045015845423
Delta E 323.51945821379786
Energy -2865.6656996322354 -3189.1851578460332
Converged?  0.10522045015845423  >  0.001   ----   323.51945821379786  >  1e-05   ----  iteration 3
Classic-like energies: cke = 5483.115233698154 cpe = -7543.88209268762 cke + cpe = -2060.7668589894656
mu = 64.19917225306672
Error = 0.14893794461870247
Delta E 677.4018165494995
Energy -2188.263883082736 -2865.6656996322354
Converged?  0.14893794461870247  >  0.001   ----   677.4018165494995  >  1e-05   ----  iteration 4
Classic-like energies: cke = 4418.059399973116 cpe = -5757.119366439549 cke + cpe = -1339.0599664664323
mu = 51.750554904588846
Error = 0.2281668588279767
Delta E 797.7201942401246
Energy -1390.5436888426113 -2188.263883082736
Converged?  0.2281668588279767  >  0.001   ----   797.7201942401246  >  1e-05   ----  iteration 5
Classic-like energies: cke = 3665.299021354336 cpe = -4681.162635455973 cke + cpe = -1015.8636141016368
mu = 45.07468500392736
Error = 0.21278571872396235
Delta E 345.6077333736505
Energy -1044.9359554689609 -1390.5436888426113
Converged?  0.21278571872396235  >  0.001   ----   345.6077333736505  >  1e-05   ----  iteration 6
Classic-like energies: cke = 2274.419609452323 cpe = -3361.1496133813107 cke + cpe = -1086.7300039289876
mu = 46.62038189309452
Error = 0.2001988697070546
Delta E 75.20149632497828
Energy -1120.1374517939391 -1044.9359554689609
Converged?  0.2001988697070546  >  0.001   ----   75.20149632497828  >  1e-05   ----  iteration 7
Classic-like energies: cke = 2175.3707115973943 cpe = -3217.5763509395983 cke + cpe = -1042.205639342204
mu = 45.65535323140549
Error = 0.19077761294718426
Delta E 47.285348124162965
Energy -1072.8521036697762 -1120.1374517939391
Converged?  0.19077761294718426  >  0.001   ----   47.285348124162965  >  1e-05   ----  iteration 8
Classic-like energies: cke = 1719.0161654046547 cpe = -2766.9488380673383 cke + cpe = -1047.9326726626837
mu = 45.78062194122495
Error = 0.2075959048937309
Delta E 6.075090962026934
Energy -1078.927194631803 -1072.8521036697762
Converged?  0.2075959048937309  >  0.001   ----   6.075090962026934  >  1e-05   ----  iteration 9
Classic-like energies: cke = 1805.996776504399 cpe = -2837.2667782853932 cke + cpe = -1031.2700017809943
mu = 45.41519573404907
Error = 0.22494772428179813
Delta E 17.669550249402846
Energy -1061.2576443824003 -1078.927194631803
Converged?  0.22494772428179813  >  0.001   ----   17.669550249402846  >  1e-05   ----  iteration 10
Classic-like energies: cke = 1538.8453410235816 cpe = -2546.97134131243 cke + cpe = -1008.1260002888484
mu = 44.902694803070524
Error = 0.16794843383323224
Delta E 24.513334052846176
Energy -1036.744310329554 -1061.2576443824003
Converged?  0.16794843383323224  >  0.001   ----   24.513334052846176  >  1e-05   ----  iteration 11
Classic-like energies: cke = 1163.3065240639212 cpe = -3437.5900103769104 cke + cpe = -2274.283486312989
mu = 67.44306467403433
Error = 0.10329392100862392
Delta E 1394.984989960723
Energy -2431.729300290277 -1036.744310329554
Converged?  0.10329392100862392  >  0.001   ----   1394.984989960723  >  1e-05   ----  iteration 12
Classic-like energies: cke = 1379.1992869882797 cpe = -3864.743928536689 cke + cpe = -2485.5446415484093
mu = 70.50595211112902
Error = 0.07463623725780172
Delta E 244.51615626598277
Energy -2676.24545655626 -2431.729300290277
Converged?  0.07463623725780172  >  0.001   ----   244.51615626598277  >  1e-05   ----  iteration 13
Classic-like energies: cke = 1677.6539986324815 cpe = -4295.408319256808 cke + cpe = -2617.7543206243263
mu = 72.35681475333648
Error = 0.06459924126191087
Delta E 154.92815147406554
Energy -2831.1736080303253 -2676.24545655626
Converged?  0.06459924126191087  >  0.001   ----   154.92815147406554  >  1e-05   ----  iteration 14
Classic-like energies: cke = 1983.0863167177254, cpe = -4706.094533776549, cke + cpe = -2723.0082170588234
Exact Energy = -3532.192093162126
Dirac Energy = -3037.4303935494136
Kutze Energy = -2955.5984816078417
Error Kutze  = 576.5936115542827
Error Dirac  = 494.7616996127126
Delta Energy = -124.42487357751634
Dirac - Kutzelnigg = -81.83191194157189

PARAMETERS:
molecule    = [['Hg', 80, 0.1, 0.2, 0.3, 54, 54]]
D2          = True
prec        = 4
derivative  = ABGV
box         = 1

-------------------------------
Hg 0 1 4 ABGV 1
-------------------------------
Now executing: python test.py Input_Making/input__Hg014BS.txt
Input file: Input_Making/input__Hg014BS.txt
Output file: outputs/output__Hg014BS.txt
light_speed = 137.03599913900001  # default 137.03599913900001
derivative = "BS"         # possible values: PH, ABGV, BS
order = 7
box = 1
prec = 1.0e-4                 # precision threshold for the MRA operations
thr  = 1.0e-3                  # error threshold for SCF convergence

readPotential    = False        # bool
computePotential = True         # bool 
savePotential    = False         # bool
potential = "fermi_dirac"       # possible values: point_charge coulomb_HFYGB homogeneus_charge_sphere gaussian

readOrbitals     = False        # bool
saveOrbitals     = False         # bool
saveGuess        = False

scf              = True
ktrs             = False
D2               = True         # bool
two_electrons    = False         # bool

runGaunt         = False
runGaugeA        = False
runGaugeB        = False
runGaugeC        = False
runGaugeD        = False
runGaugeDelta    = False

molecule = [ ["Hg", 80, 0.1, 0.2, 0.3, 54, 54] ]

# With the paramenters I got from Robert, the error is (1) higher than
#  what he gets and (2) dominated by the width of the Gaussian
# I get a much better agreement with the ideal value IF the Gaussian
#  size is reduced by one order of magnitude 3e4->3e5 for Ar
# It seems the position of the nucleus is also important: I get bad
#  results from D2 if I move the nucleus
# Higher prec with off centered nucleus is too demanding for my laptop

**************************************
80 [0.1, 0.2, 0.3]
Fermi Dirac potential
Using Half Charge Radius for Hg: 0.00012485722724
Integral of the Fermi-Dirac distribution via cartesian 3D integration: 8.681462019814422
The normalization constant is: 9.215037722610472
Integral of the Fermi-Dirac distribution via 3D integration: 79.99999999999996
3D density

*FunctionTree: nn
  genNodes: 0
  square norm: 5.70938e+14
  root scale: 0
  order: 7
  nodes: 192
  endNodes: 169
  nodes per scale: 
    scale=0  nodes=8
    scale=1  nodes=8
    scale=2  nodes=8
    scale=3  nodes=8
    scale=4  nodes=8
    scale=5  nodes=8
    scale=6  nodes=8
    scale=7  nodes=8
    scale=8  nodes=8
    scale=9  nodes=8
    scale=10  nodes=16
    scale=11  nodes=96

3D potential

*FunctionTree: nn
  genNodes: 0
  square norm: 95063.8
  root scale: 0
  order: 7
  nodes: 688
  endNodes: 603
  nodes per scale: 
    scale=0  nodes=8
    scale=1  nodes=56
    scale=2  nodes=48
    scale=3  nodes=56
    scale=4  nodes=48
    scale=5  nodes=56
    scale=6  nodes=48
    scale=7  nodes=56
    scale=8  nodes=48
    scale=9  nodes=56
    scale=10  nodes=48
    scale=11  nodes=56
    scale=12  nodes=48
    scale=13  nodes=56

Potential

*FunctionTree: nn
  genNodes: 0
  square norm: 95063.8
  root scale: 0
  order: 7
  nodes: 688
  endNodes: 603
  nodes per scale: 
    scale=0  nodes=8
    scale=1  nodes=56
    scale=2  nodes=48
    scale=3  nodes=56
    scale=4  nodes=48
    scale=5  nodes=56
    scale=6  nodes=48
    scale=7  nodes=56
    scale=8  nodes=48
    scale=9  nodes=56
    scale=10  nodes=48
    scale=11  nodes=56
    scale=12  nodes=48
    scale=13  nodes=56

Number of Atoms =  1
[['Hg', 80, 0.1, 0.2, 0.3, 54, 54]]
Using derivative  BS
Hartree-Fock 1e D2
Classic-like energies: cke = 4254.642245181147 cpe = -7223.066441843748 cke + cpe = -2968.4241966626014
mu = 77.05094673866897
Error = 0.040790425978780326
Delta E 3249.5863233113405
Energy -3249.5863233113405 0
Converged?  0.040790425978780326  >  0.001   ----   3249.5863233113405  >  1e-05   ----  iteration 0
Classic-like energies: cke = 4458.498978259593 cpe = -7467.572697092957 cke + cpe = -3009.073718833364
mu = 77.57671968874895
Error = 0.051292706131214796
Delta E 49.23370127049884
Energy -3298.8200245818393 -3249.5863233113405
Converged?  0.051292706131214796  >  0.001   ----   49.23370127049884  >  1e-05   ----  iteration 1
Classic-like energies: cke = 5049.008853378418 cpe = -7939.205481111279 cke + cpe = -2890.196627732861
mu = 76.02889750263199
Error = 0.07443318445957058
Delta E 143.5444370294772
Energy -3155.275587552362 -3298.8200245818393
Converged?  0.07443318445957058  >  0.001   ----   143.5444370294772  >  1e-05   ----  iteration 2
Classic-like energies: cke = 5020.633708237029 cpe = -7601.701240329638 cke + cpe = -2581.0675320926084
mu = 71.8479997229235
Error = 0.1111840583047966
Delta E 367.2433748392773
Energy -2788.032212713085 -3155.275587552362
Converged?  0.1111840583047966  >  0.001   ----   367.2433748392773  >  1e-05   ----  iteration 3
Classic-like energies: cke = 5447.897171681167 cpe = -7391.690306562928 cke + cpe = -1943.793134881761
mu = 62.35051138333608
Error = 0.15694669259328486
Delta E 731.646483622611
Energy -2056.385729090474 -2788.032212713085
Converged?  0.15694669259328486  >  0.001   ----   731.646483622611  >  1e-05   ----  iteration 4
Classic-like energies: cke = 4256.935721142076 cpe = -5503.654944497484 cke + cpe = -1246.7192233554088
mu = 49.93434135653356
Error = 0.23531786008788355
Delta E 765.2829277527437
Energy -1291.1028013377302 -2056.385729090474
Converged?  0.23531786008788355  >  0.001   ----   765.2829277527437  >  1e-05   ----  iteration 5
Classic-like energies: cke = 3432.886837114456 cpe = -4465.2757559754455 cke + cpe = -1032.3889188609896
mu = 45.43982655910979
Error = 0.20220765820278838
Delta E 228.65917875647892
Energy -1062.4436225812512 -1291.1028013377302
Converged?  0.20220765820278838  >  0.001   ----   228.65917875647892  >  1e-05   ----  iteration 6
Classic-like energies: cke = 2212.017622254951 cpe = -3290.269029043718 cke + cpe = -1078.2514067887669
mu = 46.438161177823716
Error = 0.19482413182241806
Delta E 48.679714040304134
Energy -1111.1233366215554 -1062.4436225812512
Converged?  0.19482413182241806  >  0.001   ----   48.679714040304134  >  1e-05   ----  iteration 7
Classic-like energies: cke = 2130.842081110474 cpe = -3179.3795198708904 cke + cpe = -1048.5374387604165
mu = 45.79383012503795
Error = 0.18025355544690444
Delta E 31.554499805418118
Energy -1079.5688368161373 -1111.1233366215554
Converged?  0.18025355544690444  >  0.001   ----   31.554499805418118  >  1e-05   ----  iteration 8
Classic-like energies: cke = 1705.7141007694458 cpe = -2759.546817779231 cke + cpe = -1053.832717009785
mu = 45.90931750766472
Error = 0.1870757289179245
Delta E 5.6191558072107455
Energy -1085.187992623348 -1079.5688368161373
Converged?  0.1870757289179245  >  0.001   ----   5.6191558072107455  >  1e-05   ----  iteration 9
Classic-like energies: cke = 1806.0189921128028 cpe = -2857.0462440067986 cke + cpe = -1051.0272518939958
mu = 45.84816794363753
Error = 0.1832954376249587
Delta E 2.9772793152762915
Energy -1082.2107133080717 -1085.187992623348
Converged?  0.1832954376249587  >  0.001   ----   2.9772793152762915  >  1e-05   ----  iteration 10
Classic-like energies: cke = 1555.0203133451996 cpe = -2606.13890885339 cke + cpe = -1051.1185955081905
mu = 45.850160207096124
Error = 0.11406971081246375
Delta E 0.09692985290530487
Energy -1082.307643160977 -1082.2107133080717
Converged?  0.11406971081246375  >  0.001   ----   0.09692985290530487  >  1e-05   ----  iteration 11
Classic-like energies: cke = 1185.3646056158059 cpe = -3497.785935734743 cke + cpe = -2312.421330118937
mu = 68.00619574890125
Error = 0.08504033285776819
Delta E 1393.291587522549
Energy -2475.599230683526 -1082.307643160977
Converged?  0.08504033285776819  >  0.001   ----   1393.291587522549  >  1e-05   ----  iteration 12
Classic-like energies: cke = 1404.7130265094597 cpe = -3910.1450557727535 cke + cpe = -2505.4320292632938
mu = 70.78745692936417
Error = 0.07050955466153747
Delta E 223.8556115061392
Energy -2699.454842189665 -2475.599230683526
Converged?  0.07050955466153747  >  0.001   ----   223.8556115061392  >  1e-05   ----  iteration 13
Classic-like energies: cke = 1707.045035196507 cpe = -4337.982672927292 cke + cpe = -2630.937637730785
mu = 72.53878462906289
Error = 0.06280845472436339
Delta E 147.25006354198604
Energy -2846.7049057316513 -2699.454842189665
Converged?  0.06280845472436339  >  0.001   ----   147.25006354198604  >  1e-05   ----  iteration 14
Classic-like energies: cke = 2013.884362320887, cpe = -4746.622823314972, cke + cpe = -2732.7384609940855
Exact Energy = -3532.192093162126
Dirac Energy = -3047.4532200917565
Kutze Energy = -2967.1504364956913
Error Kutze  = 565.0416566664353
Error Dirac  = 484.73887307036966
Delta Energy = -120.44553076404009
Dirac - Kutzelnigg = -80.30278359606382

PARAMETERS:
molecule    = [['Hg', 80, 0.1, 0.2, 0.3, 54, 54]]
D2          = True
prec        = 4
derivative  = BS
box         = 1

-------------------------------
Hg 0 1 4 BS 1
-------------------------------
Now executing: python test.py Input_Making/input__Hg014PH.txt
Input file: Input_Making/input__Hg014PH.txt
Output file: outputs/output__Hg014PH.txt
light_speed = 137.03599913900001  # default 137.03599913900001
derivative = "PH"         # possible values: PH, ABGV, BS
order = 7
box = 1
prec = 1.0e-4                 # precision threshold for the MRA operations
thr  = 1.0e-3                  # error threshold for SCF convergence

readPotential    = False        # bool
computePotential = True         # bool 
savePotential    = False         # bool
potential = "fermi_dirac"       # possible values: point_charge coulomb_HFYGB homogeneus_charge_sphere gaussian

readOrbitals     = False        # bool
saveOrbitals     = False         # bool
saveGuess        = False

scf              = True
ktrs             = False
D2               = True         # bool
two_electrons    = False         # bool

runGaunt         = False
runGaugeA        = False
runGaugeB        = False
runGaugeC        = False
runGaugeD        = False
runGaugeDelta    = False

molecule = [ ["Hg", 80, 0.1, 0.2, 0.3, 54, 54] ]

# With the paramenters I got from Robert, the error is (1) higher than
#  what he gets and (2) dominated by the width of the Gaussian
# I get a much better agreement with the ideal value IF the Gaussian
#  size is reduced by one order of magnitude 3e4->3e5 for Ar
# It seems the position of the nucleus is also important: I get bad
#  results from D2 if I move the nucleus
# Higher prec with off centered nucleus is too demanding for my laptop

**************************************
80 [0.1, 0.2, 0.3]
Fermi Dirac potential
Using Half Charge Radius for Hg: 0.00012485722724
Integral of the Fermi-Dirac distribution via cartesian 3D integration: 8.681462019814422
The normalization constant is: 9.215037722610472
Integral of the Fermi-Dirac distribution via 3D integration: 79.99999999999996
3D density

*FunctionTree: nn
  genNodes: 0
  square norm: 5.70938e+14
  root scale: 0
  order: 7
  nodes: 192
  endNodes: 169
  nodes per scale: 
    scale=0  nodes=8
    scale=1  nodes=8
    scale=2  nodes=8
    scale=3  nodes=8
    scale=4  nodes=8
    scale=5  nodes=8
    scale=6  nodes=8
    scale=7  nodes=8
    scale=8  nodes=8
    scale=9  nodes=8
    scale=10  nodes=16
    scale=11  nodes=96

3D potential

*FunctionTree: nn
  genNodes: 0
  square norm: 95063.8
  root scale: 0
  order: 7
  nodes: 688
  endNodes: 603
  nodes per scale: 
    scale=0  nodes=8
    scale=1  nodes=56
    scale=2  nodes=48
    scale=3  nodes=56
    scale=4  nodes=48
    scale=5  nodes=56
    scale=6  nodes=48
    scale=7  nodes=56
    scale=8  nodes=48
    scale=9  nodes=56
    scale=10  nodes=48
    scale=11  nodes=56
    scale=12  nodes=48
    scale=13  nodes=56

Potential

*FunctionTree: nn
  genNodes: 0
  square norm: 95063.8
  root scale: 0
  order: 7
  nodes: 688
  endNodes: 603
  nodes per scale: 
    scale=0  nodes=8
    scale=1  nodes=56
    scale=2  nodes=48
    scale=3  nodes=56
    scale=4  nodes=48
    scale=5  nodes=56
    scale=6  nodes=48
    scale=7  nodes=56
    scale=8  nodes=48
    scale=9  nodes=56
    scale=10  nodes=48
    scale=11  nodes=56
    scale=12  nodes=48
    scale=13  nodes=56

Number of Atoms =  1
[['Hg', 80, 0.1, 0.2, 0.3, 54, 54]]
Using derivative  PH
Hartree-Fock 1e D2
Classic-like energies: cke = 4254.642245181147 cpe = -7228.40811176478 cke + cpe = -2973.7658665836334
mu = 77.12024204556977
Error = 0.041363771435027195
Delta E 3256.0471107845183
Energy -3256.0471107845183 0
Converged?  0.041363771435027195  >  0.001   ----   3256.0471107845183  >  1e-05   ----  iteration 0
Classic-like energies: cke = 4474.743314169751 cpe = -7476.120533262307 cke + cpe = -3001.3772190925556
mu = 77.47744470608922
Error = 0.0519644729051902
Delta E 33.43909276328577
Energy -3289.486203547804 -3256.0471107845183
Converged?  0.0519644729051902  >  0.001   ----   33.43909276328577  >  1e-05   ----  iteration 1
Classic-like energies: cke = 5068.832978440881 cpe = -7936.163628727329 cke + cpe = -2867.330650286448
mu = 75.7275465109817
Error = 0.0760264026309352
Delta E 161.67038037019756
Energy -3127.8158231776065 -3289.486203547804
Converged?  0.0760264026309352  >  0.001   ----   161.67038037019756  >  1e-05   ----  iteration 2
Classic-like energies: cke = 5014.888209696124 cpe = -7544.762304013064 cke + cpe = -2529.8740943169396
mu = 71.13190696609982
Error = 0.1150119324987557
Delta E 399.7901328106873
Energy -2728.025690366919 -3127.8158231776065
Converged?  0.1150119324987557  >  0.001   ----   399.7901328106873  >  1e-05   ----  iteration 3
Classic-like energies: cke = 5412.42546058747 cpe = -7270.289369412942 cke + cpe = -1857.8639088254713
mu = 60.9567700723303
Error = 0.16244049629421445
Delta E 767.8592023236197
Energy -1960.1664880432995 -2728.025690366919
Converged?  0.16244049629421445  >  0.001   ----   767.8592023236197  >  1e-05   ----  iteration 4
Classic-like energies: cke = 4132.49561954786 cpe = -5322.5224687556765 cke + cpe = -1190.0268492078167
mu = 48.78579402260081
Error = 0.23905780427850676
Delta E 729.8360022916456
Energy -1230.330485751654 -1960.1664880432995
Converged?  0.23905780427850676  >  0.001   ----   729.8360022916456  >  1e-05   ----  iteration 5
Classic-like energies: cke = 3276.4071045079177 cpe = -4322.742882076287 cke + cpe = -1046.3357775683694
mu = 45.74572717901355
Error = 0.19590961506757915
Delta E 153.09744635577545
Energy -1077.2330393958784 -1230.330485751654
Converged?  0.19590961506757915  >  0.001   ----   153.09744635577545  >  1e-05   ----  iteration 6
Classic-like energies: cke = 2171.9271594858164 cpe = -3242.71852180993 cke + cpe = -1070.7913623241134
mu = 46.277237651444004
Error = 0.19408483133568935
Delta E 25.962869460390266
Energy -1103.1959088562687 -1077.2330393958784
Converged?  0.19408483133568935  >  0.001   ----   25.962869460390266  >  1e-05   ----  iteration 7
Classic-like energies: cke = 2098.956290154748 cpe = -3149.4217914123496 cke + cpe = -1050.4655012576018
mu = 45.83591389418568
Error = 0.1799408239928857
Delta E 21.581289110731404
Energy -1081.6146197455373 -1103.1959088562687
Converged?  0.1799408239928857  >  0.001   ----   21.581289110731404  >  1e-05   ----  iteration 8
Classic-like energies: cke = 1693.3258036538339 cpe = -2746.3393559392634 cke + cpe = -1053.0135522854296
mu = 45.891470934922744
Error = 0.18716833375156916
Delta E 2.7039885295237127
Energy -1084.318608275061 -1081.6146197455373
Converged?  0.18716833375156916  >  0.001   ----   2.7039885295237127  >  1e-05   ----  iteration 9
Classic-like energies: cke = 1797.2758054369733 cpe = -2848.0577057163987 cke + cpe = -1050.7819002794254
mu = 45.84281623721268
Error = 0.1842676626406324
Delta E 2.3682487536416374
Energy -1081.9503595214194 -1084.318608275061
Converged?  0.1842676626406324  >  0.001   ----   2.3682487536416374  >  1e-05   ----  iteration 10
Classic-like energies: cke = 1550.4993967993712 cpe = -2600.9096212419763 cke + cpe = -1050.410224442605
mu = 45.834707906620395
Error = 0.11530424250622738
Delta E 0.39439488352581975
Energy -1081.5559646378936 -1081.9503595214194
Converged?  0.11530424250622738  >  0.001   ----   0.39439488352581975  >  1e-05   ----  iteration 11
Classic-like energies: cke = 1182.1669506951268 cpe = -3492.5415094342848 cke + cpe = -2310.3745587391577
mu = 67.97609224924831
Error = 0.08540952369712955
Delta E 1391.6858693563843
Energy -2473.241833994278 -1081.5559646378936
Converged?  0.08540952369712955  >  0.001   ----   1391.6858693563843  >  1e-05   ----  iteration 12
Classic-like energies: cke = 1401.188204515663 cpe = -3904.9569294340818 cke + cpe = -2503.7687249184187
mu = 70.76395586622357
Error = 0.07061773524103608
Delta E 224.2705811466576
Energy -2697.5124151409354 -2473.241833994278
Converged?  0.07061773524103608  >  0.001   ----   224.2705811466576  >  1e-05   ----  iteration 13
Classic-like energies: cke = 1703.1301793844937 cpe = -4332.632312755405 cke + cpe = -2629.5021333709115
mu = 72.5189924553687
Error = 0.06289112164507929
Delta E 147.50058496500378
Energy -2845.013000105939 -2697.5124151409354
Converged?  0.06289112164507929  >  0.001   ----   147.50058496500378  >  1e-05   ----  iteration 14
Classic-like energies: cke = 2009.7032337695318, cpe = -4741.200862803472, cke + cpe = -2731.49762903394
Exact Energy = -3532.192093162126
Dirac Energy = -3046.0955574733653
Kutze Energy = -2965.6768246369793
Error Kutze  = 566.5152685251487
Error Dirac  = 486.0965356887609
Delta Energy = -120.66382453104006
Dirac - Kutzelnigg = -80.41873283638779

PARAMETERS:
molecule    = [['Hg', 80, 0.1, 0.2, 0.3, 54, 54]]
D2          = True
prec        = 4
derivative  = PH
box         = 1

-------------------------------
Hg 0 1 4 PH 1
-------------------------------
Now executing: python test.py Input_Making/input__Hg015ABGV.txt
Input file: Input_Making/input__Hg015ABGV.txt
Output file: outputs/output__Hg015ABGV.txt
light_speed = 137.03599913900001  # default 137.03599913900001
derivative = "ABGV"         # possible values: PH, ABGV, BS
order = 8
box = 1
prec = 1.0e-5                 # precision threshold for the MRA operations
thr  = 1.0e-4                  # error threshold for SCF convergence

readPotential    = False        # bool
computePotential = True         # bool 
savePotential    = False         # bool
potential = "fermi_dirac"       # possible values: point_charge coulomb_HFYGB homogeneus_charge_sphere gaussian

readOrbitals     = False        # bool
saveOrbitals     = False         # bool
saveGuess        = False

scf              = True
ktrs             = False
D2               = True         # bool
two_electrons    = False         # bool

runGaunt         = False
runGaugeA        = False
runGaugeB        = False
runGaugeC        = False
runGaugeD        = False
runGaugeDelta    = False

molecule = [ ["Hg", 80, 0.1, 0.2, 0.3, 54, 54] ]

# With the paramenters I got from Robert, the error is (1) higher than
#  what he gets and (2) dominated by the width of the Gaussian
# I get a much better agreement with the ideal value IF the Gaussian
#  size is reduced by one order of magnitude 3e4->3e5 for Ar
# It seems the position of the nucleus is also important: I get bad
#  results from D2 if I move the nucleus
# Higher prec with off centered nucleus is too demanding for my laptop

**************************************
80 [0.1, 0.2, 0.3]
Fermi Dirac potential
Using Half Charge Radius for Hg: 0.00012485722724
Integral of the Fermi-Dirac distribution via cartesian 3D integration: 8.659171750638382
The normalization constant is: 9.23875889101081
Integral of the Fermi-Dirac distribution via 3D integration: 80.00000000000013
3D density

*FunctionTree: nn
  genNodes: 0
  square norm: 5.70239e+14
  root scale: 0
  order: 8
  nodes: 200
  endNodes: 176
  nodes per scale: 
    scale=0  nodes=8
    scale=1  nodes=8
    scale=2  nodes=8
    scale=3  nodes=8
    scale=4  nodes=8
    scale=5  nodes=8
    scale=6  nodes=8
    scale=7  nodes=8
    scale=8  nodes=8
    scale=9  nodes=8
    scale=10  nodes=16
    scale=11  nodes=96
    scale=12  nodes=8

3D potential

*FunctionTree: nn
  genNodes: 0
  square norm: 95063.9
  root scale: 0
  order: 8
  nodes: 912
  endNodes: 799
  nodes per scale: 
    scale=0  nodes=8
    scale=1  nodes=64
    scale=2  nodes=64
    scale=3  nodes=56
    scale=4  nodes=64
    scale=5  nodes=56
    scale=6  nodes=64
    scale=7  nodes=56
    scale=8  nodes=64
    scale=9  nodes=56
    scale=10  nodes=64
    scale=11  nodes=56
    scale=12  nodes=64
    scale=13  nodes=72
    scale=14  nodes=104

Potential

*FunctionTree: nn
  genNodes: 0
  square norm: 95063.9
  root scale: 0
  order: 8
  nodes: 912
  endNodes: 799
  nodes per scale: 
    scale=0  nodes=8
    scale=1  nodes=64
    scale=2  nodes=64
    scale=3  nodes=56
    scale=4  nodes=64
    scale=5  nodes=56
    scale=6  nodes=64
    scale=7  nodes=56
    scale=8  nodes=64
    scale=9  nodes=56
    scale=10  nodes=64
    scale=11  nodes=56
    scale=12  nodes=64
    scale=13  nodes=72
    scale=14  nodes=104

Number of Atoms =  1
[['Hg', 80, 0.1, 0.2, 0.3, 54, 54]]
Using derivative  ABGV
Hartree-Fock 1e D2
Classic-like energies: cke = 4205.771808965685 cpe = -7225.495954485761 cke + cpe = -3019.7241455200765
mu = 77.7138873756818
Error = 0.04292930456962614
Delta E 3311.745468834611
Energy -3311.745468834611 0
Converged?  0.04292930456962614  >  0.0001   ----   3311.745468834611  >  1.0000000000000002e-06   ----  iteration 0
Classic-like energies: cke = 4513.573497881038 cpe = -7518.591323040395 cke + cpe = -3005.017825159357
mu = 77.52441970320523
Error = 0.05138753781199627
Delta E 17.84487306823803
Energy -3293.900595766373 -3311.745468834611
Converged?  0.05138753781199627  >  0.0001   ----   17.84487306823803  >  1.0000000000000002e-06   ----  iteration 1
Classic-like energies: cke = 5096.715221371734 cpe = -7971.292866377141 cke + cpe = -2874.5776450054072
mu = 75.82318438321366
Error = 0.0752850688851839
Delta E 157.3870706732373
Energy -3136.5135250931357 -3293.900595766373
Converged?  0.0752850688851839  >  0.0001   ----   157.3870706732373  >  1.0000000000000002e-06   ----  iteration 2
Classic-like energies: cke = 5040.530755174299 cpe = -7584.590039791945 cke + cpe = -2544.059284617646
mu = 71.33104912473453
Error = 0.11385821349004561
Delta E 391.8831185073295
Energy -2744.630406585806 -3136.5135250931357
Converged?  0.11385821349004561  >  0.0001   ----   391.8831185073295  >  1.0000000000000002e-06   ----  iteration 3
Classic-like energies: cke = 5439.645154874713 cpe = -7320.167461880549 cke + cpe = -1880.5223070058364
mu = 61.32735616355618
Error = 0.16084481456160857
Delta E 759.1456986926694
Energy -1985.4847078931368 -2744.630406585806
Converged?  0.16084481456160857  >  0.0001   ----   759.1456986926694  >  1.0000000000000002e-06   ----  iteration 4
Classic-like energies: cke = 4174.705635146952 cpe = -5378.899034658701 cke + cpe = -1204.1933995117488
mu = 49.07531761510564
Error = 0.23810749032900502
Delta E 739.9878990462278
Energy -1245.496808846909 -1985.4847078931368
Converged?  0.23810749032900502  >  0.0001   ----   739.9878990462278  >  1.0000000000000002e-06   ----  iteration 5
Classic-like energies: cke = 3320.5515579758794 cpe = -4363.41768494916 cke + cpe = -1042.8661269732802
mu = 45.66981775687922
Error = 0.19729667214779573
Delta E 171.944183072354
Energy -1073.552625774555 -1245.496808846909
Converged?  0.19729667214779573  >  0.0001   ----   171.944183072354  >  1.0000000000000002e-06   ----  iteration 6
Classic-like energies: cke = 2184.10285166695 cpe = -3256.892469365133 cke + cpe = -1072.789617698183
mu = 46.32039761699338
Error = 0.19406101326105885
Delta E 31.766383569847676
Energy -1105.3190093444027 -1073.552625774555
Converged?  0.19406101326105885  >  0.0001   ----   31.766383569847676  >  1.0000000000000002e-06   ----  iteration 7
Classic-like energies: cke = 2108.2709553547706 cpe = -3158.3380833567767 cke + cpe = -1050.067128002006
mu = 45.82722177924396
Error = 0.17968549851366714
Delta E 24.127105449062356
Energy -1081.1919038953404 -1105.3190093444027
Converged?  0.17968549851366714  >  0.0001   ----   24.127105449062356  >  1.0000000000000002e-06   ----  iteration 8
Classic-like energies: cke = 1697.1742439404784 cpe = -2750.547550022109 cke + cpe = -1053.3733060816307
mu = 45.89930949549526
Error = 0.1866504551935199
Delta E 3.508507942704682
Energy -1084.700411838045 -1081.1919038953404
Converged?  0.1866504551935199  >  0.0001   ----   3.508507942704682  >  1.0000000000000002e-06   ----  iteration 9
Classic-like energies: cke = 1800.162793064322 cpe = -2851.274654647815 cke + cpe = -1051.1118615834932
mu = 45.85001333878744
Error = 0.1831242933879158
Delta E 2.399914441901956
Energy -1082.300497396143 -1084.700411838045
Converged?  0.1831242933879158  >  0.0001   ----   2.399914441901956  >  1.0000000000000002e-06   ----  iteration 10
Classic-like energies: cke = 1552.26729541355 cpe = -2603.3747283782272 cke + cpe = -1051.1074329646772
mu = 45.84991674942665
Error = 0.11393745314349071
Delta E 0.004699467167483817
Energy -1082.2957979289756 -1082.300497396143
Converged?  0.11393745314349071  >  0.0001   ----   0.004699467167483817  >  1.0000000000000002e-06   ----  iteration 11
Classic-like energies: cke = 1183.4988363799953 cpe = -3494.924157946804 cke + cpe = -2311.4253215668086
mu = 67.99154832134371
Error = 0.08508050026150142
Delta E 1392.1562238241024
Energy -2474.452021753078 -1082.2957979289756
Converged?  0.08508050026150142  >  0.0001   ----   1392.1562238241024  >  1.0000000000000002e-06   ----  iteration 12
Classic-like energies: cke = 1402.6676523957456 cpe = -3907.169209853718 cke + cpe = -2504.501557457972
mu = 70.77431112286395
Error = 0.07055646594173297
Delta E 223.91617522767092
Energy -2698.368196980749 -2474.452021753078
Converged?  0.07055646594173297  >  0.0001   ----   223.91617522767092  >  1.0000000000000002e-06   ----  iteration 13
Classic-like energies: cke = 1704.787399946032 cpe = -4334.902407977282 cke + cpe = -2630.1150080312495
mu = 72.52744319264605
Error = 0.06285472883208036
Delta E 147.36712384057864
Energy -2845.7353208213276 -2698.368196980749
Converged?  0.06285472883208036  >  0.0001   ----   147.36712384057864  >  1.0000000000000002e-06   ----  iteration 14
Classic-like energies: cke = 2011.478065800679, cpe = -4743.501292861475, cke + cpe = -2732.023227060796
Exact Energy = -3532.192093162126
Dirac Energy = -3046.6777672036133
Kutze Energy = -2966.3010080133913
Error Kutze  = 565.8910851487344
Error Dirac  = 485.5143259585129
Delta Energy = -120.5656871920637
Dirac - Kutzelnigg = -80.37675919022149

PARAMETERS:
molecule    = [['Hg', 80, 0.1, 0.2, 0.3, 54, 54]]
D2          = True
prec        = 5
derivative  = ABGV
box         = 1

-------------------------------
Hg 0 1 5 ABGV 1
-------------------------------
Now executing: python test.py Input_Making/input__Hg015BS.txt
Input file: Input_Making/input__Hg015BS.txt
Output file: outputs/output__Hg015BS.txt
light_speed = 137.03599913900001  # default 137.03599913900001
derivative = "BS"         # possible values: PH, ABGV, BS
order = 8
box = 1
prec = 1.0e-5                 # precision threshold for the MRA operations
thr  = 1.0e-4                  # error threshold for SCF convergence

readPotential    = False        # bool
computePotential = True         # bool 
savePotential    = False         # bool
potential = "fermi_dirac"       # possible values: point_charge coulomb_HFYGB homogeneus_charge_sphere gaussian

readOrbitals     = False        # bool
saveOrbitals     = False         # bool
saveGuess        = False

scf              = True
ktrs             = False
D2               = True         # bool
two_electrons    = False         # bool

runGaunt         = False
runGaugeA        = False
runGaugeB        = False
runGaugeC        = False
runGaugeD        = False
runGaugeDelta    = False

molecule = [ ["Hg", 80, 0.1, 0.2, 0.3, 54, 54] ]

# With the paramenters I got from Robert, the error is (1) higher than
#  what he gets and (2) dominated by the width of the Gaussian
# I get a much better agreement with the ideal value IF the Gaussian
#  size is reduced by one order of magnitude 3e4->3e5 for Ar
# It seems the position of the nucleus is also important: I get bad
#  results from D2 if I move the nucleus
# Higher prec with off centered nucleus is too demanding for my laptop

**************************************
80 [0.1, 0.2, 0.3]
Fermi Dirac potential
Using Half Charge Radius for Hg: 0.00012485722724
Integral of the Fermi-Dirac distribution via cartesian 3D integration: 8.659171750638382
The normalization constant is: 9.23875889101081
Integral of the Fermi-Dirac distribution via 3D integration: 80.00000000000013
3D density

*FunctionTree: nn
  genNodes: 0
  square norm: 5.70239e+14
  root scale: 0
  order: 8
  nodes: 200
  endNodes: 176
  nodes per scale: 
    scale=0  nodes=8
    scale=1  nodes=8
    scale=2  nodes=8
    scale=3  nodes=8
    scale=4  nodes=8
    scale=5  nodes=8
    scale=6  nodes=8
    scale=7  nodes=8
    scale=8  nodes=8
    scale=9  nodes=8
    scale=10  nodes=16
    scale=11  nodes=96
    scale=12  nodes=8

3D potential

*FunctionTree: nn
  genNodes: 0
  square norm: 95063.9
  root scale: 0
  order: 8
  nodes: 912
  endNodes: 799
  nodes per scale: 
    scale=0  nodes=8
    scale=1  nodes=64
    scale=2  nodes=64
    scale=3  nodes=56
    scale=4  nodes=64
    scale=5  nodes=56
    scale=6  nodes=64
    scale=7  nodes=56
    scale=8  nodes=64
    scale=9  nodes=56
    scale=10  nodes=64
    scale=11  nodes=56
    scale=12  nodes=64
    scale=13  nodes=72
    scale=14  nodes=104

Potential

*FunctionTree: nn
  genNodes: 0
  square norm: 95063.9
  root scale: 0
  order: 8
  nodes: 912
  endNodes: 799
  nodes per scale: 
    scale=0  nodes=8
    scale=1  nodes=64
    scale=2  nodes=64
    scale=3  nodes=56
    scale=4  nodes=64
    scale=5  nodes=56
    scale=6  nodes=64
    scale=7  nodes=56
    scale=8  nodes=64
    scale=9  nodes=56
    scale=10  nodes=64
    scale=11  nodes=56
    scale=12  nodes=64
    scale=13  nodes=72
    scale=14  nodes=104

Number of Atoms =  1
[['Hg', 80, 0.1, 0.2, 0.3, 54, 54]]
Using derivative  BS
Hartree-Fock 1e D2
Classic-like energies: cke = 4205.771808965685 cpe = -7225.47242542048 cke + cpe = -3019.7006164547956
mu = 77.71358460983248
Error = 0.04292659090624275
Delta E 3311.716901865096
Energy -3311.716901865096 0
Converged?  0.04292659090624275  >  0.0001   ----   3311.716901865096  >  1.0000000000000002e-06   ----  iteration 0
Classic-like energies: cke = 4513.505250070877 cpe = -7518.551898453091 cke + cpe = -3005.046648382214
mu = 77.52479149771658
Error = 0.05138420621989586
Delta E 17.781351674076177
Energy -3293.93555019102 -3311.716901865096
Converged?  0.05138420621989586  >  0.0001   ----   17.781351674076177  >  1.0000000000000002e-06   ----  iteration 1
Classic-like energies: cke = 5096.622315192293 cpe = -7971.299510545539 cke + cpe = -2874.677195353246
mu = 75.82449729939852
Error = 0.0752777333698096
Delta E 157.3025130356391
Energy -3136.633037155381 -3293.93555019102
Converged?  0.0752777333698096  >  0.0001   ----   157.3025130356391  >  1.0000000000000002e-06   ----  iteration 2
Classic-like energies: cke = 5040.552793819422 cpe = -7584.834520575346 cke + cpe = -2544.281726755924
mu = 71.33416750416204
Error = 0.11384106647532567
Delta E 391.7421101940108
Energy -2744.89092696137 -3136.633037155381
Converged?  0.11384106647532567  >  0.0001   ----   391.7421101940108  >  1.0000000000000002e-06   ----  iteration 3
Classic-like energies: cke = 5439.800209366977 cpe = -7320.689840290957 cke + cpe = -1880.8896309239808
mu = 61.33334543173038
Error = 0.16082067385415713
Delta E 758.9954613465336
Energy -1985.8954656148364 -2744.89092696137
Converged?  0.16082067385415713  >  0.0001   ----   758.9954613465336  >  1.0000000000000002e-06   ----  iteration 4
Classic-like energies: cke = 4175.242413105675 cpe = -5379.669102551441 cke + cpe = -1204.426689445766
mu = 49.0800710970505
Error = 0.23809238477375524
Delta E 740.1487931168624
Energy -1245.746672497974 -1985.8954656148364
Converged?  0.23809238477375524  >  0.0001   ----   740.1487931168624  >  1.0000000000000002e-06   ----  iteration 5
Classic-like energies: cke = 3321.2070767357136 cpe = -4364.013172997029 cke + cpe = -1042.8060962613154
mu = 45.668503287524445
Error = 0.19732264590377335
Delta E 172.25771725262757
Energy -1073.4889552453465 -1245.746672497974
Converged?  0.19732264590377335  >  0.0001   ----   172.25771725262757  >  1.0000000000000002e-06   ----  iteration 6
Classic-like energies: cke = 2184.270037744736 cpe = -3257.091739470422 cke + cpe = -1072.8217017256861
mu = 46.321090266220764
Error = 0.19406377834474528
Delta E 31.864144722546143
Energy -1105.3530999678926 -1073.4889552453465
Converged?  0.19406377834474528  >  0.0001   ----   31.864144722546143  >  1.0000000000000002e-06   ----  iteration 7
Classic-like energies: cke = 2108.4046469554387 cpe = -3158.4647026550947 cke + cpe = -1050.060055699656
mu = 45.82706745362736
Error = 0.17968642312956756
Delta E 24.168700436666995
Energy -1081.1843995312256 -1105.3530999678926
Converged?  0.17968642312956756  >  0.0001   ----   24.168700436666995  >  1.0000000000000002e-06   ----  iteration 8
Classic-like energies: cke = 1697.2270635829495 cpe = -2750.6043541306854 cke + cpe = -1053.3772905477358
mu = 45.89939630425951
Error = 0.18664952614334954
Delta E 3.520241032037802
Energy -1084.7046405632634 -1081.1843995312256
Converged?  0.18664952614334954  >  0.0001   ----   3.520241032037802  >  1.0000000000000002e-06   ----  iteration 9
Classic-like energies: cke = 1800.2002499521964 cpe = -2851.314512463685 cke + cpe = -1051.1142625114885
mu = 45.85006570358408
Error = 0.18311913229283966
Delta E 2.4015954010883434
Energy -1082.303045162175 -1084.7046405632634
Converged?  0.18311913229283966  >  0.0001   ----   2.4015954010883434  >  1.0000000000000002e-06   ----  iteration 10
Classic-like energies: cke = 1552.2876758854386 cpe = -2603.399160391388 cke + cpe = -1051.1114845059492
mu = 45.850005114633284
Error = 0.11393087165123551
Delta E 0.0029479051779617294
Energy -1082.300097256997 -1082.303045162175
Converged?  0.11393087165123551  >  0.0001   ----   0.0029479051779617294  >  1.0000000000000002e-06   ----  iteration 11
Classic-like energies: cke = 1183.5134328641207 cpe = -3494.9485641819956 cke + cpe = -2311.435131317875
mu = 67.99169260016808
Error = 0.08507857754948238
Delta E 1392.1632230356208
Energy -2474.463320292618 -1082.300097256997
Converged?  0.08507857754948238  >  0.0001   ----   1392.1632230356208  >  1.0000000000000002e-06   ----  iteration 12
Classic-like energies: cke = 1402.6837477279623 cpe = -3907.1928685189696 cke + cpe = -2504.5091207910073
mu = 70.77441798829585
Error = 0.0705559148661915
Delta E 223.91370917948325
Energy -2698.377029472101 -2474.463320292618
Converged?  0.0705559148661915  >  0.0001   ----   223.91370917948325  >  1.0000000000000002e-06   ----  iteration 13
Classic-like energies: cke = 1704.8050988848504 cpe = -4334.926383905187 cke + cpe = -2630.121285020337
mu = 72.5275297389941
Error = 0.06285430204960375
Delta E 147.36568944114924
Energy -2845.7427189132504 -2698.377029472101
Converged?  0.06285430204960375  >  0.0001   ----   147.36568944114924  >  1.0000000000000002e-06   ----  iteration 14
Classic-like energies: cke = 2011.4967312939993, cpe = -4743.525036658559, cke + cpe = -2732.0283053645594
Exact Energy = -3532.192093162126
Dirac Energy = -3046.6844051478547
Kutze Energy = -2966.3070389644104
Error Kutze  = 565.8850541977154
Error Dirac  = 485.5076880142715
Delta Energy = -120.56432005115994
Dirac - Kutzelnigg = -80.3773661834457

PARAMETERS:
molecule    = [['Hg', 80, 0.1, 0.2, 0.3, 54, 54]]
D2          = True
prec        = 5
derivative  = BS
box         = 1

-------------------------------
Hg 0 1 5 BS 1
-------------------------------
Now executing: python test.py Input_Making/input__Hg015PH.txt
Input file: Input_Making/input__Hg015PH.txt
Output file: outputs/output__Hg015PH.txt
light_speed = 137.03599913900001  # default 137.03599913900001
derivative = "PH"         # possible values: PH, ABGV, BS
order = 8
box = 1
prec = 1.0e-5                 # precision threshold for the MRA operations
thr  = 1.0e-4                  # error threshold for SCF convergence

readPotential    = False        # bool
computePotential = True         # bool 
savePotential    = False         # bool
potential = "fermi_dirac"       # possible values: point_charge coulomb_HFYGB homogeneus_charge_sphere gaussian

readOrbitals     = False        # bool
saveOrbitals     = False         # bool
saveGuess        = False

scf              = True
ktrs             = False
D2               = True         # bool
two_electrons    = False         # bool

runGaunt         = False
runGaugeA        = False
runGaugeB        = False
runGaugeC        = False
runGaugeD        = False
runGaugeDelta    = False

molecule = [ ["Hg", 80, 0.1, 0.2, 0.3, 54, 54] ]

# With the paramenters I got from Robert, the error is (1) higher than
#  what he gets and (2) dominated by the width of the Gaussian
# I get a much better agreement with the ideal value IF the Gaussian
#  size is reduced by one order of magnitude 3e4->3e5 for Ar
# It seems the position of the nucleus is also important: I get bad
#  results from D2 if I move the nucleus
# Higher prec with off centered nucleus is too demanding for my laptop

**************************************
80 [0.1, 0.2, 0.3]
Fermi Dirac potential
Using Half Charge Radius for Hg: 0.00012485722724
Integral of the Fermi-Dirac distribution via cartesian 3D integration: 8.659171750638382
The normalization constant is: 9.23875889101081
Integral of the Fermi-Dirac distribution via 3D integration: 80.00000000000013
3D density

*FunctionTree: nn
  genNodes: 0
  square norm: 5.70239e+14
  root scale: 0
  order: 8
  nodes: 200
  endNodes: 176
  nodes per scale: 
    scale=0  nodes=8
    scale=1  nodes=8
    scale=2  nodes=8
    scale=3  nodes=8
    scale=4  nodes=8
    scale=5  nodes=8
    scale=6  nodes=8
    scale=7  nodes=8
    scale=8  nodes=8
    scale=9  nodes=8
    scale=10  nodes=16
    scale=11  nodes=96
    scale=12  nodes=8

3D potential

*FunctionTree: nn
  genNodes: 0
  square norm: 95063.9
  root scale: 0
  order: 8
  nodes: 912
  endNodes: 799
  nodes per scale: 
    scale=0  nodes=8
    scale=1  nodes=64
    scale=2  nodes=64
    scale=3  nodes=56
    scale=4  nodes=64
    scale=5  nodes=56
    scale=6  nodes=64
    scale=7  nodes=56
    scale=8  nodes=64
    scale=9  nodes=56
    scale=10  nodes=64
    scale=11  nodes=56
    scale=12  nodes=64
    scale=13  nodes=72
    scale=14  nodes=104

Potential

*FunctionTree: nn
  genNodes: 0
  square norm: 95063.9
  root scale: 0
  order: 8
  nodes: 912
  endNodes: 799
  nodes per scale: 
    scale=0  nodes=8
    scale=1  nodes=64
    scale=2  nodes=64
    scale=3  nodes=56
    scale=4  nodes=64
    scale=5  nodes=56
    scale=6  nodes=64
    scale=7  nodes=56
    scale=8  nodes=64
    scale=9  nodes=56
    scale=10  nodes=64
    scale=11  nodes=56
    scale=12  nodes=64
    scale=13  nodes=72
    scale=14  nodes=104

Number of Atoms =  1
[['Hg', 80, 0.1, 0.2, 0.3, 54, 54]]
Using derivative  PH
Hartree-Fock 1e D2
Classic-like energies: cke = 4205.771808965685 cpe = -7225.456567564013 cke + cpe = -3019.6847585983287
mu = 77.71338055442355
Error = 0.04292477744238324
Delta E 3311.6976486479975
Energy -3311.6976486479975 0
Converged?  0.04292477744238324  >  0.0001   ----   3311.6976486479975  >  1.0000000000000002e-06   ----  iteration 0
Classic-like energies: cke = 4513.461873847411 cpe = -7518.526222062458 cke + cpe = -3005.064348215047
mu = 77.52501980928541
Error = 0.05138200761751286
Delta E 17.740633522148983
Energy -3293.9570151258486 -3311.6976486479975
Converged?  0.05138200761751286  >  0.0001   ----   17.740633522148983  >  1.0000000000000002e-06   ----  iteration 1
Classic-like energies: cke = 5096.562008163852 cpe = -7971.302592133829 cke + cpe = -2874.7405839699777
mu = 75.825333286046
Error = 0.07527301356737269
Delta E 157.2478782697467
Energy -3136.709136856102 -3293.9570151258486
Converged?  0.07527301356737269  >  0.0001   ----   157.2478782697467  >  1.0000000000000002e-06   ----  iteration 2
Classic-like energies: cke = 5040.566729003203 cpe = -7584.989194923403 cke + cpe = -2544.4224659202
mu = 71.3361404327456
Error = 0.11383014696558891
Delta E 391.65337643936346
Energy -2745.0557604167384 -3136.709136856102
Converged?  0.11383014696558891  >  0.0001   ----   391.65337643936346  >  1.0000000000000002e-06   ----  iteration 3
Classic-like energies: cke = 5439.898753270143 cpe = -7321.021287430488 cke + cpe = -1881.122534160345
mu = 61.33714264881182
Error = 0.16080528895583984
Delta E 758.8998469793955
Energy -1986.1559134373429 -2745.0557604167384
Converged?  0.16080528895583984  >  0.0001   ----   758.8998469793955  >  1.0000000000000002e-06   ----  iteration 4
Classic-like energies: cke = 4175.583908539432 cpe = -5380.157287344052 cke + cpe = -1204.57337880462
mu = 49.08305978246711
Error = 0.2380829599751275
Delta E 740.2521284419267
Energy -1245.9037849954161 -1986.1559134373429
Converged?  0.2380829599751275  >  0.0001   ----   740.2521284419267  >  1.0000000000000002e-06   ----  iteration 5
Classic-like energies: cke = 3321.621354390632 cpe = -4364.389640087776 cke + cpe = -1042.7682856971437
mu = 45.66767534475876
Error = 0.19733909843119524
Delta E 172.45493274895966
Energy -1073.4488522464565 -1245.9037849954161
Converged?  0.19733909843119524  >  0.0001   ----   172.45493274895966  >  1.0000000000000002e-06   ----  iteration 6
Classic-like energies: cke = 2184.376258690282 cpe = -3257.2175224657212 cke + cpe = -1072.841263775439
mu = 46.321512578400096
Error = 0.1940659177516851
Delta E 31.925033251187187
Energy -1105.3738854976436 -1073.4488522464565
Converged?  0.1940659177516851  >  0.0001   ----   31.925033251187187  >  1.0000000000000002e-06   ----  iteration 7
Classic-like energies: cke = 2108.4886570042563 cpe = -3158.54344465163 cke + cpe = -1050.0547876473738
mu = 45.826952498445145
Error = 0.1796879069981201
Delta E 24.19507585298129
Energy -1081.1788096446624 -1105.3738854976436
Converged?  0.1796879069981201  >  0.0001   ----   24.19507585298129  >  1.0000000000000002e-06   ----  iteration 8
Classic-like energies: cke = 1697.259843104107 cpe = -2750.63827506655 cke + cpe = -1053.3784319624428
mu = 45.899421172002654
Error = 0.18665089862527692
Delta E 3.527042305464647
Energy -1084.705851950127 -1081.1788096446624
Converged?  0.18665089862527692  >  0.0001   ----   3.527042305464647  >  1.0000000000000002e-06   ----  iteration 9
Classic-like energies: cke = 1800.2220050837022 cpe = -2851.335853100151 cke + cpe = -1051.1138480164486
mu = 45.85005666335536
Error = 0.183119948395523
Delta E 2.4032466330656916
Energy -1082.3026053170613 -1084.705851950127
Converged?  0.183119948395523  >  0.0001   ----   2.4032466330656916  >  1.0000000000000002e-06   ----  iteration 10
Classic-like energies: cke = 1552.2981470667983 cpe = -2603.408952157751 cke + cpe = -1051.110805090953
mu = 45.84999029642106
Error = 0.11393194598065082
Delta E 0.0032290272295085742
Energy -1082.2993762898318 -1082.3026053170613
Converged?  0.11393194598065082  >  0.0001   ----   0.0032290272295085742  >  1.0000000000000002e-06   ----  iteration 11
Classic-like energies: cke = 1183.5202092152579 cpe = -3494.9587649480163 cke + cpe = -2311.4385557327587
mu = 67.99174296534483
Error = 0.08507862724504865
Delta E 1392.167888129888
Energy -2474.46726441972 -1082.2993762898318
Converged?  0.08507862724504865  >  0.0001   ----   1392.167888129888  >  1.0000000000000002e-06   ----  iteration 12
Classic-like energies: cke = 1402.6912589037424 cpe = -3907.20376498471 cke + cpe = -2504.5125060809673
mu = 70.7744658203927
Error = 0.07055578687170368
Delta E 223.9137184094593
Energy -2698.380982829179 -2474.46726441972
Converged?  0.07055578687170368  >  0.0001   ----   223.9137184094593  >  1.0000000000000002e-06   ----  iteration 13
Classic-like energies: cke = 1704.8134922355434 cpe = -4334.937838396978 cke + cpe = -2630.1243461614345
mu = 72.52757194559094
Error = 0.0628541601259614
Delta E 147.36534396210482
Energy -2845.746326791284 -2698.380982829179
Converged?  0.0628541601259614  >  0.0001   ----   147.36534396210482  >  1.0000000000000002e-06   ----  iteration 14
Classic-like energies: cke = 2011.5057894827266, cpe = -4743.536840849175, cke + cpe = -2732.031051366448
Exact Energy = -3532.192093162126
Dirac Energy = -3046.6874199333306
Kutze Energy = -2966.3103000942137
Error Kutze  = 565.8817930679106
Error Dirac  = 485.5046732287956
Delta Energy = -120.56397330292975
Dirac - Kutzelnigg = -80.37711983911504

PARAMETERS:
molecule    = [['Hg', 80, 0.1, 0.2, 0.3, 54, 54]]
D2          = True
prec        = 5
derivative  = PH
box         = 1

-------------------------------
Hg 0 1 5 PH 1
-------------------------------
Now executing: python test.py Input_Making/input__Hg016ABGV.txt
Input file: Input_Making/input__Hg016ABGV.txt
Output file: outputs/output__Hg016ABGV.txt
light_speed = 137.03599913900001  # default 137.03599913900001
derivative = "ABGV"         # possible values: PH, ABGV, BS
order = 9
box = 1
prec = 1.0e-6                 # precision threshold for the MRA operations
thr  = 1.0e-5                  # error threshold for SCF convergence

readPotential    = False        # bool
computePotential = True         # bool 
savePotential    = False         # bool
potential = "fermi_dirac"       # possible values: point_charge coulomb_HFYGB homogeneus_charge_sphere gaussian

readOrbitals     = False        # bool
saveOrbitals     = False         # bool
saveGuess        = False

scf              = True
ktrs             = False
D2               = True         # bool
two_electrons    = False         # bool

runGaunt         = False
runGaugeA        = False
runGaugeB        = False
runGaugeC        = False
runGaugeD        = False
runGaugeDelta    = False

molecule = [ ["Hg", 80, 0.1, 0.2, 0.3, 54, 54] ]

# With the paramenters I got from Robert, the error is (1) higher than
#  what he gets and (2) dominated by the width of the Gaussian
# I get a much better agreement with the ideal value IF the Gaussian
#  size is reduced by one order of magnitude 3e4->3e5 for Ar
# It seems the position of the nucleus is also important: I get bad
#  results from D2 if I move the nucleus
# Higher prec with off centered nucleus is too demanding for my laptop

**************************************
80 [0.1, 0.2, 0.3]
Fermi Dirac potential
Using Half Charge Radius for Hg: 0.00012485722724
Integral of the Fermi-Dirac distribution via cartesian 3D integration: 8.658786291111504
The normalization constant is: 9.239170168932604
Integral of the Fermi-Dirac distribution via 3D integration: 80.00000000000003
3D density

*FunctionTree: nn
  genNodes: 0
  square norm: 5.70217e+14
  root scale: 0
  order: 9
  nodes: 240
  endNodes: 211
  nodes per scale: 
    scale=0  nodes=8
    scale=1  nodes=8
    scale=2  nodes=8
    scale=3  nodes=8
    scale=4  nodes=8
    scale=5  nodes=8
    scale=6  nodes=8
    scale=7  nodes=8
    scale=8  nodes=8
    scale=9  nodes=8
    scale=10  nodes=16
    scale=11  nodes=96
    scale=12  nodes=16
    scale=13  nodes=32

3D potential

*FunctionTree: nn
  genNodes: 0
  square norm: 95063.9
  root scale: 0
  order: 9
  nodes: 1288
  endNodes: 1128
  nodes per scale: 
    scale=0  nodes=8
    scale=1  nodes=64
    scale=2  nodes=88
    scale=3  nodes=88
    scale=4  nodes=88
    scale=5  nodes=88
    scale=6  nodes=88
    scale=7  nodes=88
    scale=8  nodes=88
    scale=9  nodes=88
    scale=10  nodes=88
    scale=11  nodes=88
    scale=12  nodes=88
    scale=13  nodes=88
    scale=14  nodes=160

Potential

*FunctionTree: nn
  genNodes: 0
  square norm: 95063.9
  root scale: 0
  order: 9
  nodes: 1288
  endNodes: 1128
  nodes per scale: 
    scale=0  nodes=8
    scale=1  nodes=64
    scale=2  nodes=88
    scale=3  nodes=88
    scale=4  nodes=88
    scale=5  nodes=88
    scale=6  nodes=88
    scale=7  nodes=88
    scale=8  nodes=88
    scale=9  nodes=88
    scale=10  nodes=88
    scale=11  nodes=88
    scale=12  nodes=88
    scale=13  nodes=88
    scale=14  nodes=160

Number of Atoms =  1
[['Hg', 80, 0.1, 0.2, 0.3, 54, 54]]
Using derivative  ABGV
Hartree-Fock 1e D2
Classic-like energies: cke = 4206.0297425298195 cpe = -7225.391825228593 cke + cpe = -3019.3620826987735
mu = 77.7092283155453
Error = 0.042906878867333284
Delta E 3311.305889104897
Energy -3311.305889104897 0
Converged?  0.042906878867333284  >  9.999999999999999e-06   ----   3311.305889104897  >  1e-07   ----  iteration 0
Classic-like energies: cke = 4512.984650298214 cpe = -7518.176122286938 cke + cpe = -3005.1914719887245
mu = 77.52665956932137
Error = 0.05137511052458937
Delta E 17.194707608250155
Energy -3294.1111814966466 -3311.305889104897
Converged?  0.05137511052458937  >  9.999999999999999e-06   ----   17.194707608250155  >  1e-07   ----  iteration 1
Classic-like energies: cke = 5096.130798569044 cpe = -7971.19925082428 cke + cpe = -2875.0684522552365
mu = 75.8296571567515
Error = 0.07525309196335389
Delta E 157.0084242352059
Energy -3137.1027572614407 -3294.1111814966466
Converged?  0.07525309196335389  >  9.999999999999999e-06   ----   157.0084242352059  >  1e-07   ----  iteration 2
Classic-like energies: cke = 5040.545264466605 cpe = -7585.69434951021 cke + cpe = -2545.149085043605
mu = 71.34632555420923
Error = 0.11377801989683539
Delta E 391.1959548777131
Energy -2745.9068023837276 -3137.1027572614407
Converged?  0.11377801989683539  >  9.999999999999999e-06   ----   391.1959548777131  >  1e-07   ----  iteration 3
Classic-like energies: cke = 5440.33919733169 cpe = -7322.670084310558 cke + cpe = -1882.330886978868
mu = 61.356839667291666
Error = 0.16072968853048278
Delta E 758.3995639537668
Energy -1987.5072384299608 -2745.9068023837276
Converged?  0.16072968853048278  >  9.999999999999999e-06   ----   758.3995639537668  >  1e-07   ----  iteration 4
Classic-like energies: cke = 4177.3106369208235 cpe = -5382.644980817374 cke + cpe = -1205.3343438965503
mu = 49.09856095440171
Error = 0.23803663562715566
Delta E 740.7883947166838
Energy -1246.718843713277 -1987.5072384299608
Converged?  0.23803663562715566  >  9.999999999999999e-06   ----   740.7883947166838  >  1e-07   ----  iteration 5
Classic-like energies: cke = 3323.7487951299636 cpe = -4366.320461915567 cke + cpe = -1042.5716667856032
mu = 45.663369713274626
Error = 0.1974273776867817
Delta E 173.47852981580036
Energy -1073.2403138974767 -1246.718843713277
Converged?  0.1974273776867817  >  9.999999999999999e-06   ----   173.47852981580036  >  1e-07   ----  iteration 6
Classic-like energies: cke = 2184.9153113228167 cpe = -3257.8575639563505 cke + cpe = -1072.9422526335338
mu = 46.32369269895339
Error = 0.1940793667366956
Delta E 32.24087704860449
Energy -1105.4811909460811 -1073.2403138974767
Converged?  0.1940793667366956  >  9.999999999999999e-06   ----   32.24087704860449  >  1e-07   ----  iteration 7
Classic-like energies: cke = 2108.91638423289 cpe = -3158.9441942429844 cke + cpe = -1050.0278100100945
mu = 45.82636380971317
Error = 0.1796971121461894
Delta E 24.3310070208031
Energy -1081.150183925278 -1105.4811909460811
Converged?  0.1796971121461894  >  9.999999999999999e-06   ----   24.3310070208031  >  1e-07   ----  iteration 8
Classic-like energies: cke = 1697.4231648277291 cpe = -2750.8112107016777 cke + cpe = -1053.3880458739486
mu = 45.89963062757583
Error = 0.18665780588822706
Delta E 3.565871301354491
Energy -1084.7160552266325 -1081.150183925278
Converged?  0.18665780588822706  >  9.999999999999999e-06   ----   3.565871301354491  >  1e-07   ----  iteration 9
Classic-like energies: cke = 1800.333512687823 cpe = -2851.4466809683986 cke + cpe = -1051.1131682805756
mu = 45.8500418381614
Error = 0.18312182385692174
Delta E 2.4141712173400265
Energy -1082.3018840092925 -1084.7160552266325
Converged?  0.18312182385692174  >  9.999999999999999e-06   ----   2.4141712173400265  >  1e-07   ----  iteration 10
Classic-like energies: cke = 1552.3503071827736 cpe = -2603.462816670085 cke + cpe = -1051.1125094873114
mu = 45.85002746972594
Error = 0.11393328138260568
Delta E 0.0006990843046423834
Energy -1082.3011849249879 -1082.3018840092925
Converged?  0.11393328138260568  >  9.999999999999999e-06   ----   0.0006990843046423834  >  1e-07   ----  iteration 11
Classic-like energies: cke = 1183.5557637228067 cpe = -3495.014146527351 cke + cpe = -2311.4583828045443
mu = 67.99203457471388
Error = 0.08507711523921642
Delta E 1392.1889156749453
Energy -2474.490100599933 -1082.3011849249879
Converged?  0.08507711523921642  >  9.999999999999999e-06   ----   1392.1889156749453  >  1e-07   ----  iteration 12
Classic-like energies: cke = 1402.7290257936754 cpe = -3907.2597957784924 cke + cpe = -2504.530769984817
mu = 70.77472387773501
Error = 0.0705544350686134
Delta E 223.91221091634816
Energy -2698.4023115162813 -2474.490100599933
Converged?  0.0705544350686134  >  9.999999999999999e-06   ----   223.91221091634816  >  1e-07   ----  iteration 13
Classic-like energies: cke = 1704.8539960572602 cpe = -4334.994805083224 cke + cpe = -2630.1408090259633
mu = 72.52779893290521
Error = 0.06285293282716786
Delta E 147.36341851330826
Energy -2845.7657300295896 -2698.4023115162813
Converged?  0.06285293282716786  >  9.999999999999999e-06   ----   147.36341851330826  >  1e-07   ----  iteration 14
Classic-like energies: cke = 2011.5478535192685, cpe = -4743.59374253772, cke + cpe = -2732.045889018451
Exact Energy = -3532.192093162126
Dirac Energy = -3046.7012496078405
Kutze Energy = -2966.3279211822824
Error Kutze  = 565.8641719798434
Error Dirac  = 485.4908435542857
Delta Energy = -120.56219115269278
Dirac - Kutzelnigg = -80.3733284255577

PARAMETERS:
molecule    = [['Hg', 80, 0.1, 0.2, 0.3, 54, 54]]
D2          = True
prec        = 6
derivative  = ABGV
box         = 1

-------------------------------
Hg 0 1 6 ABGV 1
-------------------------------
Now executing: python test.py Input_Making/input__Hg016BS.txt
Input file: Input_Making/input__Hg016BS.txt
Output file: outputs/output__Hg016BS.txt
light_speed = 137.03599913900001  # default 137.03599913900001
derivative = "BS"         # possible values: PH, ABGV, BS
order = 9
box = 1
prec = 1.0e-6                 # precision threshold for the MRA operations
thr  = 1.0e-5                  # error threshold for SCF convergence

readPotential    = False        # bool
computePotential = True         # bool 
savePotential    = False         # bool
potential = "fermi_dirac"       # possible values: point_charge coulomb_HFYGB homogeneus_charge_sphere gaussian

readOrbitals     = False        # bool
saveOrbitals     = False         # bool
saveGuess        = False

scf              = True
ktrs             = False
D2               = True         # bool
two_electrons    = False         # bool

runGaunt         = False
runGaugeA        = False
runGaugeB        = False
runGaugeC        = False
runGaugeD        = False
runGaugeDelta    = False

molecule = [ ["Hg", 80, 0.1, 0.2, 0.3, 54, 54] ]

# With the paramenters I got from Robert, the error is (1) higher than
#  what he gets and (2) dominated by the width of the Gaussian
# I get a much better agreement with the ideal value IF the Gaussian
#  size is reduced by one order of magnitude 3e4->3e5 for Ar
# It seems the position of the nucleus is also important: I get bad
#  results from D2 if I move the nucleus
# Higher prec with off centered nucleus is too demanding for my laptop

**************************************
80 [0.1, 0.2, 0.3]
Fermi Dirac potential
Using Half Charge Radius for Hg: 0.00012485722724
Integral of the Fermi-Dirac distribution via cartesian 3D integration: 8.658786291111504
The normalization constant is: 9.239170168932604
Integral of the Fermi-Dirac distribution via 3D integration: 80.00000000000003
3D density

*FunctionTree: nn
  genNodes: 0
  square norm: 5.70217e+14
  root scale: 0
  order: 9
  nodes: 240
  endNodes: 211
  nodes per scale: 
    scale=0  nodes=8
    scale=1  nodes=8
    scale=2  nodes=8
    scale=3  nodes=8
    scale=4  nodes=8
    scale=5  nodes=8
    scale=6  nodes=8
    scale=7  nodes=8
    scale=8  nodes=8
    scale=9  nodes=8
    scale=10  nodes=16
    scale=11  nodes=96
    scale=12  nodes=16
    scale=13  nodes=32

3D potential

*FunctionTree: nn
  genNodes: 0
  square norm: 95063.9
  root scale: 0
  order: 9
  nodes: 1288
  endNodes: 1128
  nodes per scale: 
    scale=0  nodes=8
    scale=1  nodes=64
    scale=2  nodes=88
    scale=3  nodes=88
    scale=4  nodes=88
    scale=5  nodes=88
    scale=6  nodes=88
    scale=7  nodes=88
    scale=8  nodes=88
    scale=9  nodes=88
    scale=10  nodes=88
    scale=11  nodes=88
    scale=12  nodes=88
    scale=13  nodes=88
    scale=14  nodes=160

Potential

*FunctionTree: nn
  genNodes: 0
  square norm: 95063.9
  root scale: 0
  order: 9
  nodes: 1288
  endNodes: 1128
  nodes per scale: 
    scale=0  nodes=8
    scale=1  nodes=64
    scale=2  nodes=88
    scale=3  nodes=88
    scale=4  nodes=88
    scale=5  nodes=88
    scale=6  nodes=88
    scale=7  nodes=88
    scale=8  nodes=88
    scale=9  nodes=88
    scale=10  nodes=88
    scale=11  nodes=88
    scale=12  nodes=88
    scale=13  nodes=88
    scale=14  nodes=160

Number of Atoms =  1
[['Hg', 80, 0.1, 0.2, 0.3, 54, 54]]
Using derivative  BS
Hartree-Fock 1e D2
Classic-like energies: cke = 4206.0297425298195 cpe = -7225.472066645115 cke + cpe = -3019.4423241152954
mu = 77.71026089410967
Error = 0.042915965570652
Delta E 3311.4033089667996
Energy -3311.4033089667996 0
Converged?  0.042915965570652  >  9.999999999999999e-06   ----   3311.4033089667996  >  1e-07   ----  iteration 0
Classic-like energies: cke = 4513.271910227201 cpe = -7518.300523476136 cke + cpe = -3005.0286132489346
mu = 77.52455886038868
Error = 0.05138512336608527
Delta E 17.489630305436094
Energy -3293.9136786613635 -3311.4033089667996
Converged?  0.05138512336608527  >  9.999999999999999e-06   ----   17.489630305436094  >  1e-07   ----  iteration 1
Classic-like energies: cke = 5096.41834010078 cpe = -7971.092831953018 cke + cpe = -2874.674491852237
mu = 75.82446164467292
Error = 0.07527792548640772
Delta E 157.28388712178048
Energy -3136.629791539583 -3293.9136786613635
Converged?  0.07527792548640772  >  9.999999999999999e-06   ----   157.28388712178048  >  1e-07   ----  iteration 2
Classic-like energies: cke = 5040.4095469671975 cpe = -7584.696255611567 cke + cpe = -2544.2867086443694
mu = 71.3342373428688
Error = 0.1138395728767311
Delta E 391.7330298283805
Energy -2744.8967617112025 -3136.629791539583
Converged?  0.1138395728767311  >  9.999999999999999e-06   ----   391.7330298283805  >  1e-07   ----  iteration 3
Classic-like energies: cke = 5439.693949876869 cpe = -7320.598644301052 cke + cpe = -1880.9046944241836
mu = 61.33359103173698
Error = 0.16081885296355686
Delta E 758.9844512150628
Energy -1985.9123104961398 -2744.8967617112025
Converged?  0.16081885296355686  >  9.999999999999999e-06   ----   758.9844512150628  >  1e-07   ----  iteration 4
Classic-like energies: cke = 4175.208505400428 cpe = -5379.639333411864 cke + cpe = -1204.4308280114356
mu = 49.08015541970982
Error = 0.23809139458220843
Delta E 740.1612053824517
Energy -1245.751105113688 -1985.9123104961398
Converged?  0.23809139458220843  >  9.999999999999999e-06   ----   740.1612053824517  >  1e-07   ----  iteration 5
Classic-like energies: cke = 3321.1939140540167 cpe = -4364.000415853737 cke + cpe = -1042.80650179972
mu = 45.66851216756946
Error = 0.19732267581763432
Delta E 172.26171974186263
Energy -1073.4893853718254 -1245.751105113688
Converged?  0.19732267581763432  >  9.999999999999999e-06   ----   172.26171974186263  >  1e-07   ----  iteration 6
Classic-like energies: cke = 2184.264397929738 cpe = -3257.085789214312 cke + cpe = -1072.821391284574
mu = 46.32108356428148
Error = 0.1940640579066559
Delta E 31.86338473906426
Energy -1105.3527701108897 -1073.4893853718254
Converged?  0.1940640579066559  >  9.999999999999999e-06   ----   31.86338473906426  >  1e-07   ----  iteration 7
Classic-like energies: cke = 2108.398898361807 cpe = -3158.459970214481 cke + cpe = -1050.061071852674
mu = 45.82708962726466
Error = 0.17968666278720422
Delta E 24.16729234792433
Energy -1081.1854777629653 -1105.3527701108897
Converged?  0.17968666278720422  >  9.999999999999999e-06   ----   24.16729234792433  >  1e-07   ----  iteration 8
Classic-like energies: cke = 1697.2239612353942 cpe = -2750.601625661953 cke + cpe = -1053.377664426559
mu = 45.899404449874055
Error = 0.1866496981391568
Delta E 3.5195595990089714
Energy -1084.7050373619743 -1081.1854777629653
Converged?  0.1866496981391568  >  9.999999999999999e-06   ----   3.5195595990089714  >  1e-07   ----  iteration 9
Classic-like energies: cke = 1800.1968021004345 cpe = -2851.311859561726 cke + cpe = -1051.1150574612916
mu = 45.850083041610546
Error = 0.1831192194716703
Delta E 2.4011486316846913
Energy -1082.3038887302896 -1084.7050373619743
Converged?  0.1831192194716703  >  9.999999999999999e-06   ----   2.4011486316846913  >  1e-07   ----  iteration 10
Classic-like energies: cke = 1552.285228664768 cpe = -2603.3973018279335 cke + cpe = -1051.1120731631654
mu = 45.850017953391585
Error = 0.11393087180340246
Delta E 0.00316681451590739
Energy -1082.3007219157737 -1082.3038887302896
Converged?  0.11393087180340246  >  9.999999999999999e-06   ----   0.00316681451590739  >  1e-07   ----  iteration 11
Classic-like energies: cke = 1183.511474165538 cpe = -3494.9461904415953 cke + cpe = -2311.4347162760573
mu = 67.9916864958659
Error = 0.08507796512156034
Delta E 1392.1621203455563
Energy -2474.46284226133 -1082.3007219157737
Converged?  0.08507796512156034  >  9.999999999999999e-06   ----   1392.1621203455563  >  1e-07   ----  iteration 12
Classic-like energies: cke = 1402.680118143203 cpe = -3907.1886320929093 cke + cpe = -2504.5085139497064
mu = 70.77440941399237
Error = 0.07055542568093412
Delta E 223.9134785388328
Energy -2698.376320800163 -2474.46284226133
Converged?  0.07055542568093412  >  9.999999999999999e-06   ----   223.9134785388328  >  1e-07   ----  iteration 13
Classic-like energies: cke = 1704.7996044608465 cpe = -4334.920574624148 cke + cpe = -2630.1209701633015
mu = 72.52752539778676
Error = 0.06285392437003202
Delta E 147.36602702086748
Energy -2845.7423478210303 -2698.376320800163
Converged?  0.06285392437003202  >  9.999999999999999e-06   ----   147.36602702086748  >  1e-07   ----  iteration 14
Classic-like energies: cke = 2011.4894136590233, cpe = -4743.517948904342, cke + cpe = -2732.028535245319
Exact Energy = -3532.192093162126
Dirac Energy = -3046.682436118481
Kutze Energy = -2966.30731196893
Error Kutze  = 565.8847811931955
Error Dirac  = 485.50965704364535
Delta Energy = -120.5649641478999
Dirac - Kutzelnigg = -80.375124149552

PARAMETERS:
molecule    = [['Hg', 80, 0.1, 0.2, 0.3, 54, 54]]
D2          = True
prec        = 6
derivative  = BS
box         = 1

-------------------------------
Hg 0 1 6 BS 1
-------------------------------
Now executing: python test.py Input_Making/input__Hg016PH.txt
Input file: Input_Making/input__Hg016PH.txt
Output file: outputs/output__Hg016PH.txt
light_speed = 137.03599913900001  # default 137.03599913900001
derivative = "PH"         # possible values: PH, ABGV, BS
order = 9
box = 1
prec = 1.0e-6                 # precision threshold for the MRA operations
thr  = 1.0e-5                  # error threshold for SCF convergence

readPotential    = False        # bool
computePotential = True         # bool 
savePotential    = False         # bool
potential = "fermi_dirac"       # possible values: point_charge coulomb_HFYGB homogeneus_charge_sphere gaussian

readOrbitals     = False        # bool
saveOrbitals     = False         # bool
saveGuess        = False

scf              = True
ktrs             = False
D2               = True         # bool
two_electrons    = False         # bool

runGaunt         = False
runGaugeA        = False
runGaugeB        = False
runGaugeC        = False
runGaugeD        = False
runGaugeDelta    = False

molecule = [ ["Hg", 80, 0.1, 0.2, 0.3, 54, 54] ]

# With the paramenters I got from Robert, the error is (1) higher than
#  what he gets and (2) dominated by the width of the Gaussian
# I get a much better agreement with the ideal value IF the Gaussian
#  size is reduced by one order of magnitude 3e4->3e5 for Ar
# It seems the position of the nucleus is also important: I get bad
#  results from D2 if I move the nucleus
# Higher prec with off centered nucleus is too demanding for my laptop

**************************************
80 [0.1, 0.2, 0.3]
Fermi Dirac potential
Using Half Charge Radius for Hg: 0.00012485722724
Integral of the Fermi-Dirac distribution via cartesian 3D integration: 8.658786291111504
The normalization constant is: 9.239170168932604
Integral of the Fermi-Dirac distribution via 3D integration: 80.00000000000003
3D density

*FunctionTree: nn
  genNodes: 0
  square norm: 5.70217e+14
  root scale: 0
  order: 9
  nodes: 240
  endNodes: 211
  nodes per scale: 
    scale=0  nodes=8
    scale=1  nodes=8
    scale=2  nodes=8
    scale=3  nodes=8
    scale=4  nodes=8
    scale=5  nodes=8
    scale=6  nodes=8
    scale=7  nodes=8
    scale=8  nodes=8
    scale=9  nodes=8
    scale=10  nodes=16
    scale=11  nodes=96
    scale=12  nodes=16
    scale=13  nodes=32

3D potential

*FunctionTree: nn
  genNodes: 0
  square norm: 95063.9
  root scale: 0
  order: 9
  nodes: 1288
  endNodes: 1128
  nodes per scale: 
    scale=0  nodes=8
    scale=1  nodes=64
    scale=2  nodes=88
    scale=3  nodes=88
    scale=4  nodes=88
    scale=5  nodes=88
    scale=6  nodes=88
    scale=7  nodes=88
    scale=8  nodes=88
    scale=9  nodes=88
    scale=10  nodes=88
    scale=11  nodes=88
    scale=12  nodes=88
    scale=13  nodes=88
    scale=14  nodes=160

Potential

*FunctionTree: nn
  genNodes: 0
  square norm: 95063.9
  root scale: 0
  order: 9
  nodes: 1288
  endNodes: 1128
  nodes per scale: 
    scale=0  nodes=8
    scale=1  nodes=64
    scale=2  nodes=88
    scale=3  nodes=88
    scale=4  nodes=88
    scale=5  nodes=88
    scale=6  nodes=88
    scale=7  nodes=88
    scale=8  nodes=88
    scale=9  nodes=88
    scale=10  nodes=88
    scale=11  nodes=88
    scale=12  nodes=88
    scale=13  nodes=88
    scale=14  nodes=160

Number of Atoms =  1
[['Hg', 80, 0.1, 0.2, 0.3, 54, 54]]
Using derivative  PH
Hartree-Fock 1e D2
Classic-like energies: cke = 4206.0297425298195 cpe = -7225.477471095577 cke + cpe = -3019.4477285657576
mu = 77.71033044024144
Error = 0.042916576667983625
Delta E 3311.4098704485186
Energy -3311.4098704485186 0
Converged?  0.042916576667983625  >  9.999999999999999e-06   ----   3311.4098704485186  >  1e-07   ----  iteration 0
Classic-like energies: cke = 4513.291504991855 cpe = -7518.308881987199 cke + cpe = -3005.0173769953444
mu = 77.52441392226508
Error = 0.05138580625392513
Delta E 17.509818177829857
Energy -3293.900052270689 -3311.4098704485186
Converged?  0.05138580625392513  >  9.999999999999999e-06   ----   17.509818177829857  >  1e-07   ----  iteration 1
Classic-like energies: cke = 5096.438697355594 cpe = -7971.085167222485 cke + cpe = -2874.6464698668915
mu = 75.8240920798514
Error = 0.07527965160474955
Delta E 157.30390173615478
Energy -3136.596150534534 -3293.900052270689
Converged?  0.07527965160474955  >  9.999999999999999e-06   ----   157.30390173615478  >  1e-07   ----  iteration 2
Classic-like energies: cke = 5040.399974121403 cpe = -7584.625138239506 cke + cpe = -2544.225164118103
mu = 71.33337457485244
Error = 0.11384391829492256
Delta E 391.77146915520143
Energy -2744.8246813793326 -3136.596150534534
Converged?  0.11384391829492256  >  9.999999999999999e-06   ----   391.77146915520143  >  1e-07   ----  iteration 3
Classic-like energies: cke = 5439.64790952226 cpe = -7320.450848815494 cke + cpe = -1880.802939293234
mu = 61.33193196522076
Error = 0.16082517258073745
Delta E 759.0261590554037
Energy -1985.7985223239289 -2744.8246813793326
Converged?  0.16082517258073745  >  9.999999999999999e-06   ----   759.0261590554037  >  1e-07   ----  iteration 4
Classic-like energies: cke = 4175.058562098413 cpe = -5379.424997355588 cke + cpe = -1204.366435257175
mu = 49.07884341052008
Error = 0.23809526151799434
Delta E 740.116385019835
Energy -1245.6821373040939 -1985.7985223239289
Converged?  0.23809526151799434  >  9.999999999999999e-06   ----   740.116385019835  >  1e-07   ----  iteration 5
Classic-like energies: cke = 3321.011743488456 cpe = -4363.835038079774 cke + cpe = -1042.8232945913178
mu = 45.6688798765925
Error = 0.19731517971538656
Delta E 172.1749409729416
Energy -1073.5071963311523 -1245.6821373040939
Converged?  0.19731517971538656  >  9.999999999999999e-06   ----   172.1749409729416  >  1e-07   ----  iteration 6
Classic-like energies: cke = 2184.2180397155857 cpe = -3257.030796687113 cke + cpe = -1072.812756971527
mu = 46.32089716254483
Error = 0.19406294821115694
Delta E 31.836399454067305
Energy -1105.3435957852196 -1073.5071963311523
Converged?  0.19406294821115694  >  9.999999999999999e-06   ----   31.836399454067305  >  1e-07   ----  iteration 7
Classic-like energies: cke = 2108.362003626203 cpe = -3158.425448623396 cke + cpe = -1050.0634449971926
mu = 45.827141411988435
Error = 0.17968590442607718
Delta E 24.155599897568436
Energy -1081.1879958876511 -1105.3435957852196
Converged?  0.17968590442607718  >  9.999999999999999e-06   ----   24.155599897568436  >  1e-07   ----  iteration 8
Classic-like energies: cke = 1697.2097604906276 cpe = -2750.5866778672425 cke + cpe = -1053.376917376615
mu = 45.89938817406208
Error = 0.18664911836100515
Delta E 3.5162486279957648
Energy -1084.704244515647 -1081.1879958876511
Converged?  0.18664911836100515  >  9.999999999999999e-06   ----   3.5162486279957648  >  1e-07   ----  iteration 9
Classic-like energies: cke = 1800.1870484867457 cpe = -2851.3022254461175 cke + cpe = -1051.1151769593719
mu = 45.850085647888854
Error = 0.18311904730036432
Delta E 2.400228978894347
Energy -1082.3040155367526 -1084.704244515647
Converged?  0.18311904730036432  >  9.999999999999999e-06   ----   2.400228978894347  >  1e-07   ----  iteration 10
Classic-like energies: cke = 1552.2805712844165 cpe = -2603.3925915658883 cke + cpe = -1051.1120202814718
mu = 45.850016800029024
Error = 0.11393072481819089
Delta E 0.003349736853124341
Energy -1082.3006657998994 -1082.3040155367526
Converged?  0.11393072481819089  >  9.999999999999999e-06   ----   0.003349736853124341  >  1e-07   ----  iteration 11
Classic-like energies: cke = 1183.5082976298604 cpe = -3494.9413061866917 cke + cpe = -2311.4330085568313
mu = 67.99166137927256
Error = 0.0850780323753182
Delta E 1392.1602095676699
Energy -2474.4608753675693 -1082.3006657998994
Converged?  0.0850780323753182  >  9.999999999999999e-06   ----   1392.1602095676699  >  1e-07   ----  iteration 12
Classic-like energies: cke = 1402.6766076570716 cpe = -3907.1835220775242 cke + cpe = -2504.5069144204526
mu = 70.77438681359878
Error = 0.07055549759355559
Delta E 223.91357749544568
Energy -2698.374452863015 -2474.4608753675693
Converged?  0.07055549759355559  >  9.999999999999999e-06   ----   223.91357749544568  >  1e-07   ----  iteration 13
Classic-like energies: cke = 1704.795700682589 cpe = -4334.915248314935 cke + cpe = -2630.1195476323455
mu = 72.52750578411401
Error = 0.0628539960050924
Delta E 147.36621835538517
Energy -2845.7406712184 -2698.374452863015
Converged?  0.0628539960050924  >  9.999999999999999e-06   ----   147.36621835538517  >  1e-07   ----  iteration 14
Classic-like energies: cke = 2011.4852181537817, cpe = -4743.512516065395, cke + cpe = -2732.0272979116135
Exact Energy = -3532.192093162126
Dirac Energy = -3046.6810592260135
Kutze Energy = -2966.305842521544
Error Kutze  = 565.8862506405821
Error Dirac  = 485.51103393611265
Delta Energy = -120.56517130314387
Dirac - Kutzelnigg = -80.3752167044695

PARAMETERS:
molecule    = [['Hg', 80, 0.1, 0.2, 0.3, 54, 54]]
D2          = True
prec        = 6
derivative  = PH
box         = 1

-------------------------------
Hg 0 1 6 PH 1
-------------------------------
Now executing: python test.py Input_Making/input__Hg017ABGV.txt
./run_all.sh: line 4: 33949 Killed: 9               python test.py "$file"
Now executing: python test.py Input_Making/input__Hg017BS.txt
Input file: Input_Making/input__Hg017BS.txt
Output file: outputs/output__Hg017BS.txt
light_speed = 137.03599913900001  # default 137.03599913900001
derivative = "BS"         # possible values: PH, ABGV, BS
order = 10
box = 1
prec = 1.0e-7                 # precision threshold for the MRA operations
thr  = 1.0e-6                  # error threshold for SCF convergence

readPotential    = False        # bool
computePotential = True         # bool 
savePotential    = False         # bool
potential = "fermi_dirac"       # possible values: point_charge coulomb_HFYGB homogeneus_charge_sphere gaussian

readOrbitals     = False        # bool
saveOrbitals     = False         # bool
saveGuess        = False

scf              = True
ktrs             = False
D2               = True         # bool
two_electrons    = False         # bool

runGaunt         = False
runGaugeA        = False
runGaugeB        = False
runGaugeC        = False
runGaugeD        = False
runGaugeDelta    = False

molecule = [ ["Hg", 80, 0.1, 0.2, 0.3, 54, 54] ]

# With the paramenters I got from Robert, the error is (1) higher than
#  what he gets and (2) dominated by the width of the Gaussian
# I get a much better agreement with the ideal value IF the Gaussian
#  size is reduced by one order of magnitude 3e4->3e5 for Ar
# It seems the position of the nucleus is also important: I get bad
#  results from D2 if I move the nucleus
# Higher prec with off centered nucleus is too demanding for my laptop

**************************************
80 [0.1, 0.2, 0.3]
Fermi Dirac potential
Using Half Charge Radius for Hg: 0.00012485722724
Integral of the Fermi-Dirac distribution via cartesian 3D integration: 8.658788729144284
The normalization constant is: 9.239167567483323
Integral of the Fermi-Dirac distribution via 3D integration: 79.99999999999997
3D density

*FunctionTree: nn
  genNodes: 0
  square norm: 5.70217e+14
  root scale: 0
  order: 10
  nodes: 304
  endNodes: 267
  nodes per scale: 
    scale=0  nodes=8
    scale=1  nodes=8
    scale=2  nodes=8
    scale=3  nodes=8
    scale=4  nodes=8
    scale=5  nodes=8
    scale=6  nodes=8
    scale=7  nodes=8
    scale=8  nodes=8
    scale=9  nodes=8
    scale=10  nodes=16
    scale=11  nodes=96
    scale=12  nodes=16
    scale=13  nodes=40
    scale=14  nodes=56

3D potential

*FunctionTree: nn
  genNodes: 0
  square norm: 95063.9
  root scale: 0
  order: 10
  nodes: 1496
  endNodes: 1310
  nodes per scale: 
    scale=0  nodes=8
    scale=1  nodes=64
    scale=2  nodes=104
    scale=3  nodes=104
    scale=4  nodes=104
    scale=5  nodes=104
    scale=6  nodes=104
    scale=7  nodes=104
    scale=8  nodes=104
    scale=9  nodes=104
    scale=10  nodes=96
    scale=11  nodes=104
    scale=12  nodes=96
    scale=13  nodes=112
    scale=14  nodes=184

Potential

*FunctionTree: nn
  genNodes: 0
  square norm: 95063.9
  root scale: 0
  order: 10
  nodes: 1496
  endNodes: 1310
  nodes per scale: 
    scale=0  nodes=8
    scale=1  nodes=64
    scale=2  nodes=104
    scale=3  nodes=104
    scale=4  nodes=104
    scale=5  nodes=104
    scale=6  nodes=104
    scale=7  nodes=104
    scale=8  nodes=104
    scale=9  nodes=104
    scale=10  nodes=96
    scale=11  nodes=104
    scale=12  nodes=96
    scale=13  nodes=112
    scale=14  nodes=184

Number of Atoms =  1
[['Hg', 80, 0.1, 0.2, 0.3, 54, 54]]
Using derivative  BS
Hartree-Fock 1e D2
Classic-like energies: cke = 4205.200979411882 cpe = -7225.4671365030235 cke + cpe = -3020.2661570911414
mu = 77.72086151209521
Error = 0.04294886690512046
Delta E 3312.403547323476
Energy -3312.403547323476 0
Converged?  0.04294886690512046  >  1e-06   ----   3312.403547323476  >  1e-08   ----  iteration 0
Classic-like energies: cke = 4514.017867656812 cpe = -7519.086612269122 cke + cpe = -3005.06874461231
mu = 77.52507651866344
Error = 0.05138095098543772
Delta E 18.44120059572515
Energy -3293.9623467277506 -3312.403547323476
Converged?  0.05138095098543772  >  1e-06   ----   18.44120059572515  >  1e-08   ----  iteration 1
Classic-like energies: cke = 5097.011195874389 cpe = -7971.7133232152555 cke + cpe = -2874.7021273408664
mu = 75.82482611046156
Error = 0.07527567679498284
Delta E 157.29937811000218
Energy -3136.6629686177484 -3293.9623467277506
Converged?  0.07527567679498284  >  1e-06   ----   157.29937811000218  >  1e-08   ----  iteration 2
Classic-like energies: cke = 5040.834849750681 cpe = -7585.147342899898 cke + cpe = -2544.3124931492166
mu = 71.33459880239346
Error = 0.11384055256395725
Delta E 391.7360082567702
Energy -2744.9269603609782 -3136.6629686177484
Converged?  0.11384055256395725  >  1e-06   ----   391.7360082567702  >  1e-08   ----  iteration 3
Classic-like energies: cke = 5440.015431195748 cpe = -7320.954171605157 cke + cpe = -1880.9387404094095
mu = 61.334146124477996
Error = 0.1608189010874371
Delta E 758.9765776034167
Energy -1985.9503827575616 -2744.9269603609782
Converged?  0.1608189010874371  >  1e-06   ----   758.9765776034167  >  1e-08   ----  iteration 4
Classic-like energies: cke = 4175.407588221655 cpe = -5379.864594558586 cke + cpe = -1204.457006336931
mu = 49.08068879583764
Error = 0.2380915583674577
Delta E 740.1712392910579
Energy -1245.7791434665037 -1985.9503827575616
Converged?  0.2380915583674577  >  1e-06   ----   740.1712392910579  >  1e-08   ----  iteration 5
Classic-like energies: cke = 3321.331081085454 cpe = -4364.1346153181685 cke + cpe = -1042.8035342327144
mu = 45.66844718693015
Error = 0.19732572808279278
Delta E 172.29290558708044
Energy -1073.4862378794232 -1245.7791434665037
Converged?  0.19732572808279278  >  1e-06   ----   172.29290558708044  >  1e-08   ----  iteration 6
Classic-like energies: cke = 2184.3115555429545 cpe = -3257.1364649052416 cke + cpe = -1072.8249093622871
mu = 46.32115951403391
Error = 0.19406480237270798
Delta E 31.87027034036828
Energy -1105.3565082197915 -1073.4862378794232
Converged?  0.19406480237270798  >  1e-06   ----   31.87027034036828  >  1e-08   ----  iteration 7
Classic-like energies: cke = 2108.429490951912 cpe = -3158.4899543288643 cke + cpe = -1050.0604633769522
mu = 45.827076349620036
Error = 0.17968671856011437
Delta E 24.171676105495862
Energy -1081.1848321142957 -1105.3565082197915
Converged?  0.17968671856011437  >  1e-06   ----   24.171676105495862  >  1e-08   ----  iteration 8
Classic-like energies: cke = 1697.2372949892977 cpe = -2750.615429574074 cke + cpe = -1053.3781345847763
mu = 45.899414693104234
Error = 0.18664983960439932
Delta E 3.5207042280108
Energy -1084.7055363423065 -1081.1848321142957
Converged?  0.18664983960439932  >  1e-06   ----   3.5207042280108  >  1e-08   ----  iteration 9
Classic-like energies: cke = 1800.205812781132 cpe = -2851.3207367965806 cke + cpe = -1051.1149240154487
mu = 45.85008013112842
Error = 0.18311908192478907
Delta E 2.4017892192737236
Energy -1082.3037471230327 -1084.7055363423065
Converged?  0.18311908192478907  >  1e-06   ----   2.4017892192737236  >  1e-08   ----  iteration 10
Classic-like energies: cke = 1552.289601963402 cpe = -2603.4017981281054 cke + cpe = -1051.1121961647034
mu = 45.85002063608485
Error = 0.11393087368724557
Delta E 0.002894683094609718
Energy -1082.3008524399381 -1082.3037471230327
Converged?  0.11393087368724557  >  1e-06   ----   0.002894683094609718  >  1e-08   ----  iteration 11
Classic-like energies: cke = 1183.5145316684864 cpe = -3494.9508188198415 cke + cpe = -2311.436287151355
mu = 67.99170959979392
Error = 0.08507796055012223
Delta E 1392.1637991031087
Energy -2474.464651543047 -1082.3008524399381
Converged?  0.08507796055012223  >  1e-06   ----   1392.1637991031087  >  1e-08   ----  iteration 12
Classic-like energies: cke = 1402.6835698584391 cpe = -3907.193631568838 cke + cpe = -2504.510061710399
mu = 70.77443128292023
Error = 0.07055540631341095
Delta E 223.9134767389205
Energy -2698.3781282819673 -2474.464651543047
Converged?  0.07055540631341095  >  1e-06   ----   223.9134767389205  >  1e-08   ----  iteration 13
Classic-like energies: cke = 1704.803506103649 cpe = -4334.925923154078 cke + cpe = -2630.1224170504292
mu = 72.5275453472738
Error = 0.06285389284015964
Delta E 147.3659248481904
Energy -2845.7440531301577 -2698.3781282819673
Converged?  0.06285389284015964  >  1e-06   ----   147.3659248481904  >  1e-08   ----  iteration 14
Classic-like energies: cke = 2011.493667246029, cpe = -4743.523525546932, cke + cpe = -2732.0298583009035
Exact Energy = -3532.192093162126
Dirac Energy = -3046.68383038669
Kutze Energy = -2966.3088832190665
Error Kutze  = 565.8832099430583
Error Dirac  = 485.5082627754364
Delta Energy = -120.56483008890882
Dirac - Kutzelnigg = -80.37494716762376

PARAMETERS:
molecule    = [['Hg', 80, 0.1, 0.2, 0.3, 54, 54]]
D2          = True
prec        = 7
derivative  = BS
box         = 1

-------------------------------
Hg 0 1 7 BS 1
-------------------------------
Now executing: python test.py Input_Making/input__Hg017PH.txt
./run_all.sh: line 4: 35209 Killed: 9               python test.py "$file"
Now executing: python test.py Input_Making/input__Hg018ABGV.txt
./run_all.sh: line 4: 35729 Killed: 9               python test.py "$file"
Now executing: python test.py Input_Making/input__Hg018BS.txt
./run_all.sh: line 4: 36367 Killed: 9               python test.py "$file"
Now executing: python test.py Input_Making/input__Hg018PH.txt
./run_all.sh: line 4: 37450 Killed: 9               python test.py "$file"
Now executing: python test.py Input_Making/input__Hg114ABGV.txt
Input file: Input_Making/input__Hg114ABGV.txt
Output file: outputs/output__Hg114ABGV.txt
light_speed = 137.03599913900001  # default 137.03599913900001
derivative = "ABGV"         # possible values: PH, ABGV, BS
order = 7
box = 1
prec = 1.0e-4                 # precision threshold for the MRA operations
thr  = 1.0e-3                  # error threshold for SCF convergence

readPotential    = False        # bool
computePotential = True         # bool 
savePotential    = False         # bool
potential = "fermi_dirac"       # possible values: point_charge coulomb_HFYGB homogeneus_charge_sphere gaussian

readOrbitals     = False        # bool
saveOrbitals     = False         # bool
saveGuess        = False

scf              = True
ktrs             = False
D2               = True         # bool
two_electrons    = False         # bool

runGaunt         = False
runGaugeA        = False
runGaugeB        = False
runGaugeC        = False
runGaugeD        = False
runGaugeDelta    = False

molecule = [ ["Hg", 80, 0.0, 0.0, 0.0, 54, 54] ]

# With the paramenters I got from Robert, the error is (1) higher than
#  what he gets and (2) dominated by the width of the Gaussian
# I get a much better agreement with the ideal value IF the Gaussian
#  size is reduced by one order of magnitude 3e4->3e5 for Ar
# It seems the position of the nucleus is also important: I get bad
#  results from D2 if I move the nucleus
# Higher prec with off centered nucleus is too demanding for my laptop

**************************************
80 [0.0, 0.0, 0.0]
Fermi Dirac potential
Using Half Charge Radius for Hg: 0.00012485722724
Integral of the Fermi-Dirac distribution via cartesian 3D integration: 8.718057234103014
The normalization constant is: 9.176356366078739
Integral of the Fermi-Dirac distribution via 3D integration: 80.00000000000058
3D density

*FunctionTree: nn
  genNodes: 0
  square norm: 5.71427e+14
  root scale: 0
  order: 7
  nodes: 712
  endNodes: 624
  nodes per scale: 
    scale=0  nodes=8
    scale=1  nodes=64
    scale=2  nodes=64
    scale=3  nodes=64
    scale=4  nodes=64
    scale=5  nodes=64
    scale=6  nodes=64
    scale=7  nodes=64
    scale=8  nodes=64
    scale=9  nodes=64
    scale=10  nodes=64
    scale=11  nodes=64

3D potential

*FunctionTree: nn
  genNodes: 0
  square norm: 98223.4
  root scale: 0
  order: 7
  nodes: 840
  endNodes: 736
  nodes per scale: 
    scale=0  nodes=8
    scale=1  nodes=64
    scale=2  nodes=64
    scale=3  nodes=64
    scale=4  nodes=64
    scale=5  nodes=64
    scale=6  nodes=64
    scale=7  nodes=64
    scale=8  nodes=64
    scale=9  nodes=64
    scale=10  nodes=64
    scale=11  nodes=64
    scale=12  nodes=64
    scale=13  nodes=64

Potential

*FunctionTree: nn
  genNodes: 0
  square norm: 98223.4
  root scale: 0
  order: 7
  nodes: 840
  endNodes: 736
  nodes per scale: 
    scale=0  nodes=8
    scale=1  nodes=64
    scale=2  nodes=64
    scale=3  nodes=64
    scale=4  nodes=64
    scale=5  nodes=64
    scale=6  nodes=64
    scale=7  nodes=64
    scale=8  nodes=64
    scale=9  nodes=64
    scale=10  nodes=64
    scale=11  nodes=64
    scale=12  nodes=64
    scale=13  nodes=64

Number of Atoms =  1
[['Hg', 80, 0.0, 0.0, 0.0, 54, 54]]
Using derivative  ABGV
Hartree-Fock 1e D2
Classic-like energies: cke = 4200.291056727774 cpe = -7190.719707398851 cke + cpe = -2990.428650671077
mu = 77.33600262065627
Error = 0.03932106081927348
Delta E 3276.21816546349
Energy -3276.21816546349 0
Converged?  0.03932106081927348  >  0.001   ----   3276.21816546349  >  1e-05   ----  iteration 0
Classic-like energies: cke = 4423.037149539894 cpe = -7462.851988534354 cke + cpe = -3039.81483899446
mu = 77.97198008252016
Error = 0.046720287526608534
Delta E 59.93898419973857
Energy -3336.1571496632287 -3276.21816546349
Converged?  0.046720287526608534  >  0.001   ----   59.93898419973857  >  1e-05   ----  iteration 1
Classic-like energies: cke = 4955.356852034652 cpe = -7962.227903533314 cke + cpe = -3006.8710514986624
mu = 77.54832108432345
Error = 0.06381645616169669
Delta E 40.00895343992488
Energy -3296.148196223304 -3336.1571496632287
Converged?  0.06381645616169669  >  0.001   ----   40.00895343992488  >  1e-05   ----  iteration 2
Classic-like energies: cke = 5054.875552015492 cpe = -7929.073521710149 cke + cpe = -2874.1979696946573
mu = 75.81817684031525
Error = 0.08711966121422077
Delta E 160.0904700894821
Energy -3136.0577261338217 -3296.148196223304
Converged?  0.08711966121422077  >  0.001   ----   160.0904700894821  >  1e-05   ----  iteration 3
Classic-like energies: cke = 5578.992905675653 cpe = -8111.49431617695 cke + cpe = -2532.501410501297
mu = 71.1688332137221
Error = 0.121041738102244
Delta E 404.9578824364103
Energy -2731.0998436974114 -3136.0577261338217
Converged?  0.121041738102244  >  0.001   ----   404.9578824364103  >  1e-05   ----  iteration 4
Classic-like energies: cke = 4991.619877896317 cpe = -6909.83052058371 cke + cpe = -1918.2106426873925
mu = 61.938851179003834
Error = 0.18225396444890962
Delta E 703.417885506346
Energy -2027.6819581910654 -2731.0998436974114
Converged?  0.18225396444890962  >  0.001   ----   703.417885506346  >  1e-05   ----  iteration 5
Classic-like energies: cke = 4821.3015637229355 cpe = -5993.506558735937 cke + cpe = -1172.2049950130013
mu = 48.41910769547496
Error = 0.22722469752431018
Delta E 816.4124676956305
Energy -1211.2694904954349 -2027.6819581910654
Converged?  0.22722469752431018  >  0.001   ----   816.4124676956305  >  1e-05   ----  iteration 6
Classic-like energies: cke = 2917.663424717244 cpe = -3983.919479511196 cke + cpe = -1066.256054793952
mu = 46.1791306716346
Error = 0.22307641558368527
Delta E 112.891295876806
Energy -1098.3781946186289 -1211.2694904954349
Converged?  0.22307641558368527  >  0.001   ----   112.891295876806  >  1e-05   ----  iteration 7
Classic-like energies: cke = 2485.401961691812 cpe = -3549.7101597057144 cke + cpe = -1064.3081980139023
mu = 46.13693093420719
Error = 0.1858423714964923
Delta E 2.068743924107366
Energy -1096.3094506945215 -1098.3781946186289
Converged?  0.1858423714964923  >  0.001   ----   2.068743924107366  >  1e-05   ----  iteration 8
Classic-like energies: cke = 1875.944481460747 cpe = -2929.6800037160137 cke + cpe = -1053.7355222552667
mu = 45.907200355832344
Error = 0.19308737680984134
Delta E 11.224613670327471
Energy -1085.084837024194 -1096.3094506945215
Converged?  0.19308737680984134  >  0.001   ----   11.224613670327471  >  1e-05   ----  iteration 9
Classic-like energies: cke = 1909.4158735501662 cpe = -2961.8755890966636 cke + cpe = -1052.4597155464974
mu = 45.87940094522808
Error = 0.18417937483757602
Delta E 1.3539947413069058
Energy -1083.7308422828871 -1085.084837024194
Converged?  0.18417937483757602  >  0.001   ----   1.3539947413069058  >  1e-05   ----  iteration 10
Classic-like energies: cke = 1606.1170822617873 cpe = -2657.682693075233 cke + cpe = -1051.5656108134458
mu = 45.85990865262263
Error = 0.11522500898038364
Delta E 0.9488383517057173
Energy -1082.7820039311814 -1083.7308422828871
Converged?  0.11522500898038364  >  0.001   ----   0.9488383517057173  >  1e-05   ----  iteration 11
Classic-like energies: cke = 1219.8085472146197 cpe = -3550.395805350684 cke + cpe = -2330.5872581360645
mu = 68.27279484737774
Error = 0.08429857926088606
Delta E 1413.7550382603172
Energy -2496.5370421914986 -1082.7820039311814
Converged?  0.08429857926088606  >  0.001   ----   1413.7550382603172  >  1e-05   ----  iteration 12
Classic-like energies: cke = 1442.5808922742638 cpe = -3964.9654609824 cke + cpe = -2522.3845687081366
mu = 71.0265382615278
Error = 0.06972157201911733
Delta E 222.72858160507394
Energy -2719.2656237965725 -2496.5370421914986
Converged?  0.06972157201911733  >  0.001   ----   222.72858160507394  >  1e-05   ----  iteration 13
Classic-like energies: cke = 1748.9880847794104 cpe = -4394.960080970797 cke + cpe = -2645.971996191387
mu = 72.74574896434
Error = 0.06203021696747702
Delta E 145.16979503609173
Energy -2864.4354188326643 -2719.2656237965725
Converged?  0.06203021696747702  >  0.001   ----   145.16979503609173  >  1e-05   ----  iteration 14
Classic-like energies: cke = 2058.79248799938, cpe = -4804.621956245488, cke + cpe = -2745.8294682461083
Exact Energy = -3532.192093162126
Dirac Energy = -3061.7257776397582
Kutze Energy = -2982.7056907808565
Error Kutze  = 549.4864023812697
Error Dirac  = 470.46631552236795
Delta Energy = -118.2702719481922
Dirac - Kutzelnigg = -79.02008685890178

PARAMETERS:
molecule    = [['Hg', 80, 0.0, 0.0, 0.0, 54, 54]]
D2          = True
prec        = 4
derivative  = ABGV
box         = 1

-------------------------------
Hg 1 1 4 ABGV 1
-------------------------------
Now executing: python test.py Input_Making/input__Hg114BS.txt
Input file: Input_Making/input__Hg114BS.txt
Output file: outputs/output__Hg114BS.txt
light_speed = 137.03599913900001  # default 137.03599913900001
derivative = "BS"         # possible values: PH, ABGV, BS
order = 7
box = 1
prec = 1.0e-4                 # precision threshold for the MRA operations
thr  = 1.0e-3                  # error threshold for SCF convergence

readPotential    = False        # bool
computePotential = True         # bool 
savePotential    = False         # bool
potential = "fermi_dirac"       # possible values: point_charge coulomb_HFYGB homogeneus_charge_sphere gaussian

readOrbitals     = False        # bool
saveOrbitals     = False         # bool
saveGuess        = False

scf              = True
ktrs             = False
D2               = True         # bool
two_electrons    = False         # bool

runGaunt         = False
runGaugeA        = False
runGaugeB        = False
runGaugeC        = False
runGaugeD        = False
runGaugeDelta    = False

molecule = [ ["Hg", 80, 0.0, 0.0, 0.0, 54, 54] ]

# With the paramenters I got from Robert, the error is (1) higher than
#  what he gets and (2) dominated by the width of the Gaussian
# I get a much better agreement with the ideal value IF the Gaussian
#  size is reduced by one order of magnitude 3e4->3e5 for Ar
# It seems the position of the nucleus is also important: I get bad
#  results from D2 if I move the nucleus
# Higher prec with off centered nucleus is too demanding for my laptop

**************************************
80 [0.0, 0.0, 0.0]
Fermi Dirac potential
Using Half Charge Radius for Hg: 0.00012485722724
Integral of the Fermi-Dirac distribution via cartesian 3D integration: 8.718057234103014
The normalization constant is: 9.176356366078739
Integral of the Fermi-Dirac distribution via 3D integration: 80.00000000000058
3D density

*FunctionTree: nn
  genNodes: 0
  square norm: 5.71427e+14
  root scale: 0
  order: 7
  nodes: 712
  endNodes: 624
  nodes per scale: 
    scale=0  nodes=8
    scale=1  nodes=64
    scale=2  nodes=64
    scale=3  nodes=64
    scale=4  nodes=64
    scale=5  nodes=64
    scale=6  nodes=64
    scale=7  nodes=64
    scale=8  nodes=64
    scale=9  nodes=64
    scale=10  nodes=64
    scale=11  nodes=64

3D potential

*FunctionTree: nn
  genNodes: 0
  square norm: 98223.4
  root scale: 0
  order: 7
  nodes: 840
  endNodes: 736
  nodes per scale: 
    scale=0  nodes=8
    scale=1  nodes=64
    scale=2  nodes=64
    scale=3  nodes=64
    scale=4  nodes=64
    scale=5  nodes=64
    scale=6  nodes=64
    scale=7  nodes=64
    scale=8  nodes=64
    scale=9  nodes=64
    scale=10  nodes=64
    scale=11  nodes=64
    scale=12  nodes=64
    scale=13  nodes=64

Potential

*FunctionTree: nn
  genNodes: 0
  square norm: 98223.4
  root scale: 0
  order: 7
  nodes: 840
  endNodes: 736
  nodes per scale: 
    scale=0  nodes=8
    scale=1  nodes=64
    scale=2  nodes=64
    scale=3  nodes=64
    scale=4  nodes=64
    scale=5  nodes=64
    scale=6  nodes=64
    scale=7  nodes=64
    scale=8  nodes=64
    scale=9  nodes=64
    scale=10  nodes=64
    scale=11  nodes=64
    scale=12  nodes=64
    scale=13  nodes=64

Number of Atoms =  1
[['Hg', 80, 0.0, 0.0, 0.0, 54, 54]]
Using derivative  BS
Hartree-Fock 1e D2
Classic-like energies: cke = 4200.291056727774 cpe = -7202.9731111874635 cke + cpe = -3002.6820544596894
mu = 77.49428436290884
Error = 0.04066790615768078
Delta E 3291.068228166929
Energy -3291.068228166929 0
Converged?  0.04066790615768078  >  0.001   ----   3291.068228166929  >  1e-05   ----  iteration 0
Classic-like energies: cke = 4454.754196430706 cpe = -7485.741767002411 cke + cpe = -3030.987570571705
mu = 77.8586869985836
Error = 0.04848635413091243
Delta E 34.35838697244526
Energy -3325.4266151393745 -3291.068228166929
Converged?  0.04848635413091243  >  0.001   ----   34.35838697244526  >  1e-05   ----  iteration 1
Classic-like energies: cke = 5015.1543519176885 cpe = -7974.809346480442 cke + cpe = -2959.654994562754
mu = 76.93705212136418
Error = 0.06851700571267766
Delta E 86.44087923981124
Energy -3238.985735899563 -3325.4266151393745
Converged?  0.06851700571267766  >  0.001   ----   86.44087923981124  >  1e-05   ----  iteration 2
Classic-like energies: cke = 5056.854936313421 cpe = -7800.660591998404 cke + cpe = -2743.8056556849833
mu = 74.07841326169161
Error = 0.09814384499508037
Delta E 258.68582035979944
Energy -2980.299915539764 -3238.985735899563
Converged?  0.09814384499508037  >  0.001   ----   258.68582035979944  >  1e-05   ----  iteration 3
Classic-like energies: cke = 5551.4472590605665 cpe = -7798.464162782756 cke + cpe = -2247.0169037221895
mu = 67.03755520187455
Error = 0.1380036506233306
Delta E 579.863305687848
Energy -2400.436609851916 -2980.299915539764
Converged?  0.1380036506233306  >  0.001   ----   579.863305687848  >  1e-05   ----  iteration 4
Classic-like energies: cke = 4668.489967903116 cpe = -6196.561423729282 cke + cpe = -1528.0714558261661
mu = 55.28239241975995
Error = 0.2126290563299891
Delta E 804.5537589941175
Energy -1595.8828508577983 -2400.436609851916
Converged?  0.2126290563299891  >  0.001   ----   804.5537589941175  >  1e-05   ----  iteration 5
Classic-like energies: cke = 4095.5212687369517 cpe = -5112.74568018996 cke + cpe = -1017.2244114530081
mu = 45.10486473658929
Error = 0.225172718037838
Delta E 549.5058572533953
Energy -1046.376993604403 -1595.8828508577983
Converged?  0.225172718037838  >  0.001   ----   549.5058572533953  >  1e-05   ----  iteration 6
Classic-like energies: cke = 2427.9337532223008 cpe = -3525.416701051928 cke + cpe = -1097.4829478296274
mu = 46.850463131747745
Error = 0.20069866163248815
Delta E 85.19919314927938
Energy -1131.5761867536824 -1046.376993604403
Converged?  0.20069866163248815  >  0.001   ----   85.19919314927938  >  1e-05   ----  iteration 7
Classic-like energies: cke = 2274.362077321089 cpe = -3319.0932198244473 cke + cpe = -1044.7311425033581
mu = 45.71063645374801
Error = 0.1826513187038115
Delta E 56.04535066726453
Energy -1075.5308360864178 -1131.5761867536824
Converged?  0.1826513187038115  >  0.001   ----   56.04535066726453  >  1e-05   ----  iteration 8
Classic-like energies: cke = 1764.8922642703214 cpe = -2821.070282565872 cke + cpe = -1056.1780182955504
mu = 45.960374635016855
Error = 0.18895256035195201
Delta E 12.146474871133933
Energy -1087.6773109575518 -1075.5308360864178
Converged?  0.18895256035195201  >  0.001   ----   12.146474871133933  >  1e-05   ----  iteration 9
Classic-like energies: cke = 1845.2486294063215 cpe = -2896.1781476046976 cke + cpe = -1050.9295181983762
mu = 45.8460362124879
Error = 0.18358999877287113
Delta E 5.570307789713979
Energy -1082.1070031678378 -1087.6773109575518
Converged?  0.18358999877287113  >  0.001   ----   5.570307789713979  >  1e-05   ----  iteration 10
Classic-like energies: cke = 1573.929613824258 cpe = -2625.4122973961703 cke + cpe = -1051.4826835719123
mu = 45.85810034381957
Error = 0.11448056001103578
Delta E 0.5869996163366977
Energy -1082.6940027841745 -1082.1070031678378
Converged?  0.11448056001103578  >  0.001   ----   0.5869996163366977  >  1e-05   ----  iteration 11
Classic-like energies: cke = 1198.256443039843 cpe = -3517.574366275231 cke + cpe = -2319.317923235388
mu = 68.10753149594233
Error = 0.08476119848287687
Delta E 1400.8509830858563
Energy -2483.544985870031 -1082.6940027841745
Converged?  0.08476119848287687  >  0.001   ----   1400.8509830858563  >  1e-05   ----  iteration 12
Classic-like energies: cke = 1418.939679591249 cpe = -3930.6721969690866 cke + cpe = -2511.7325173778377
mu = 70.8764067568022
Error = 0.07021088817236804
Delta E 223.26977180720996
Energy -2706.814757677241 -2483.544985870031
Converged?  0.07021088817236804  >  0.001   ----   223.26977180720996  >  1e-05   ----  iteration 13
Classic-like energies: cke = 1722.566936640676 cpe = -4359.091940771891 cke + cpe = -2636.525004131215
mu = 72.61576969407149
Error = 0.06250553650700005
Delta E 146.47720802228605
Energy -2853.291965699527 -2706.814757677241
Converged?  0.06250553650700005  >  0.001   ----   146.47720802228605  >  1e-05   ----  iteration 14
Classic-like energies: cke = 2030.4543487218918, cpe = -4767.7501670313, cke + cpe = -2737.295818309409
Exact Energy = -3532.192093162126
Dirac Energy = -3052.8357863595793
Kutze Energy = -2972.5639323158007
Error Kutze  = 559.628160846325
Error Dirac  = 479.3563068025469
Delta Energy = -119.27196661627386
Dirac - Kutzelnigg = -80.27185404377815

PARAMETERS:
molecule    = [['Hg', 80, 0.0, 0.0, 0.0, 54, 54]]
D2          = True
prec        = 4
derivative  = BS
box         = 1

-------------------------------
Hg 1 1 4 BS 1
-------------------------------
Now executing: python test.py Input_Making/input__Hg114PH.txt
Input file: Input_Making/input__Hg114PH.txt
Output file: outputs/output__Hg114PH.txt
light_speed = 137.03599913900001  # default 137.03599913900001
derivative = "PH"         # possible values: PH, ABGV, BS
order = 7
box = 1
prec = 1.0e-4                 # precision threshold for the MRA operations
thr  = 1.0e-3                  # error threshold for SCF convergence

readPotential    = False        # bool
computePotential = True         # bool 
savePotential    = False         # bool
potential = "fermi_dirac"       # possible values: point_charge coulomb_HFYGB homogeneus_charge_sphere gaussian

readOrbitals     = False        # bool
saveOrbitals     = False         # bool
saveGuess        = False

scf              = True
ktrs             = False
D2               = True         # bool
two_electrons    = False         # bool

runGaunt         = False
runGaugeA        = False
runGaugeB        = False
runGaugeC        = False
runGaugeD        = False
runGaugeDelta    = False

molecule = [ ["Hg", 80, 0.0, 0.0, 0.0, 54, 54] ]

# With the paramenters I got from Robert, the error is (1) higher than
#  what he gets and (2) dominated by the width of the Gaussian
# I get a much better agreement with the ideal value IF the Gaussian
#  size is reduced by one order of magnitude 3e4->3e5 for Ar
# It seems the position of the nucleus is also important: I get bad
#  results from D2 if I move the nucleus
# Higher prec with off centered nucleus is too demanding for my laptop

**************************************
80 [0.0, 0.0, 0.0]
Fermi Dirac potential
Using Half Charge Radius for Hg: 0.00012485722724
Integral of the Fermi-Dirac distribution via cartesian 3D integration: 8.718057234103014
The normalization constant is: 9.176356366078739
Integral of the Fermi-Dirac distribution via 3D integration: 80.00000000000058
3D density

*FunctionTree: nn
  genNodes: 0
  square norm: 5.71427e+14
  root scale: 0
  order: 7
  nodes: 712
  endNodes: 624
  nodes per scale: 
    scale=0  nodes=8
    scale=1  nodes=64
    scale=2  nodes=64
    scale=3  nodes=64
    scale=4  nodes=64
    scale=5  nodes=64
    scale=6  nodes=64
    scale=7  nodes=64
    scale=8  nodes=64
    scale=9  nodes=64
    scale=10  nodes=64
    scale=11  nodes=64

3D potential

*FunctionTree: nn
  genNodes: 0
  square norm: 98223.4
  root scale: 0
  order: 7
  nodes: 840
  endNodes: 736
  nodes per scale: 
    scale=0  nodes=8
    scale=1  nodes=64
    scale=2  nodes=64
    scale=3  nodes=64
    scale=4  nodes=64
    scale=5  nodes=64
    scale=6  nodes=64
    scale=7  nodes=64
    scale=8  nodes=64
    scale=9  nodes=64
    scale=10  nodes=64
    scale=11  nodes=64
    scale=12  nodes=64
    scale=13  nodes=64

Potential

*FunctionTree: nn
  genNodes: 0
  square norm: 98223.4
  root scale: 0
  order: 7
  nodes: 840
  endNodes: 736
  nodes per scale: 
    scale=0  nodes=8
    scale=1  nodes=64
    scale=2  nodes=64
    scale=3  nodes=64
    scale=4  nodes=64
    scale=5  nodes=64
    scale=6  nodes=64
    scale=7  nodes=64
    scale=8  nodes=64
    scale=9  nodes=64
    scale=10  nodes=64
    scale=11  nodes=64
    scale=12  nodes=64
    scale=13  nodes=64

Number of Atoms =  1
[['Hg', 80, 0.0, 0.0, 0.0, 54, 54]]
Using derivative  PH
Hartree-Fock 1e D2
Classic-like energies: cke = 4200.291056727774 cpe = -7191.530213920512 cke + cpe = -2991.2391571927383
mu = 77.34648223665687
Error = 0.0394016145561004
Delta E 3277.1999897089563
Energy -3277.1999897089563 0
Converged?  0.0394016145561004  >  0.001   ----   3277.1999897089563  >  1e-05   ----  iteration 0
Classic-like energies: cke = 4425.8708320203805 cpe = -7465.298968713449 cke + cpe = -3039.428136693068
mu = 77.96702042136877
Error = 0.047050740574787045
Delta E 58.486923787315845
Energy -3335.686913496272 -3277.1999897089563
Converged?  0.047050740574787045  >  0.001   ----   58.486923787315845  >  1e-05   ----  iteration 1
Classic-like energies: cke = 4975.424940268307 cpe = -7964.989389467077 cke + cpe = -2989.5644491987696
mu = 77.32482717987503
Error = 0.06520303799056582
Delta E 60.515548301671515
Energy -3275.1713651946006 -3335.686913496272
Converged?  0.06520303799056582  >  0.001   ----   60.515548301671515  >  1e-05   ----  iteration 2
Classic-like energies: cke = 5055.963601911474 cpe = -7875.941035860036 cke + cpe = -2819.977433948562
mu = 75.09963294116106
Error = 0.09108636894971744
Delta E 204.06940287883617
Energy -3071.1019623157645 -3275.1713651946006
Converged?  0.09108636894971744  >  0.001   ----   204.06940287883617  >  1e-05   ----  iteration 3
Classic-like energies: cke = 5572.592624007866 cpe = -7978.534695606309 cke + cpe = -2405.9420715984425
mu = 69.3677456978161
Error = 0.12774035415389923
Delta E 487.42291335772916
Energy -2583.6790489580353 -3071.1019623157645
Converged?  0.12774035415389923  >  0.001   ----   487.42291335772916  >  1e-05   ----  iteration 4
Classic-like energies: cke = 4856.56851746846 cpe = -6584.067071521111 cke + cpe = -1727.4985540526504
mu = 58.779223439114105
Error = 0.19605652953537847
Delta E 768.447104122173
Energy -1815.2319448358624 -2583.6790489580353
Converged?  0.19605652953537847  >  0.001   ----   768.447104122173  >  1e-05   ----  iteration 5
Classic-like energies: cke = 4490.2955176224405 cpe = -5558.659104704296 cke + cpe = -1068.3635870818553
mu = 46.224746339636205
Error = 0.2302107551569614
Delta E 714.6151483950919
Energy -1100.6167964407705 -1815.2319448358624
Converged?  0.2302107551569614  >  0.001   ----   714.6151483950919  >  1e-05   ----  iteration 6
Classic-like energies: cke = 2642.6788678281837 cpe = -3730.5360212289434 cke + cpe = -1087.8571534007597
mu = 46.64455280953521
Error = 0.20927842617805525
Delta E 20.719343431327843
Energy -1121.3361398720983 -1100.6167964407705
Converged?  0.20927842617805525  >  0.001   ----   20.719343431327843  >  1e-05   ----  iteration 7
Classic-like energies: cke = 2375.558241512934 cpe = -3426.426946814012 cke + cpe = -1050.868705301078
mu = 45.844709734081164
Error = 0.18387268646867208
Delta E 39.2936680216053
Energy -1082.042471850493 -1121.3361398720983
Converged?  0.18387268646867208  >  0.001   ----   39.2936680216053  >  1e-05   ----  iteration 8
Classic-like energies: cke = 1815.0079061850674 cpe = -2870.773566620635 cke + cpe = -1055.7656604355675
mu = 45.95140172912177
Error = 0.19043923121067804
Delta E 5.197134362405222
Energy -1087.2396062128983 -1082.042471850493
Converged?  0.19043923121067804  >  0.001   ----   5.197134362405222  >  1e-05   ----  iteration 9
Classic-like energies: cke = 1875.2411207822724 cpe = -2926.6151280892423 cke + cpe = -1051.3740073069698
mu = 45.855730444666776
Error = 0.18361867910981491
Delta E 4.660928391285552
Energy -1082.5786778216127 -1087.2396062128983
Converged?  0.18361867910981491  >  0.001   ----   4.660928391285552  >  1e-05   ----  iteration 10
Classic-like energies: cke = 1588.8414382721687 cpe = -2640.380286106162 cke + cpe = -1051.5388478339935
mu = 45.85932506773281
Error = 0.11471869669283392
Delta E 0.1749255886827541
Energy -1082.7536034102955 -1082.5786778216127
Converged?  0.11471869669283392  >  0.001   ----   0.1749255886827541  >  1e-05   ----  iteration 11
Classic-like energies: cke = 1208.2201866077185 cpe = -3532.7756051356955 cke + cpe = -2324.555418527977
mu = 68.18438851420429
Error = 0.084546790302594
Delta E 1406.8282346784554
Energy -2489.581838088751 -1082.7536034102955
Converged?  0.084546790302594  >  0.001   ----   1406.8282346784554  >  1e-05   ----  iteration 12
Classic-like energies: cke = 1429.8930623169445 cpe = -3946.518282749333 cke + cpe = -2516.6252204323887
mu = 70.94540464938358
Error = 0.06998300199027435
Delta E 222.95065658965814
Energy -2712.532494678409 -2489.581838088751
Converged?  0.06998300199027435  >  0.001   ----   222.95065658965814  >  1e-05   ----  iteration 13
Classic-like energies: cke = 1734.7077106423853 cpe = -4375.5571582295115 cke + cpe = -2640.849447587126
mu = 72.67529769580756
Error = 0.06228070065350134
Delta E 145.8595163927098
Energy -2858.3920110711188 -2712.532494678409
Converged?  0.06228070065350134  >  0.001   ----   145.8595163927098  >  1e-05   ----  iteration 14
Classic-like energies: cke = 2043.429719015092, cpe = -4784.505388568274, cke + cpe = -2741.075669553182
Exact Energy = -3532.192093162126
Dirac Energy = -3056.975793453963
Kutze Energy = -2977.0552678868376
Error Kutze  = 555.1368252752873
Error Dirac  = 475.2162997081632
Delta Energy = -118.6632568157188
Dirac - Kutzelnigg = -79.92052556712588

PARAMETERS:
molecule    = [['Hg', 80, 0.0, 0.0, 0.0, 54, 54]]
D2          = True
prec        = 4
derivative  = PH
box         = 1

-------------------------------
Hg 1 1 4 PH 1
-------------------------------
Now executing: python test.py Input_Making/input__Hg115ABGV.txt
Input file: Input_Making/input__Hg115ABGV.txt
Output file: outputs/output__Hg115ABGV.txt
light_speed = 137.03599913900001  # default 137.03599913900001
derivative = "ABGV"         # possible values: PH, ABGV, BS
order = 8
box = 1
prec = 1.0e-5                 # precision threshold for the MRA operations
thr  = 1.0e-4                  # error threshold for SCF convergence

readPotential    = False        # bool
computePotential = True         # bool 
savePotential    = False         # bool
potential = "fermi_dirac"       # possible values: point_charge coulomb_HFYGB homogeneus_charge_sphere gaussian

readOrbitals     = False        # bool
saveOrbitals     = False         # bool
saveGuess        = False

scf              = True
ktrs             = False
D2               = True         # bool
two_electrons    = False         # bool

runGaunt         = False
runGaugeA        = False
runGaugeB        = False
runGaugeC        = False
runGaugeD        = False
runGaugeDelta    = False

molecule = [ ["Hg", 80, 0.0, 0.0, 0.0, 54, 54] ]

# With the paramenters I got from Robert, the error is (1) higher than
#  what he gets and (2) dominated by the width of the Gaussian
# I get a much better agreement with the ideal value IF the Gaussian
#  size is reduced by one order of magnitude 3e4->3e5 for Ar
# It seems the position of the nucleus is also important: I get bad
#  results from D2 if I move the nucleus
# Higher prec with off centered nucleus is too demanding for my laptop

**************************************
80 [0.0, 0.0, 0.0]
Fermi Dirac potential
Using Half Charge Radius for Hg: 0.00012485722724
Integral of the Fermi-Dirac distribution via cartesian 3D integration: 8.635336356041519
The normalization constant is: 9.26425986221484
Integral of the Fermi-Dirac distribution via 3D integration: 80.00000000000004
3D density

*FunctionTree: nn
  genNodes: 0
  square norm: 5.68278e+14
  root scale: 0
  order: 8
  nodes: 712
  endNodes: 624
  nodes per scale: 
    scale=0  nodes=8
    scale=1  nodes=64
    scale=2  nodes=64
    scale=3  nodes=64
    scale=4  nodes=64
    scale=5  nodes=64
    scale=6  nodes=64
    scale=7  nodes=64
    scale=8  nodes=64
    scale=9  nodes=64
    scale=10  nodes=64
    scale=11  nodes=64

3D potential

*FunctionTree: nn
  genNodes: 0
  square norm: 98223.3
  root scale: 0
  order: 8
  nodes: 904
  endNodes: 792
  nodes per scale: 
    scale=0  nodes=8
    scale=1  nodes=64
    scale=2  nodes=64
    scale=3  nodes=64
    scale=4  nodes=64
    scale=5  nodes=64
    scale=6  nodes=64
    scale=7  nodes=64
    scale=8  nodes=64
    scale=9  nodes=64
    scale=10  nodes=64
    scale=11  nodes=64
    scale=12  nodes=64
    scale=13  nodes=64
    scale=14  nodes=64

Potential

*FunctionTree: nn
  genNodes: 0
  square norm: 98223.3
  root scale: 0
  order: 8
  nodes: 904
  endNodes: 792
  nodes per scale: 
    scale=0  nodes=8
    scale=1  nodes=64
    scale=2  nodes=64
    scale=3  nodes=64
    scale=4  nodes=64
    scale=5  nodes=64
    scale=6  nodes=64
    scale=7  nodes=64
    scale=8  nodes=64
    scale=9  nodes=64
    scale=10  nodes=64
    scale=11  nodes=64
    scale=12  nodes=64
    scale=13  nodes=64
    scale=14  nodes=64

Number of Atoms =  1
[['Hg', 80, 0.0, 0.0, 0.0, 54, 54]]
Using derivative  ABGV
Hartree-Fock 1e D2
Classic-like energies: cke = 4203.404422680721 cpe = -7221.752428770623 cke + cpe = -3018.348006089902
mu = 77.69617759053403
Error = 0.04260901078756595
Delta E 3310.0747672609396
Energy -3310.0747672609396 0
Converged?  0.04260901078756595  >  0.0001   ----   3310.0747672609396  >  1.0000000000000002e-06   ----  iteration 0
Classic-like energies: cke = 4501.943412524686 cpe = -7515.1499814441795 cke + cpe = -3013.2065689194933
mu = 77.62997576863583
Error = 0.05091645390650665
Delta E 6.240364109837628
Energy -3303.834403151102 -3310.0747672609396
Converged?  0.05091645390650665  >  0.0001   ----   6.240364109837628  >  1.0000000000000002e-06   ----  iteration 1
Classic-like energies: cke = 5082.939260580529 cpe = -7978.948147440598 cke + cpe = -2896.0088868600697
mu = 76.10530713242106
Error = 0.07404163839106728
Delta E 141.571174019733
Energy -3162.263229131369 -3303.834403151102
Converged?  0.07404163839106728  >  0.0001   ----   141.571174019733  >  1.0000000000000002e-06   ----  iteration 2
Classic-like energies: cke = 5048.55177931315 cpe = -7640.554942390234 cke + cpe = -2592.0031630770836
mu = 72.00004393161277
Error = 0.11060624927267297
Delta E 361.3835763303432
Energy -2800.8796528010257 -3162.263229131369
Converged?  0.11060624927267297  >  0.0001   ----   361.3835763303432  >  1.0000000000000002e-06   ----  iteration 3
Classic-like energies: cke = 5474.630715307724 cpe = -7436.803586850305 cke + cpe = -1962.1728715425807
mu = 62.64459867446803
Error = 0.15599740074223842
Delta E 723.8412528856247
Energy -2077.038399915401 -2800.8796528010257
Converged?  0.15599740074223842  >  0.0001   ----   723.8412528856247  >  1.0000000000000002e-06   ----  iteration 4
Classic-like energies: cke = 4292.689498174238 cpe = -5553.2864296610305 cke + cpe = -1260.5969314867925
mu = 50.21149134385061
Error = 0.23448291077764705
Delta E 771.0269591388469
Energy -1306.011440776554 -2077.038399915401
Converged?  0.23448291077764705  >  0.0001   ----   771.0269591388469  >  1.0000000000000002e-06   ----  iteration 5
Classic-like energies: cke = 3473.6018793270205 cpe = -4503.404721020877 cke + cpe = -1029.8028416938569
mu = 45.3828787472513
Error = 0.2037542534978394
Delta E 246.30876889590058
Energy -1059.7026718806535 -1306.011440776554
Converged?  0.2037542534978394  >  0.0001   ----   246.30876889590058  >  1.0000000000000002e-06   ----  iteration 6
Classic-like energies: cke = 2223.451538135031 cpe = -3303.470173576427 cke + cpe = -1080.0186354413959
mu = 46.47620112361586
Error = 0.19510265907629842
Delta E 53.299134170736124
Energy -1113.0018060513896 -1059.7026718806535
Converged?  0.19510265907629842  >  0.0001   ----   53.299134170736124  >  1.0000000000000002e-06   ----  iteration 7
Classic-like energies: cke = 2139.4472863317005 cpe = -3187.6264492391583 cke + cpe = -1048.1791629074578
mu = 45.78600578577384
Error = 0.18042454996218196
Delta E 33.81309404726176
Energy -1079.1887120041279 -1113.0018060513896
Converged?  0.18042454996218196  >  0.0001   ----   33.81309404726176  >  1.0000000000000002e-06   ----  iteration 8
Classic-like energies: cke = 1709.1670492866328 cpe = -2763.2507515713796 cke + cpe = -1054.0837022847468
mu = 45.91478416119903
Error = 0.1872043573491076
Delta E 6.265661319620449
Energy -1085.4543733237483 -1079.1887120041279
Converged?  0.1872043573491076  >  0.0001   ----   6.265661319620449  >  1.0000000000000002e-06   ----  iteration 9
Classic-like energies: cke = 1808.4586227518087 cpe = -2859.533167756199 cke + cpe = -1051.0745450043903
mu = 45.849199447850566
Error = 0.1833265872637182
Delta E 3.193474699276294
Energy -1082.260898624472 -1085.4543733237483
Converged?  0.1833265872637182  >  0.0001   ----   3.193474699276294  >  1.0000000000000002e-06   ----  iteration 10
Classic-like energies: cke = 1556.239303178134 cpe = -2607.462650646461 cke + cpe = -1051.2233474683271
mu = 45.852444808719355
Error = 0.11408646799305941
Delta E 0.15790339390264307
Energy -1082.4188020183747 -1082.260898624472
Converged?  0.11408646799305941  >  0.0001   ----   0.15790339390264307  >  1.0000000000000002e-06   ----  iteration 11
Classic-like energies: cke = 1186.2518152250257 cpe = -3499.1701059366897 cke + cpe = -2312.9182907116638
mu = 68.01350293451534
Error = 0.08502058800331058
Delta E 1393.7528611978823
Energy -2476.171663216257 -1082.4188020183747
Converged?  0.08502058800331058  >  0.0001   ----   1393.7528611978823  >  1.0000000000000002e-06   ----  iteration 12
Classic-like energies: cke = 1405.7097417818213 cpe = -3911.6000535512503 cke + cpe = -2505.890311769429
mu = 70.79393069705098
Error = 0.07049285855199798
Delta E 223.8184080931701
Energy -2699.990071309427 -2476.171663216257
Converged?  0.07049285855199798  >  0.0001   ----   223.8184080931701  >  1.0000000000000002e-06   ----  iteration 13
Classic-like energies: cke = 1708.164691578103 cpe = -4339.512549955369 cke + cpe = -2631.3478583772658
mu = 72.54443959914869
Error = 0.06279153452902599
Delta E 147.1983592543029
Energy -2847.18843056373 -2699.990071309427
Converged?  0.06279153452902599  >  0.0001   ----   147.1983592543029  >  1.0000000000000002e-06   ----  iteration 14
Classic-like energies: cke = 2015.1026050977057, cpe = -4748.201553098996, cke + cpe = -2733.09894800129
Exact Energy = -3532.192093162126
Dirac Energy = -3047.845612523348
Kutze Energy = -2967.5785765600244
Error Kutze  = 564.6135166021013
Error Dirac  = 484.3464806387783
Delta Energy = -120.39014599629445
Dirac - Kutzelnigg = -80.267035963323

PARAMETERS:
molecule    = [['Hg', 80, 0.0, 0.0, 0.0, 54, 54]]
D2          = True
prec        = 5
derivative  = ABGV
box         = 1

-------------------------------
Hg 1 1 5 ABGV 1
-------------------------------
Now executing: python test.py Input_Making/input__Hg115BS.txt
Input file: Input_Making/input__Hg115BS.txt
Output file: outputs/output__Hg115BS.txt
light_speed = 137.03599913900001  # default 137.03599913900001
derivative = "BS"         # possible values: PH, ABGV, BS
order = 8
box = 1
prec = 1.0e-5                 # precision threshold for the MRA operations
thr  = 1.0e-4                  # error threshold for SCF convergence

readPotential    = False        # bool
computePotential = True         # bool 
savePotential    = False         # bool
potential = "fermi_dirac"       # possible values: point_charge coulomb_HFYGB homogeneus_charge_sphere gaussian

readOrbitals     = False        # bool
saveOrbitals     = False         # bool
saveGuess        = False

scf              = True
ktrs             = False
D2               = True         # bool
two_electrons    = False         # bool

runGaunt         = False
runGaugeA        = False
runGaugeB        = False
runGaugeC        = False
runGaugeD        = False
runGaugeDelta    = False

molecule = [ ["Hg", 80, 0.0, 0.0, 0.0, 54, 54] ]

# With the paramenters I got from Robert, the error is (1) higher than
#  what he gets and (2) dominated by the width of the Gaussian
# I get a much better agreement with the ideal value IF the Gaussian
#  size is reduced by one order of magnitude 3e4->3e5 for Ar
# It seems the position of the nucleus is also important: I get bad
#  results from D2 if I move the nucleus
# Higher prec with off centered nucleus is too demanding for my laptop

**************************************
80 [0.0, 0.0, 0.0]
Fermi Dirac potential
Using Half Charge Radius for Hg: 0.00012485722724
Integral of the Fermi-Dirac distribution via cartesian 3D integration: 8.635336356041519
The normalization constant is: 9.26425986221484
Integral of the Fermi-Dirac distribution via 3D integration: 80.00000000000004
3D density

*FunctionTree: nn
  genNodes: 0
  square norm: 5.68278e+14
  root scale: 0
  order: 8
  nodes: 712
  endNodes: 624
  nodes per scale: 
    scale=0  nodes=8
    scale=1  nodes=64
    scale=2  nodes=64
    scale=3  nodes=64
    scale=4  nodes=64
    scale=5  nodes=64
    scale=6  nodes=64
    scale=7  nodes=64
    scale=8  nodes=64
    scale=9  nodes=64
    scale=10  nodes=64
    scale=11  nodes=64

3D potential

*FunctionTree: nn
  genNodes: 0
  square norm: 98223.3
  root scale: 0
  order: 8
  nodes: 904
  endNodes: 792
  nodes per scale: 
    scale=0  nodes=8
    scale=1  nodes=64
    scale=2  nodes=64
    scale=3  nodes=64
    scale=4  nodes=64
    scale=5  nodes=64
    scale=6  nodes=64
    scale=7  nodes=64
    scale=8  nodes=64
    scale=9  nodes=64
    scale=10  nodes=64
    scale=11  nodes=64
    scale=12  nodes=64
    scale=13  nodes=64
    scale=14  nodes=64

Potential

*FunctionTree: nn
  genNodes: 0
  square norm: 98223.3
  root scale: 0
  order: 8
  nodes: 904
  endNodes: 792
  nodes per scale: 
    scale=0  nodes=8
    scale=1  nodes=64
    scale=2  nodes=64
    scale=3  nodes=64
    scale=4  nodes=64
    scale=5  nodes=64
    scale=6  nodes=64
    scale=7  nodes=64
    scale=8  nodes=64
    scale=9  nodes=64
    scale=10  nodes=64
    scale=11  nodes=64
    scale=12  nodes=64
    scale=13  nodes=64
    scale=14  nodes=64

Number of Atoms =  1
[['Hg', 80, 0.0, 0.0, 0.0, 54, 54]]
Using derivative  BS
Hartree-Fock 1e D2
Classic-like energies: cke = 4203.404422680721 cpe = -7221.6503976368 cke + cpe = -3018.2459749560794
mu = 77.69486437282814
Error = 0.04259743706845388
Delta E 3309.9509035853334
Energy -3309.9509035853334 0
Converged?  0.04259743706845388  >  0.0001   ----   3309.9509035853334  >  1.0000000000000002e-06   ----  iteration 0
Classic-like energies: cke = 4502.946771058478 cpe = -7514.796748173048 cke + cpe = -3011.8499771145707
mu = 77.61249869852884
Error = 0.05090244726366378
Delta E 7.762629617453058
Energy -3302.1882739678804 -3309.9509035853334
Converged?  0.05090244726366378  >  0.0001   ----   7.762629617453058  >  1.0000000000000002e-06   ----  iteration 1
Classic-like energies: cke = 5084.18469440848 cpe = -7976.784182921776 cke + cpe = -2892.599488513296
mu = 76.06049550868435
Error = 0.07411875726291411
Delta E 144.02428680290086
Energy -3158.1639871649795 -3302.1882739678804
Converged?  0.07411875726291411  >  0.0001   ----   144.02428680290086  >  1.0000000000000002e-06   ----  iteration 2
Classic-like energies: cke = 5047.024916826247 cpe = -7631.151905701676 cke + cpe = -2584.1269888754287
mu = 71.89056946325337
Error = 0.11098925690391433
Delta E 366.5384918211371
Energy -2791.6254953438424 -3158.1639871649795
Converged?  0.11098925690391433  >  0.0001   ----   366.5384918211371  >  1.0000000000000002e-06   ----  iteration 3
Classic-like energies: cke = 5468.797941948358 cpe = -7417.102262850995 cke + cpe = -1948.3043209026373
mu = 62.42282148225338
Error = 0.15665986654958006
Delta E 730.173066059253
Energy -2061.4524292845895 -2791.6254953438424
Converged?  0.15665986654958006  >  0.0001   ----   730.173066059253  >  1.0000000000000002e-06   ----  iteration 4
Classic-like energies: cke = 4273.128621016779 cpe = -5523.405328134657 cke + cpe = -1250.2767071178778
mu = 50.00553383612413
Error = 0.23508388233411537
Delta E 766.5290816226693
Energy -1294.9233476619202 -2061.4524292845895
Converged?  0.23508388233411537  >  0.0001   ----   766.5290816226693  >  1.0000000000000002e-06   ----  iteration 5
Classic-like energies: cke = 3446.5073100794407 cpe = -4478.501200448811 cke + cpe = -1031.99389036937
mu = 45.431132285457515
Error = 0.20249913992492208
Delta E 232.898438256173
Energy -1062.0249094057472 -1294.9233476619202
Converged?  0.20249913992492208  >  0.0001   ----   232.898438256173  >  1.0000000000000002e-06   ----  iteration 6
Classic-like energies: cke = 2216.496494186781 cpe = -3295.2768009442357 cke + cpe = -1078.7803067574546
mu = 46.44954912068479
Error = 0.1948292115735879
Delta E 49.66059861926624
Energy -1111.6855080250134 -1062.0249094057472
Converged?  0.1948292115735879  >  0.0001   ----   49.66059861926624  >  1.0000000000000002e-06   ----  iteration 7
Classic-like energies: cke = 2133.9558442497096 cpe = -3182.480345115713 cke + cpe = -1048.5245008660036
mu = 45.79354759932896
Error = 0.18022050364932915
Delta E 32.13039824502971
Energy -1079.5551097799837 -1111.6855080250134
Converged?  0.18022050364932915  >  0.0001   ----   32.13039824502971  >  1.0000000000000002e-06   ----  iteration 8
Classic-like energies: cke = 1707.0925308629267 cpe = -2761.062428001827 cke + cpe = -1053.9698971389003
mu = 45.912305477701736
Error = 0.18705483800327277
Delta E 5.778477098453095
Energy -1085.3335868784368 -1079.5551097799837
Converged?  0.18705483800327277  >  0.0001   ----   5.778477098453095  >  1.0000000000000002e-06   ----  iteration 9
Classic-like energies: cke = 1807.020907142638 cpe = -2858.115599891305 cke + cpe = -1051.094692748667
mu = 45.84963888077347
Error = 0.18325061763841569
Delta E 3.05130833292651
Energy -1082.2822785455103 -1085.3335868784368
Converged?  0.18325061763841569  >  0.0001   ----   3.05130833292651  >  1.0000000000000002e-06   ----  iteration 10
Classic-like energies: cke = 1555.5689482768043 cpe = -2606.782092811467 cke + cpe = -1051.2131445346627
mu = 45.85222229150214
Error = 0.11404183941972501
Delta E 0.12569647104237447
Energy -1082.4079750165527 -1082.2822785455103
Converged?  0.11404183941972501  >  0.0001   ----   0.12569647104237447  >  1.0000000000000002e-06   ----  iteration 11
Classic-like energies: cke = 1185.7833666347326 cpe = -3498.450466035828 cke + cpe = -2312.6670994010956
mu = 68.00980957775276
Error = 0.08502989526054848
Delta E 1393.4743466932816
Energy -2475.8823217098343 -1082.4079750165527
Converged?  0.08502989526054848  >  0.0001   ----   1393.4743466932816  >  1.0000000000000002e-06   ----  iteration 12
Classic-like energies: cke = 1405.1926862146024 cpe = -3910.8471859966085 cke + cpe = -2505.654499782006
mu = 70.79059965534981
Error = 0.07050340924502485
Delta E 223.8323420496381
Energy -2699.7146637594724 -2475.8823217098343
Converged?  0.07050340924502485  >  0.0001   ----   223.8323420496381  >  1.0000000000000002e-06   ----  iteration 13
Classic-like energies: cke = 1707.5896016685122 cpe = -4338.72777070657 cke + cpe = -2631.1381690380576
mu = 72.54154904657133
Error = 0.06280207396975639
Delta E 147.22660529372115
Energy -2846.9412690531935 -2699.7146637594724
Converged?  0.06280207396975639  >  0.0001   ----   147.22660529372115  >  1.0000000000000002e-06   ----  iteration 14
Classic-like energies: cke = 2014.485013106023, cpe = -4747.400040147281, cke + cpe = -2732.9150270412583
Exact Energy = -3532.192093162126
Dirac Energy = -3047.650096772628
Kutze Energy = -2967.3601374699488
Error Kutze  = 564.8319556921779
Error Dirac  = 484.5419963894983
Delta Energy = -120.41886841675523
Dirac - Kutzelnigg = -80.28995930267774

PARAMETERS:
molecule    = [['Hg', 80, 0.0, 0.0, 0.0, 54, 54]]
D2          = True
prec        = 5
derivative  = BS
box         = 1

-------------------------------
Hg 1 1 5 BS 1
-------------------------------
Now executing: python test.py Input_Making/input__Hg115PH.txt
Input file: Input_Making/input__Hg115PH.txt
Output file: outputs/output__Hg115PH.txt
light_speed = 137.03599913900001  # default 137.03599913900001
derivative = "PH"         # possible values: PH, ABGV, BS
order = 8
box = 1
prec = 1.0e-5                 # precision threshold for the MRA operations
thr  = 1.0e-4                  # error threshold for SCF convergence

readPotential    = False        # bool
computePotential = True         # bool 
savePotential    = False         # bool
potential = "fermi_dirac"       # possible values: point_charge coulomb_HFYGB homogeneus_charge_sphere gaussian

readOrbitals     = False        # bool
saveOrbitals     = False         # bool
saveGuess        = False

scf              = True
ktrs             = False
D2               = True         # bool
two_electrons    = False         # bool

runGaunt         = False
runGaugeA        = False
runGaugeB        = False
runGaugeC        = False
runGaugeD        = False
runGaugeDelta    = False

molecule = [ ["Hg", 80, 0.0, 0.0, 0.0, 54, 54] ]

# With the paramenters I got from Robert, the error is (1) higher than
#  what he gets and (2) dominated by the width of the Gaussian
# I get a much better agreement with the ideal value IF the Gaussian
#  size is reduced by one order of magnitude 3e4->3e5 for Ar
# It seems the position of the nucleus is also important: I get bad
#  results from D2 if I move the nucleus
# Higher prec with off centered nucleus is too demanding for my laptop

**************************************
80 [0.0, 0.0, 0.0]
Fermi Dirac potential
Using Half Charge Radius for Hg: 0.00012485722724
Integral of the Fermi-Dirac distribution via cartesian 3D integration: 8.635336356041519
The normalization constant is: 9.26425986221484
Integral of the Fermi-Dirac distribution via 3D integration: 80.00000000000004
3D density

*FunctionTree: nn
  genNodes: 0
  square norm: 5.68278e+14
  root scale: 0
  order: 8
  nodes: 712
  endNodes: 624
  nodes per scale: 
    scale=0  nodes=8
    scale=1  nodes=64
    scale=2  nodes=64
    scale=3  nodes=64
    scale=4  nodes=64
    scale=5  nodes=64
    scale=6  nodes=64
    scale=7  nodes=64
    scale=8  nodes=64
    scale=9  nodes=64
    scale=10  nodes=64
    scale=11  nodes=64

3D potential

*FunctionTree: nn
  genNodes: 0
  square norm: 98223.3
  root scale: 0
  order: 8
  nodes: 904
  endNodes: 792
  nodes per scale: 
    scale=0  nodes=8
    scale=1  nodes=64
    scale=2  nodes=64
    scale=3  nodes=64
    scale=4  nodes=64
    scale=5  nodes=64
    scale=6  nodes=64
    scale=7  nodes=64
    scale=8  nodes=64
    scale=9  nodes=64
    scale=10  nodes=64
    scale=11  nodes=64
    scale=12  nodes=64
    scale=13  nodes=64
    scale=14  nodes=64

Potential

*FunctionTree: nn
  genNodes: 0
  square norm: 98223.3
  root scale: 0
  order: 8
  nodes: 904
  endNodes: 792
  nodes per scale: 
    scale=0  nodes=8
    scale=1  nodes=64
    scale=2  nodes=64
    scale=3  nodes=64
    scale=4  nodes=64
    scale=5  nodes=64
    scale=6  nodes=64
    scale=7  nodes=64
    scale=8  nodes=64
    scale=9  nodes=64
    scale=10  nodes=64
    scale=11  nodes=64
    scale=12  nodes=64
    scale=13  nodes=64
    scale=14  nodes=64

Number of Atoms =  1
[['Hg', 80, 0.0, 0.0, 0.0, 54, 54]]
Using derivative  PH
Hartree-Fock 1e D2
Classic-like energies: cke = 4203.404422680721 cpe = -7219.513800173403 cke + cpe = -3016.109377492682
mu = 77.66735964989002
Error = 0.04235550605476857
Delta E 3307.357346482502
Energy -3307.357346482502 0
Converged?  0.04235550605476857  >  0.0001   ----   3307.357346482502  >  1.0000000000000002e-06   ----  iteration 0
Classic-like energies: cke = 4495.955970993478 cpe = -7511.369378576939 cke + cpe = -3015.413407583461
mu = 77.65839822689445
Error = 0.050615081296128725
Delta E 0.8447249274595379
Energy -3306.5126215550426 -3307.357346482502
Converged?  0.050615081296128725  >  0.0001   ----   0.8447249274595379  >  1.0000000000000002e-06   ----  iteration 1
Classic-like energies: cke = 5075.286408462767 cpe = -7978.506884542482 cke + cpe = -2903.220476079715
mu = 76.20000624776503
Error = 0.07339668867753853
Delta E 135.57509285277683
Energy -3170.937528702266 -3306.5126215550426
Converged?  0.07339668867753853  >  0.0001   ----   135.57509285277683  >  1.0000000000000002e-06   ----  iteration 2
Classic-like energies: cke = 5049.837683062747 cpe = -7658.24869801418 cke + cpe = -2608.4110149514336
mu = 72.22757112005682
Error = 0.10920890760627527
Delta E 350.7621392271535
Energy -2820.1753894751123 -3170.937528702266
Converged?  0.10920890760627527  >  0.0001   ----   350.7621392271535  >  1.0000000000000002e-06   ----  iteration 3
Classic-like energies: cke = 5484.656801539132 cpe = -7475.458064149989 cke + cpe = -1990.8012626108566
mu = 63.09994077035028
Error = 0.15405129409259527
Delta E 710.9172953876755
Energy -2109.258094087437 -2820.1753894751123
Converged?  0.15405129409259527  >  0.0001   ----   710.9172953876755  >  1.0000000000000002e-06   ----  iteration 4
Classic-like energies: cke = 4333.009100675969 cpe = -5615.275537470159 cke + cpe = -1282.2664367941898
mu = 50.641217141656256
Error = 0.23276259129842292
Delta E 779.9419155525638
Energy -1329.316178534873 -2109.258094087437
Converged?  0.23276259129842292  >  0.0001   ----   779.9419155525638  >  1.0000000000000002e-06   ----  iteration 5
Classic-like energies: cke = 3529.67919266866 cpe = -4555.322630003226 cke + cpe = -1025.6434373345655
mu = 45.291134614504095
Error = 0.20592169804602736
Delta E 274.02111791506286
Energy -1055.29506061981 -1329.316178534873
Converged?  0.20592169804602736  >  0.0001   ----   274.02111791506286  >  1.0000000000000002e-06   ----  iteration 6
Classic-like energies: cke = 2238.413778360389 cpe = -3320.9678373304546 cke + cpe = -1082.5540589700654
mu = 46.53072230193865
Error = 0.19534055765763092
Delta E 60.40211378893946
Energy -1115.6971744087496 -1055.29506061981
Converged?  0.19534055765763092  >  0.0001   ----   60.40211378893946  >  1.0000000000000002e-06   ----  iteration 7
Classic-like energies: cke = 2150.981492103861 cpe = -3198.4922628977656 cke + cpe = -1047.5107707939046
mu = 45.77140528307831
Error = 0.18056331984460286
Delta E 37.217593669353846
Energy -1078.4795807393957 -1115.6971744087496
Converged?  0.18056331984460286  >  0.0001   ----   37.217593669353846  >  1.0000000000000002e-06   ----  iteration 8
Classic-like energies: cke = 1713.6532657996959 cpe = -2767.9667146364404 cke + cpe = -1054.3134488367446
mu = 45.91978764839281
Error = 0.18730649177064798
Delta E 7.21863529529287
Energy -1085.6982160346886 -1078.4795807393957
Converged?  0.18730649177064798  >  0.0001   ----   7.21863529529287  >  1.0000000000000002e-06   ----  iteration 9
Classic-like energies: cke = 1811.509145014279 cpe = -2862.5438986511667 cke + cpe = -1051.0347536368877
mu = 45.848331564777524
Error = 0.18332087027439462
Delta E 3.4795422247952956
Energy -1082.2186738098933 -1085.6982160346886
Converged?  0.18332087027439462  >  0.0001   ----   3.4795422247952956  >  1.0000000000000002e-06   ----  iteration 10
Classic-like energies: cke = 1557.7044931027472 cpe = -2608.9347142653746 cke + cpe = -1051.2302211626275
mu = 45.8525947174776
Error = 0.11410739654137786
Delta E 0.20742233988198677
Energy -1082.4260961497753 -1082.2186738098933
Converged?  0.11410739654137786  >  0.0001   ----   0.20742233988198677  >  1.0000000000000002e-06   ----  iteration 11
Classic-like energies: cke = 1187.2342530478995 cpe = -3500.6764602353423 cke + cpe = -2313.442207187443
mu = 68.02120562276801
Error = 0.08500000314003356
Delta E 1394.3490709581624
Energy -2476.7751671079377 -1082.4260961497753
Converged?  0.08500000314003356  >  0.0001   ----   1394.3490709581624  >  1.0000000000000002e-06   ----  iteration 12
Classic-like energies: cke = 1406.7944212890093 cpe = -3913.176024152834 cke + cpe = -2506.381602863825
mu = 70.80087009160022
Error = 0.07047072585785177
Delta E 223.78870391051078
Energy -2700.5638710184485 -2476.7751671079377
Converged?  0.07047072585785177  >  0.0001   ----   223.78870391051078  >  1.0000000000000002e-06   ----  iteration 13
Classic-like energies: cke = 1709.3703610041516 cpe = -4341.156545823269 cke + cpe = -2631.7861848191174
mu = 72.55048152588813
Error = 0.06276958061294878
Delta E 147.1412287426765
Energy -2847.705099761125 -2700.5638710184485
Converged?  0.06276958061294878  >  0.0001   ----   147.1412287426765  >  1.0000000000000002e-06   ----  iteration 14
Classic-like energies: cke = 2016.3982419906206, cpe = -4749.879439971086, cke + cpe = -2733.4811979804654
Exact Energy = -3532.192093162126
Dirac Energy = -3048.266831205292
Kutze Energy = -2968.032576545643
Error Kutze  = 564.1595166164843
Error Dirac  = 483.9252619568342
Delta Energy = -120.32747678451824
Dirac - Kutzelnigg = -80.23425465964829

PARAMETERS:
molecule    = [['Hg', 80, 0.0, 0.0, 0.0, 54, 54]]
D2          = True
prec        = 5
derivative  = PH
box         = 1

-------------------------------
Hg 1 1 5 PH 1
-------------------------------
Now executing: python test.py Input_Making/input__Hg116ABGV.txt
Input file: Input_Making/input__Hg116ABGV.txt
Output file: outputs/output__Hg116ABGV.txt
light_speed = 137.03599913900001  # default 137.03599913900001
derivative = "ABGV"         # possible values: PH, ABGV, BS
order = 9
box = 1
prec = 1.0e-6                 # precision threshold for the MRA operations
thr  = 1.0e-5                  # error threshold for SCF convergence

readPotential    = False        # bool
computePotential = True         # bool 
savePotential    = False         # bool
potential = "fermi_dirac"       # possible values: point_charge coulomb_HFYGB homogeneus_charge_sphere gaussian

readOrbitals     = False        # bool
saveOrbitals     = False         # bool
saveGuess        = False

scf              = True
ktrs             = False
D2               = True         # bool
two_electrons    = False         # bool

runGaunt         = False
runGaugeA        = False
runGaugeB        = False
runGaugeC        = False
runGaugeD        = False
runGaugeDelta    = False

molecule = [ ["Hg", 80, 0.0, 0.0, 0.0, 54, 54] ]

# With the paramenters I got from Robert, the error is (1) higher than
#  what he gets and (2) dominated by the width of the Gaussian
# I get a much better agreement with the ideal value IF the Gaussian
#  size is reduced by one order of magnitude 3e4->3e5 for Ar
# It seems the position of the nucleus is also important: I get bad
#  results from D2 if I move the nucleus
# Higher prec with off centered nucleus is too demanding for my laptop

**************************************
80 [0.0, 0.0, 0.0]
Fermi Dirac potential
Using Half Charge Radius for Hg: 0.00012485722724
Integral of the Fermi-Dirac distribution via cartesian 3D integration: 8.658788733248503
The normalization constant is: 9.239167563104006
Integral of the Fermi-Dirac distribution via 3D integration: 79.99999999999952
3D density

*FunctionTree: nn
  genNodes: 0
  square norm: 5.70217e+14
  root scale: 0
  order: 9
  nodes: 840
  endNodes: 736
  nodes per scale: 
    scale=0  nodes=8
    scale=1  nodes=64
    scale=2  nodes=64
    scale=3  nodes=64
    scale=4  nodes=64
    scale=5  nodes=64
    scale=6  nodes=64
    scale=7  nodes=64
    scale=8  nodes=64
    scale=9  nodes=64
    scale=10  nodes=64
    scale=11  nodes=64
    scale=12  nodes=64
    scale=13  nodes=64

3D potential

*FunctionTree: nn
  genNodes: 0
  square norm: 98223.3
  root scale: 0
  order: 9
  nodes: 1096
  endNodes: 960
  nodes per scale: 
    scale=0  nodes=8
    scale=1  nodes=64
    scale=2  nodes=64
    scale=3  nodes=64
    scale=4  nodes=64
    scale=5  nodes=64
    scale=6  nodes=64
    scale=7  nodes=64
    scale=8  nodes=64
    scale=9  nodes=64
    scale=10  nodes=64
    scale=11  nodes=64
    scale=12  nodes=64
    scale=13  nodes=64
    scale=14  nodes=256

Potential

*FunctionTree: nn
  genNodes: 0
  square norm: 98223.3
  root scale: 0
  order: 9
  nodes: 1096
  endNodes: 960
  nodes per scale: 
    scale=0  nodes=8
    scale=1  nodes=64
    scale=2  nodes=64
    scale=3  nodes=64
    scale=4  nodes=64
    scale=5  nodes=64
    scale=6  nodes=64
    scale=7  nodes=64
    scale=8  nodes=64
    scale=9  nodes=64
    scale=10  nodes=64
    scale=11  nodes=64
    scale=12  nodes=64
    scale=13  nodes=64
    scale=14  nodes=256

Number of Atoms =  1
[['Hg', 80, 0.0, 0.0, 0.0, 54, 54]]
Using derivative  ABGV
Hartree-Fock 1e D2
Classic-like energies: cke = 4204.422728897954 cpe = -7225.385108978326 cke + cpe = -3020.962380080372
mu = 77.72981898963064
Error = 0.042971731058436255
Delta E 3313.248901308767
Energy -3313.248901308767 0
Converged?  0.042971731058436255  >  9.999999999999999e-06   ----   3313.248901308767  >  1e-07   ----  iteration 0
Classic-like energies: cke = 4514.127975023874 cpe = -7519.730319056772 cke + cpe = -3005.602344032898
mu = 77.53195913986565
Error = 0.0513743072095528
Delta E 18.639433892989018
Energy -3294.609467415778 -3313.248901308767
Converged?  0.0513743072095528  >  9.999999999999999e-06   ----   18.639433892989018  >  1e-07   ----  iteration 1
Classic-like energies: cke = 5097.459900639389 cpe = -7972.803804372866 cke + cpe = -2875.3439037334765
mu = 75.83328957302956
Error = 0.07525088438116034
Delta E 157.17601079186625
Energy -3137.4334566239118 -3294.609467415778
Converged?  0.07525088438116034  >  9.999999999999999e-06   ----   157.17601079186625  >  1e-07   ----  iteration 2
Classic-like energies: cke = 5041.6489430626 cpe = -7587.260026254821 cke + cpe = -2545.6110831922215
mu = 71.35280069054363
Error = 0.11376998695750892
Delta E 390.9855222068213
Energy -2746.4479344170904 -3137.4334566239118
Converged?  0.11376998695750892  >  9.999999999999999e-06   ----   390.9855222068213  >  1e-07   ----  iteration 3
Classic-like energies: cke = 5441.446439090239 cpe = -7324.522368471601 cke + cpe = -1883.0759293813617
mu = 61.36898124266626
Error = 0.16070596697610182
Delta E 758.1074460473792
Energy -1988.3404883697112 -2746.4479344170904
Converged?  0.16070596697610182  >  9.999999999999999e-06   ----   758.1074460473792  >  1e-07   ----  iteration 4
Classic-like energies: cke = 4178.748959484814 cpe = -5384.57863738915 cke + cpe = -1205.8296779043358
mu = 49.108648482814836
Error = 0.23802286550469898
Delta E 741.0910791953152
Energy -1247.249409174396 -1988.3404883697112
Converged?  0.23802286550469898  >  9.999999999999999e-06   ----   741.0910791953152  >  1e-07   ----  iteration 5
Classic-like energies: cke = 3325.2906249153175 cpe = -4367.740535538209 cke + cpe = -1042.4499106228914
mu = 45.66070324957537
Error = 0.1974973746309784
Delta E 174.1382313138854
Energy -1073.1111778605107 -1247.249409174396
Converged?  0.1974973746309784  >  9.999999999999999e-06   ----   174.1382313138854  >  1e-07   ----  iteration 6
Classic-like energies: cke = 2185.3259003705903 cpe = -3258.3345111511308 cke + cpe = -1073.0086107805405
mu = 46.325125165088124
Error = 0.1940984117631516
Delta E 32.44052211673761
Energy -1105.5516999772483 -1073.1111778605107
Converged?  0.1940984117631516  >  9.999999999999999e-06   ----   32.44052211673761  >  1e-07   ----  iteration 7
Classic-like energies: cke = 2109.232265571616 cpe = -3159.2427118808623 cke + cpe = -1050.0104463092462
mu = 45.825984906147866
Error = 0.1797107315678439
Delta E 24.419940488556904
Energy -1081.1317594886914 -1105.5516999772483
Converged?  0.1797107315678439  >  9.999999999999999e-06   ----   24.419940488556904  >  1e-07   ----  iteration 8
Classic-like energies: cke = 1697.5451717692674 cpe = -2750.9402855891594 cke + cpe = -1053.395113819892
mu = 45.899784614307116
Error = 0.18666811187589713
Delta E 3.591796976414571
Energy -1084.723556465106 -1081.1317594886914
Converged?  0.18666811187589713  >  9.999999999999999e-06   ----   3.591796976414571  >  1e-07   ----  iteration 9
Classic-like energies: cke = 1800.4185832215321 cpe = -2851.531729717241 cke + cpe = -1051.1131464957089
mu = 45.850041363028424
Error = 0.18312736530660387
Delta E 2.4216955730169047
Energy -1082.301860892089 -1084.723556465106
Converged?  0.18312736530660387  >  9.999999999999999e-06   ----   2.4216955730169047  >  1e-07   ----  iteration 10
Classic-like energies: cke = 1552.3903153408494 cpe = -2603.5049326366284 cke + cpe = -1051.114617295779
mu = 45.8500734415067
Error = 0.11393619750864313
Delta E 0.0015607526136136585
Energy -1082.3034216447027 -1082.301860892089
Converged?  0.11393619750864313  >  9.999999999999999e-06   ----   0.0015607526136136585  >  1e-07   ----  iteration 11
Classic-like energies: cke = 1183.584837967006 cpe = -3495.058972077481 cke + cpe = -2311.474134110475
mu = 67.99226623830795
Error = 0.08507646077172167
Delta E 1392.204820822914
Energy -2474.5082424676166 -1082.3034216447027
Converged?  0.08507646077172167  >  9.999999999999999e-06   ----   1392.204820822914  >  1e-07   ----  iteration 12
Classic-like energies: cke = 1402.761148765114 cpe = -3907.30654753497 cke + cpe = -2504.5453987698556
mu = 70.77493057248245
Error = 0.07055376160127647
Delta E 223.91115264448263
Energy -2698.419395112099 -2474.5082424676166
Converged?  0.07055376160127647  >  9.999999999999999e-06   ----   223.91115264448263  >  1e-07   ----  iteration 13
Classic-like energies: cke = 1704.8896439593516 cpe = -4335.043369504626 cke + cpe = -2630.153725545274
mu = 72.52797702328769
Error = 0.06285225902029302
Delta E 147.36155842699281
Energy -2845.780953539092 -2698.419395112099
Converged?  0.06285225902029302  >  9.999999999999999e-06   ----   147.36155842699281  >  1e-07   ----  iteration 14
Classic-like energies: cke = 2011.5860859591212, cpe = -4743.643147017798, cke + cpe = -2732.0570610586765
Exact Energy = -3532.192093162126
Dirac Energy = -3046.7137761619597
Kutze Energy = -2966.341189029309
Error Kutze  = 565.850904132818
Error Dirac  = 485.4783170001665
Delta Energy = -120.56023549021711
Dirac - Kutzelnigg = -80.37258713264964

PARAMETERS:
molecule    = [['Hg', 80, 0.0, 0.0, 0.0, 54, 54]]
D2          = True
prec        = 6
derivative  = ABGV
box         = 1

-------------------------------
Hg 1 1 6 ABGV 1
-------------------------------
Now executing: python test.py Input_Making/input__Hg116BS.txt
Input file: Input_Making/input__Hg116BS.txt
Output file: outputs/output__Hg116BS.txt
light_speed = 137.03599913900001  # default 137.03599913900001
derivative = "BS"         # possible values: PH, ABGV, BS
order = 9
box = 1
prec = 1.0e-6                 # precision threshold for the MRA operations
thr  = 1.0e-5                  # error threshold for SCF convergence

readPotential    = False        # bool
computePotential = True         # bool 
savePotential    = False         # bool
potential = "fermi_dirac"       # possible values: point_charge coulomb_HFYGB homogeneus_charge_sphere gaussian

readOrbitals     = False        # bool
saveOrbitals     = False         # bool
saveGuess        = False

scf              = True
ktrs             = False
D2               = True         # bool
two_electrons    = False         # bool

runGaunt         = False
runGaugeA        = False
runGaugeB        = False
runGaugeC        = False
runGaugeD        = False
runGaugeDelta    = False

molecule = [ ["Hg", 80, 0.0, 0.0, 0.0, 54, 54] ]

# With the paramenters I got from Robert, the error is (1) higher than
#  what he gets and (2) dominated by the width of the Gaussian
# I get a much better agreement with the ideal value IF the Gaussian
#  size is reduced by one order of magnitude 3e4->3e5 for Ar
# It seems the position of the nucleus is also important: I get bad
#  results from D2 if I move the nucleus
# Higher prec with off centered nucleus is too demanding for my laptop

**************************************
80 [0.0, 0.0, 0.0]
Fermi Dirac potential
Using Half Charge Radius for Hg: 0.00012485722724
Integral of the Fermi-Dirac distribution via cartesian 3D integration: 8.658788733248503
The normalization constant is: 9.239167563104006
Integral of the Fermi-Dirac distribution via 3D integration: 79.99999999999952
3D density

*FunctionTree: nn
  genNodes: 0
  square norm: 5.70217e+14
  root scale: 0
  order: 9
  nodes: 840
  endNodes: 736
  nodes per scale: 
    scale=0  nodes=8
    scale=1  nodes=64
    scale=2  nodes=64
    scale=3  nodes=64
    scale=4  nodes=64
    scale=5  nodes=64
    scale=6  nodes=64
    scale=7  nodes=64
    scale=8  nodes=64
    scale=9  nodes=64
    scale=10  nodes=64
    scale=11  nodes=64
    scale=12  nodes=64
    scale=13  nodes=64

3D potential

*FunctionTree: nn
  genNodes: 0
  square norm: 98223.3
  root scale: 0
  order: 9
  nodes: 1096
  endNodes: 960
  nodes per scale: 
    scale=0  nodes=8
    scale=1  nodes=64
    scale=2  nodes=64
    scale=3  nodes=64
    scale=4  nodes=64
    scale=5  nodes=64
    scale=6  nodes=64
    scale=7  nodes=64
    scale=8  nodes=64
    scale=9  nodes=64
    scale=10  nodes=64
    scale=11  nodes=64
    scale=12  nodes=64
    scale=13  nodes=64
    scale=14  nodes=256

Potential

*FunctionTree: nn
  genNodes: 0
  square norm: 98223.3
  root scale: 0
  order: 9
  nodes: 1096
  endNodes: 960
  nodes per scale: 
    scale=0  nodes=8
    scale=1  nodes=64
    scale=2  nodes=64
    scale=3  nodes=64
    scale=4  nodes=64
    scale=5  nodes=64
    scale=6  nodes=64
    scale=7  nodes=64
    scale=8  nodes=64
    scale=9  nodes=64
    scale=10  nodes=64
    scale=11  nodes=64
    scale=12  nodes=64
    scale=13  nodes=64
    scale=14  nodes=256

Number of Atoms =  1
[['Hg', 80, 0.0, 0.0, 0.0, 54, 54]]
Using derivative  BS
Hartree-Fock 1e D2
Classic-like energies: cke = 4204.422728897954 cpe = -7225.62367848317 cke + cpe = -3021.200949585216
mu = 77.73288814376083
Error = 0.042998923476831874
Delta E 3313.5385830421474
Energy -3313.5385830421474 0
Converged?  0.042998923476831874  >  9.999999999999999e-06   ----   3313.5385830421474  >  1e-07   ----  iteration 0
Classic-like energies: cke = 4515.08221281316 cpe = -7520.084958624146 cke + cpe = -3005.0027458109853
mu = 77.52422519201318
Error = 0.051404656536680055
Delta E 19.656274232885607
Energy -3293.8823088092618 -3313.5385830421474
Converged?  0.051404656536680055  >  9.999999999999999e-06   ----   19.656274232885607  >  1e-07   ----  iteration 1
Classic-like energies: cke = 5098.453230822368 cpe = -7972.3104041765555 cke + cpe = -2873.8571733541876
mu = 75.81368179100903
Error = 0.07533393324543756
Delta E 158.2336962486679
Energy -3135.648612560594 -3293.8823088092618
Converged?  0.07533393324543756  >  9.999999999999999e-06   ----   158.2336962486679  >  1e-07   ----  iteration 2
Classic-like energies: cke = 5041.103526178711 cpe = -7583.452627170073 cke + cpe = -2542.3491009913623
mu = 71.30706978962692
Error = 0.11399011751632593
Delta E 393.02100203234386
Energy -2742.62761052825 -3135.648612560594
Converged?  0.11399011751632593  >  9.999999999999999e-06   ----   393.02100203234386  >  1e-07   ----  iteration 3
Classic-like energies: cke = 5438.966320165049 cpe = -7316.646074950776 cke + cpe = -1877.6797547857268
mu = 61.28098815759626
Error = 0.16103139606383793
Delta E 760.3212296048587
Energy -1982.3063809233913 -2742.62761052825
Converged?  0.16103139606383793  >  9.999999999999999e-06   ----   760.3212296048587  >  1e-07   ----  iteration 4
Classic-like energies: cke = 4170.795086355562 cpe = -5373.206819680099 cke + cpe = -1202.4117333245376
mu = 49.03899944583979
Error = 0.238221219278574
Delta E 738.7176965145773
Energy -1243.588684408814 -1982.3063809233913
Converged?  0.238221219278574  >  9.999999999999999e-06   ----   738.7176965145773  >  1e-07   ----  iteration 5
Classic-like energies: cke = 3315.61718374074 cpe = -4358.960826062558 cke + cpe = -1043.3436423218182
mu = 45.68027237926276
Error = 0.1970924721091545
Delta E 169.52958214101477
Energy -1074.0591022677993 -1243.588684408814
Converged?  0.1970924721091545  >  9.999999999999999e-06   ----   169.52958214101477  >  1e-07   ----  iteration 6
Classic-like energies: cke = 2182.8698392836422 cpe = -3255.4208982303903 cke + cpe = -1072.551058946748
mu = 46.31524714274443
Error = 0.19403399325255213
Delta E 31.006430470151827
Energy -1105.0655327379511 -1074.0591022677993
Converged?  0.19403399325255213  >  9.999999999999999e-06   ----   31.006430470151827  >  1e-07   ----  iteration 7
Classic-like energies: cke = 2107.275635062833 cpe = -3157.412970185187 cke + cpe = -1050.1373351223542
mu = 45.82875374963527
Error = 0.17966584273876274
Delta E 23.799132449639274
Energy -1081.2664002883118 -1105.0655327379511
Converged?  0.17966584273876274  >  9.999999999999999e-06   ----   23.799132449639274  >  1e-07   ----  iteration 8
Classic-like energies: cke = 1696.7945596396903 cpe = -2750.14987946406 cke + cpe = -1053.3553198243699
mu = 45.89891763047076
Error = 0.1866338827533404
Delta E 3.4149226962870216
Energy -1084.6813229845989 -1081.2664002883118
Converged?  0.1866338827533404  >  9.999999999999999e-06   ----   3.4149226962870216  >  1e-07   ----  iteration 9
Classic-like energies: cke = 1799.9019768821345 cpe = -2851.0221248002385 cke + cpe = -1051.120147918104
mu = 45.850194065414904
Error = 0.18311528770820368
Delta E 2.3720324694538704
Energy -1082.309290515145 -1084.6813229845989
Converged?  0.18311528770820368  >  9.999999999999999e-06   ----   2.3720324694538704  >  1e-07   ----  iteration 10
Classic-like energies: cke = 1552.1450286959716 cpe = -2603.2569272168034 cke + cpe = -1051.1118985208318
mu = 45.85001414439982
Error = 0.11392683322443731
Delta E 0.008753922621053789
Energy -1082.300536592524 -1082.309290515145
Converged?  0.11392683322443731  >  9.999999999999999e-06   ----   0.008753922621053789  >  1e-07   ----  iteration 11
Classic-like energies: cke = 1183.4169256181144 cpe = -3494.801068638977 cke + cpe = -2311.3841430208627
mu = 67.99094267651924
Error = 0.08507991736584528
Delta E 1392.1040571892938
Energy -2474.4045937818178 -1082.300536592524
Converged?  0.08507991736584528  >  9.999999999999999e-06   ----   1392.1040571892938  >  1e-07   ----  iteration 12
Classic-like energies: cke = 1402.5757501647777 cpe = -3907.036699825873 cke + cpe = -2504.460949661095
mu = 70.77373735590194
Error = 0.0705575591945511
Delta E 223.91618133006705
Energy -2698.320775111885 -2474.4045937818178
Converged?  0.0705575591945511  >  9.999999999999999e-06   ----   223.91618133006705  >  1e-07   ----  iteration 13
Classic-like energies: cke = 1704.683447248336 cpe = -4334.762048462488 cke + cpe = -2630.0786012141516
mu = 72.52694121792469
Error = 0.06285604282111644
Delta E 147.37163651356195
Energy -2845.6924116254468 -2698.320775111885
Converged?  0.06285604282111644  >  9.999999999999999e-06   ----   147.37163651356195  >  1e-07   ----  iteration 14
Classic-like energies: cke = 2011.3645940760148, cpe = -4743.356112887333, cke + cpe = -2731.9915188113187
Exact Energy = -3532.192093162126
Dirac Energy = -3046.6420690557497
Kutze Energy = -2966.26335161388
Error Kutze  = 565.9287415482468
Error Dirac  = 485.55002410637644
Delta Energy = -120.57093998843311
Dirac - Kutzelnigg = -80.3787174418685

PARAMETERS:
molecule    = [['Hg', 80, 0.0, 0.0, 0.0, 54, 54]]
D2          = True
prec        = 6
derivative  = BS
box         = 1

-------------------------------
Hg 1 1 6 BS 1
-------------------------------
Now executing: python test.py Input_Making/input__Hg116PH.txt
Input file: Input_Making/input__Hg116PH.txt
Output file: outputs/output__Hg116PH.txt
light_speed = 137.03599913900001  # default 137.03599913900001
derivative = "PH"         # possible values: PH, ABGV, BS
order = 9
box = 1
prec = 1.0e-6                 # precision threshold for the MRA operations
thr  = 1.0e-5                  # error threshold for SCF convergence

readPotential    = False        # bool
computePotential = True         # bool 
savePotential    = False         # bool
potential = "fermi_dirac"       # possible values: point_charge coulomb_HFYGB homogeneus_charge_sphere gaussian

readOrbitals     = False        # bool
saveOrbitals     = False         # bool
saveGuess        = False

scf              = True
ktrs             = False
D2               = True         # bool
two_electrons    = False         # bool

runGaunt         = False
runGaugeA        = False
runGaugeB        = False
runGaugeC        = False
runGaugeD        = False
runGaugeDelta    = False

molecule = [ ["Hg", 80, 0.0, 0.0, 0.0, 54, 54] ]

# With the paramenters I got from Robert, the error is (1) higher than
#  what he gets and (2) dominated by the width of the Gaussian
# I get a much better agreement with the ideal value IF the Gaussian
#  size is reduced by one order of magnitude 3e4->3e5 for Ar
# It seems the position of the nucleus is also important: I get bad
#  results from D2 if I move the nucleus
# Higher prec with off centered nucleus is too demanding for my laptop

**************************************
80 [0.0, 0.0, 0.0]
Fermi Dirac potential
Using Half Charge Radius for Hg: 0.00012485722724
Integral of the Fermi-Dirac distribution via cartesian 3D integration: 8.658788733248503
The normalization constant is: 9.239167563104006
Integral of the Fermi-Dirac distribution via 3D integration: 79.99999999999952
3D density

*FunctionTree: nn
  genNodes: 0
  square norm: 5.70217e+14
  root scale: 0
  order: 9
  nodes: 840
  endNodes: 736
  nodes per scale: 
    scale=0  nodes=8
    scale=1  nodes=64
    scale=2  nodes=64
    scale=3  nodes=64
    scale=4  nodes=64
    scale=5  nodes=64
    scale=6  nodes=64
    scale=7  nodes=64
    scale=8  nodes=64
    scale=9  nodes=64
    scale=10  nodes=64
    scale=11  nodes=64
    scale=12  nodes=64
    scale=13  nodes=64

3D potential

*FunctionTree: nn
  genNodes: 0
  square norm: 98223.3
  root scale: 0
  order: 9
  nodes: 1096
  endNodes: 960
  nodes per scale: 
    scale=0  nodes=8
    scale=1  nodes=64
    scale=2  nodes=64
    scale=3  nodes=64
    scale=4  nodes=64
    scale=5  nodes=64
    scale=6  nodes=64
    scale=7  nodes=64
    scale=8  nodes=64
    scale=9  nodes=64
    scale=10  nodes=64
    scale=11  nodes=64
    scale=12  nodes=64
    scale=13  nodes=64
    scale=14  nodes=256

Potential

*FunctionTree: nn
  genNodes: 0
  square norm: 98223.3
  root scale: 0
  order: 9
  nodes: 1096
  endNodes: 960
  nodes per scale: 
    scale=0  nodes=8
    scale=1  nodes=64
    scale=2  nodes=64
    scale=3  nodes=64
    scale=4  nodes=64
    scale=5  nodes=64
    scale=6  nodes=64
    scale=7  nodes=64
    scale=8  nodes=64
    scale=9  nodes=64
    scale=10  nodes=64
    scale=11  nodes=64
    scale=12  nodes=64
    scale=13  nodes=64
    scale=14  nodes=256

Number of Atoms =  1
[['Hg', 80, 0.0, 0.0, 0.0, 54, 54]]
Using derivative  PH
Hartree-Fock 1e D2
Classic-like energies: cke = 4204.422728897954 cpe = -7223.908220093203 cke + cpe = -3019.48549119525
mu = 77.71081637964241
Error = 0.042803521846290445
Delta E 3311.4557177043093
Energy -3311.4557177043093 0
Converged?  0.042803521846290445  >  9.999999999999999e-06   ----   3311.4557177043093  >  1e-07   ----  iteration 0
Classic-like energies: cke = 4509.544182870058 cpe = -7517.360796168613 cke + cpe = -3007.8166132985552
mu = 77.56051332087166
Error = 0.05118226162048402
Delta E 14.160614558917132
Energy -3297.295103145392 -3311.4557177043093
Converged?  0.05118226162048402  >  9.999999999999999e-06   ----   14.160614558917132  >  1e-07   ----  iteration 1
Classic-like energies: cke = 5092.261006510119 cpe = -7973.711545043598 cke + cpe = -2881.4505385334787
mu = 75.91377396142914
Error = 0.07481569446306535
Delta E 152.52839454808418
Energy -3144.766708597308 -3297.295103145392
Converged?  0.07481569446306535  >  9.999999999999999e-06   ----   152.52839454808418  >  1e-07   ----  iteration 2
Classic-like energies: cke = 5043.346694660186 cpe = -7602.467398149475 cke + cpe = -2559.1207034892896
mu = 71.54188568229509
Error = 0.11274796479780654
Delta E 382.4870592128709
Energy -2762.279649384437 -3144.766708597308
Converged?  0.11274796479780654  >  9.999999999999999e-06   ----   382.4870592128709  >  1e-07   ----  iteration 3
Classic-like energies: cke = 5451.072011167844 cpe = -7356.663037995335 cke + cpe = -1905.591026827491
mu = 61.73477183609722
Error = 0.15925114544108634
Delta E 748.7389058721255
Energy -2013.5407435123116 -2762.279649384437
Converged?  0.15925114544108634  >  9.999999999999999e-06   ----   748.7389058721255  >  1e-07   ----  iteration 4
Classic-like energies: cke = 4211.664445010643 cpe = -5432.1168416317505 cke + cpe = -1220.4523966211073
mu = 49.40551379393007
Error = 0.2370694754179679
Delta E 750.6213104286073
Energy -1262.9194330837042 -2013.5407435123116
Converged?  0.2370694754179679  >  9.999999999999999e-06   ----   750.6213104286073  >  1e-07   ----  iteration 5
Classic-like energies: cke = 3366.0726012161713 cpe = -4404.84390193566 cke + cpe = -1038.7713007194889
mu = 45.58006802802051
Error = 0.1991407260244118
Delta E 193.70938872041097
Energy -1069.2100443632933 -1262.9194330837042
Converged?  0.1991407260244118  >  9.999999999999999e-06   ----   193.70938872041097  >  1e-07   ----  iteration 6
Classic-like energies: cke = 2195.7498663719243 cpe = -3270.6943343405956 cke + cpe = -1074.9444679686712
mu = 46.366894827423394
Error = 0.19431395166578724
Delta E 38.39872979964002
Energy -1107.6087741629333 -1069.2100443632933
Converged?  0.19431395166578724  >  9.999999999999999e-06   ----   38.39872979964002  >  1e-07   ----  iteration 7
Classic-like energies: cke = 2117.5104030316834 cpe = -3166.9932907248626 cke + cpe = -1049.4828876931792
mu = 45.814471244207965
Error = 0.17985487192685812
Delta E 27.036792314611375
Energy -1080.571981848322 -1107.6087741629333
Converged?  0.17985487192685812  >  9.999999999999999e-06   ----   27.036792314611375  >  1e-07   ----  iteration 8
Classic-like energies: cke = 1700.7366073365897 cpe = -2754.300364241522 cke + cpe = -1053.5637569049322
mu = 45.90345862579272
Error = 0.18677886907593083
Delta E 4.330557120907542
Energy -1084.9025389692295 -1080.571981848322
Converged?  0.18677886907593083  >  9.999999999999999e-06   ----   4.330557120907542  >  1e-07   ----  iteration 9
Classic-like energies: cke = 1802.6076511420151 cpe = -2853.692549278225 cke + cpe = -1051.08489813621
mu = 45.84942525563892
Error = 0.1831523718602971
Delta E 2.6306540490811585
Energy -1082.2718849201483 -1084.9025389692295
Converged?  0.1831523718602971  >  9.999999999999999e-06   ----   2.6306540490811585  >  1e-07   ----  iteration 10
Classic-like energies: cke = 1553.43659583368 cpe = -2604.5603484807775 cke + cpe = -1051.1237526470975
mu = 45.85027268505821
Error = 0.11396438710232215
Delta E 0.04123078717316275
Energy -1082.3131157073215 -1082.2718849201483
Converged?  0.11396438710232215  >  9.999999999999999e-06   ----   0.04123078717316275  >  1e-07   ----  iteration 11
Classic-like energies: cke = 1184.294692731117 cpe = -3496.1493164879384 cke + cpe = -2311.8546237568216
mu = 67.99786208046282
Error = 0.08506171694150583
Delta E 1392.6333691168381
Energy -2474.9464848241596 -1082.3131157073215
Converged?  0.08506171694150583  >  9.999999999999999e-06   ----   1392.6333691168381  >  1e-07   ----  iteration 12
Classic-like energies: cke = 1403.5450668007084 cpe = -3908.4474093284584 cke + cpe = -2504.90234252775
mu = 70.77997375709813
Error = 0.07053772306458178
Delta E 223.88975728856985
Energy -2698.8362421127295 -2474.9464848241596
Converged?  0.07053772306458178  >  9.999999999999999e-06   ----   223.88975728856985  >  1e-07   ----  iteration 13
Classic-like energies: cke = 1705.761455020222 cpe = -4336.233161884795 cke + cpe = -2630.4717068645728
mu = 72.53236114817403
Error = 0.06283630889089074
Delta E 147.31949125409392
Energy -2846.1557333668234 -2698.8362421127295
Converged?  0.06283630889089074  >  9.999999999999999e-06   ----   147.31949125409392  >  1e-07   ----  iteration 14
Classic-like energies: cke = 2012.5227811012765, cpe = -4744.85790046303, cke + cpe = -2732.3351193617536
Exact Energy = -3532.192093162126
Dirac Energy = -3047.01618832629
Kutze Energy = -2966.671412965654
Error Kutze  = 565.5206801964705
Error Dirac  = 485.17590483583626
Delta Energy = -120.5156795988305
Dirac - Kutzelnigg = -80.34477536063423

PARAMETERS:
molecule    = [['Hg', 80, 0.0, 0.0, 0.0, 54, 54]]
D2          = True
prec        = 6
derivative  = PH
box         = 1

-------------------------------
Hg 1 1 6 PH 1
-------------------------------
Now executing: python test.py Input_Making/input__Hg117ABGV.txt
Input file: Input_Making/input__Hg117ABGV.txt
Output file: outputs/output__Hg117ABGV.txt
light_speed = 137.03599913900001  # default 137.03599913900001
derivative = "ABGV"         # possible values: PH, ABGV, BS
order = 10
box = 1
prec = 1.0e-7                 # precision threshold for the MRA operations
thr  = 1.0e-6                  # error threshold for SCF convergence

readPotential    = False        # bool
computePotential = True         # bool 
savePotential    = False         # bool
potential = "fermi_dirac"       # possible values: point_charge coulomb_HFYGB homogeneus_charge_sphere gaussian

readOrbitals     = False        # bool
saveOrbitals     = False         # bool
saveGuess        = False

scf              = True
ktrs             = False
D2               = True         # bool
two_electrons    = False         # bool

runGaunt         = False
runGaugeA        = False
runGaugeB        = False
runGaugeC        = False
runGaugeD        = False
runGaugeDelta    = False

molecule = [ ["Hg", 80, 0.0, 0.0, 0.0, 54, 54] ]

# With the paramenters I got from Robert, the error is (1) higher than
#  what he gets and (2) dominated by the width of the Gaussian
# I get a much better agreement with the ideal value IF the Gaussian
#  size is reduced by one order of magnitude 3e4->3e5 for Ar
# It seems the position of the nucleus is also important: I get bad
#  results from D2 if I move the nucleus
# Higher prec with off centered nucleus is too demanding for my laptop

**************************************
80 [0.0, 0.0, 0.0]
Fermi Dirac potential
Using Half Charge Radius for Hg: 0.00012485722724
Integral of the Fermi-Dirac distribution via cartesian 3D integration: 8.658788732877495
The normalization constant is: 9.239167563499882
Integral of the Fermi-Dirac distribution via 3D integration: 79.99999999999586
3D density

*FunctionTree: nn
  genNodes: 0
  square norm: 5.70217e+14
  root scale: 0
  order: 10
  nodes: 840
  endNodes: 736
  nodes per scale: 
    scale=0  nodes=8
    scale=1  nodes=64
    scale=2  nodes=64
    scale=3  nodes=64
    scale=4  nodes=64
    scale=5  nodes=64
    scale=6  nodes=64
    scale=7  nodes=64
    scale=8  nodes=64
    scale=9  nodes=64
    scale=10  nodes=64
    scale=11  nodes=64
    scale=12  nodes=64
    scale=13  nodes=64

3D potential

*FunctionTree: nn
  genNodes: 0
  square norm: 98223.3
  root scale: 0
  order: 10
  nodes: 1096
  endNodes: 960
  nodes per scale: 
    scale=0  nodes=8
    scale=1  nodes=64
    scale=2  nodes=64
    scale=3  nodes=64
    scale=4  nodes=64
    scale=5  nodes=64
    scale=6  nodes=64
    scale=7  nodes=64
    scale=8  nodes=64
    scale=9  nodes=64
    scale=10  nodes=64
    scale=11  nodes=64
    scale=12  nodes=64
    scale=13  nodes=64
    scale=14  nodes=256

Potential

*FunctionTree: nn
  genNodes: 0
  square norm: 98223.3
  root scale: 0
  order: 10
  nodes: 1096
  endNodes: 960
  nodes per scale: 
    scale=0  nodes=8
    scale=1  nodes=64
    scale=2  nodes=64
    scale=3  nodes=64
    scale=4  nodes=64
    scale=5  nodes=64
    scale=6  nodes=64
    scale=7  nodes=64
    scale=8  nodes=64
    scale=9  nodes=64
    scale=10  nodes=64
    scale=11  nodes=64
    scale=12  nodes=64
    scale=13  nodes=64
    scale=14  nodes=256

Number of Atoms =  1
[['Hg', 80, 0.0, 0.0, 0.0, 54, 54]]
Using derivative  ABGV
Hartree-Fock 1e D2
Classic-like energies: cke = 4204.865621901259 cpe = -7225.46645591788 cke + cpe = -3020.600834016621
mu = 77.7251675330021
Error = 0.04296234724688157
Delta E 3312.809906294526
Energy -3312.809906294526 0
Converged?  0.04296234724688157  >  1e-06   ----   3312.809906294526  >  1e-08   ----  iteration 0
Classic-like energies: cke = 4514.320178730226 cpe = -7519.406717821199 cke + cpe = -3005.086539090973
mu = 77.52530605023075
Error = 0.05137950711756269
Delta E 18.825979815671417
Energy -3293.9839264788548 -3312.809906294526
Converged?  0.05137950711756269  >  1e-06   ----   18.825979815671417  >  1e-08   ----  iteration 1
Classic-like energies: cke = 5097.258791875585 cpe = -7971.967113184219 cke + cpe = -2874.7083213086335
mu = 75.8249077982774
Error = 0.0752751774187135
Delta E 157.3135218420689
Energy -3136.670404636786 -3293.9839264788548
Converged?  0.0752751774187135  >  1e-06   ----   157.3135218420689  >  1e-08   ----  iteration 2
Classic-like energies: cke = 5041.007469662006 cpe = -7585.319441819443 cke + cpe = -2544.3119721574376
mu = 71.33459149889957
Error = 0.11384186509663549
Delta E 391.74405445866387
Energy -2744.926350178122 -3136.670404636786
Converged?  0.11384186509663549  >  1e-06   ----   391.74405445866387  >  1e-08   ----  iteration 3
Classic-like energies: cke = 5440.138891715724 cpe = -7321.073413801184 cke + cpe = -1880.9345220854602
mu = 61.33407734832994
Error = 0.16082016430027993
Delta E 758.9806846079339
Energy -1985.945665570188 -2744.926350178122
Converged?  0.16082016430027993  >  1e-06   ----   758.9806846079339  >  1e-08   ----  iteration 4
Classic-like energies: cke = 4175.461925766111 cpe = -5379.918617511947 cke + cpe = -1204.456691745836
mu = 49.08068238616566
Error = 0.2380923346257269
Delta E 740.1668590474308
Energy -1245.7788065227573 -1985.945665570188
Converged?  0.2380923346257269  >  1e-06   ----   740.1668590474308  >  1e-08   ----  iteration 5
Classic-like energies: cke = 3321.3552723562243 cpe = -4364.160626021941 cke + cpe = -1042.8053536657171
mu = 45.66848702695803
Error = 0.197325746983546
Delta E 172.29063889706413
Energy -1073.4881676256932 -1245.7788065227573
Converged?  0.197325746983546  >  1e-06   ----   172.29063889706413  >  1e-08   ----  iteration 6
Classic-like energies: cke = 2184.3226678025544 cpe = -3257.1476972801433 cke + cpe = -1072.825029477589
mu = 46.32116210713175
Error = 0.19406497889801735
Delta E 31.86846822178859
Energy -1105.3566358474818 -1073.4881676256932
Converged?  0.19406497889801735  >  1e-06   ----   31.86846822178859  >  1e-08   ----  iteration 7
Classic-like energies: cke = 2108.4356802757657 cpe = -3158.496398628071 cke + cpe = -1050.0607183523052
mu = 45.82708191347787
Error = 0.17968667853443362
Delta E 24.17153318090186
Energy -1081.18510266658 -1105.3566358474818
Converged?  0.17968667853443362  >  1e-06   ----   24.17153318090186  >  1e-08   ----  iteration 8
Classic-like energies: cke = 1697.240320274693 cpe = -2750.618631821855 cke + cpe = -1053.3783115471622
mu = 45.899418548542904
Error = 0.18664984867519832
Delta E 3.52062148644427
Energy -1084.7057241530242 -1081.18510266658
Converged?  0.18664984867519832  >  1e-06   ----   3.52062148644427  >  1e-08   ----  iteration 9
Classic-like energies: cke = 1800.207850830704 cpe = -2851.322877510163 cke + cpe = -1051.1150266794589
mu = 45.85008237025227
Error = 0.18311903980662259
Delta E 2.4018680871545257
Energy -1082.3038560658697 -1084.7057241530242
Converged?  0.18311903980662259  >  1e-06   ----   2.4018680871545257  >  1e-08   ----  iteration 10
Classic-like energies: cke = 1552.2906412226603 cpe = -2603.403009141245 cke + cpe = -1051.1123679185848
mu = 45.850024382078246
Error = 0.1139308674376234
Delta E 0.002821367786737028
Energy -1082.301034698083 -1082.3038560658697
Converged?  0.1139308674376234  >  1e-06   ----   0.002821367786737028  >  1e-08   ----  iteration 11
Classic-like energies: cke = 1183.5153162378126 cpe = -3494.952038705698 cke + cpe = -2311.4367224678854
mu = 67.99171600228789
Error = 0.08507794198059455
Delta E 1392.1641182280453
Energy -2474.465152926128 -1082.301034698083
Converged?  0.08507794198059455  >  1e-06   ----   1392.1641182280453  >  1e-08   ----  iteration 12
Classic-like energies: cke = 1402.684440053644 cpe = -3907.194900087282 cke + cpe = -2504.510460033638
mu = 70.77443691098698
Error = 0.0705553883522297
Delta E 223.9134405195191
Energy -2698.3785934456473 -2474.465152926128
Converged?  0.0705553883522297  >  1e-06   ----   223.9134405195191  >  1e-08   ----  iteration 13
Classic-like energies: cke = 1704.8044677187188 cpe = -4334.92722548168 cke + cpe = -2630.1227577629606
mu = 72.52755004497202
Error = 0.06285387385369554
Delta E 147.3658612502013
Energy -2845.7444546958486 -2698.3785934456473
Converged?  0.06285387385369554  >  1e-06   ----   147.3658612502013  >  1e-08   ----  iteration 14
Classic-like energies: cke = 2011.494692051218, cpe = -4743.524838799218, cke + cpe = -2732.030146748
Exact Energy = -3532.192093162126
Dirac Energy = -3046.68420780045
Kutze Energy = -2966.3092257765306
Error Kutze  = 565.8828673855969
Error Dirac  = 485.507885361676
Delta Energy = -120.56477108068202
Dirac - Kutzelnigg = -80.3749820239209

PARAMETERS:
molecule    = [['Hg', 80, 0.0, 0.0, 0.0, 54, 54]]
D2          = True
prec        = 7
derivative  = ABGV
box         = 1

-------------------------------
Hg 1 1 7 ABGV 1
-------------------------------
Now executing: python test.py Input_Making/input__Hg117BS.txt
Input file: Input_Making/input__Hg117BS.txt
Output file: outputs/output__Hg117BS.txt
light_speed = 137.03599913900001  # default 137.03599913900001
derivative = "BS"         # possible values: PH, ABGV, BS
order = 10
box = 1
prec = 1.0e-7                 # precision threshold for the MRA operations
thr  = 1.0e-6                  # error threshold for SCF convergence

readPotential    = False        # bool
computePotential = True         # bool 
savePotential    = False         # bool
potential = "fermi_dirac"       # possible values: point_charge coulomb_HFYGB homogeneus_charge_sphere gaussian

readOrbitals     = False        # bool
saveOrbitals     = False         # bool
saveGuess        = False

scf              = True
ktrs             = False
D2               = True         # bool
two_electrons    = False         # bool

runGaunt         = False
runGaugeA        = False
runGaugeB        = False
runGaugeC        = False
runGaugeD        = False
runGaugeDelta    = False

molecule = [ ["Hg", 80, 0.0, 0.0, 0.0, 54, 54] ]

# With the paramenters I got from Robert, the error is (1) higher than
#  what he gets and (2) dominated by the width of the Gaussian
# I get a much better agreement with the ideal value IF the Gaussian
#  size is reduced by one order of magnitude 3e4->3e5 for Ar
# It seems the position of the nucleus is also important: I get bad
#  results from D2 if I move the nucleus
# Higher prec with off centered nucleus is too demanding for my laptop

**************************************
80 [0.0, 0.0, 0.0]
Fermi Dirac potential
Using Half Charge Radius for Hg: 0.00012485722724
Integral of the Fermi-Dirac distribution via cartesian 3D integration: 8.658788732877495
The normalization constant is: 9.239167563499882
Integral of the Fermi-Dirac distribution via 3D integration: 79.99999999999586
3D density

*FunctionTree: nn
  genNodes: 0
  square norm: 5.70217e+14
  root scale: 0
  order: 10
  nodes: 840
  endNodes: 736
  nodes per scale: 
    scale=0  nodes=8
    scale=1  nodes=64
    scale=2  nodes=64
    scale=3  nodes=64
    scale=4  nodes=64
    scale=5  nodes=64
    scale=6  nodes=64
    scale=7  nodes=64
    scale=8  nodes=64
    scale=9  nodes=64
    scale=10  nodes=64
    scale=11  nodes=64
    scale=12  nodes=64
    scale=13  nodes=64

3D potential

*FunctionTree: nn
  genNodes: 0
  square norm: 98223.3
  root scale: 0
  order: 10
  nodes: 1096
  endNodes: 960
  nodes per scale: 
    scale=0  nodes=8
    scale=1  nodes=64
    scale=2  nodes=64
    scale=3  nodes=64
    scale=4  nodes=64
    scale=5  nodes=64
    scale=6  nodes=64
    scale=7  nodes=64
    scale=8  nodes=64
    scale=9  nodes=64
    scale=10  nodes=64
    scale=11  nodes=64
    scale=12  nodes=64
    scale=13  nodes=64
    scale=14  nodes=256

Potential

*FunctionTree: nn
  genNodes: 0
  square norm: 98223.3
  root scale: 0
  order: 10
  nodes: 1096
  endNodes: 960
  nodes per scale: 
    scale=0  nodes=8
    scale=1  nodes=64
    scale=2  nodes=64
    scale=3  nodes=64
    scale=4  nodes=64
    scale=5  nodes=64
    scale=6  nodes=64
    scale=7  nodes=64
    scale=8  nodes=64
    scale=9  nodes=64
    scale=10  nodes=64
    scale=11  nodes=64
    scale=12  nodes=64
    scale=13  nodes=64
    scale=14  nodes=256

Number of Atoms =  1
[['Hg', 80, 0.0, 0.0, 0.0, 54, 54]]
Using derivative  BS
Hartree-Fock 1e D2
Classic-like energies: cke = 4204.865621901259 cpe = -7225.485311359305 cke + cpe = -3020.619689458046
mu = 77.72541012382047
Error = 0.0429644947918898
Delta E 3312.832800565155
Energy -3312.832800565155 0
Converged?  0.0429644947918898  >  1e-06   ----   3312.832800565155  >  1e-08   ----  iteration 0
Classic-like energies: cke = 4514.384410317263 cpe = -7519.436476927916 cke + cpe = -3005.052066610653
mu = 77.52486138795287
Error = 0.05138191918445023
Delta E 18.89067958527494
Energy -3293.94212097988 -3312.832800565155
Converged?  0.05138191918445023  >  1e-06   ----   18.89067958527494  >  1e-08   ----  iteration 1
Classic-like energies: cke = 5097.325427741483 cpe = -7971.947544982025 cke + cpe = -2874.622117240542
mu = 75.82377090649794
Error = 0.07528093354159411
Delta E 157.37520624607032
Energy -3136.56691473381 -3293.94212097988
Converged?  0.07528093354159411  >  1e-06   ----   157.37520624607032  >  1e-08   ----  iteration 2
Classic-like energies: cke = 5040.979703626444 cpe = -7585.102157399457 cke + cpe = -2544.122453773013
mu = 71.331934696502
Error = 0.11385577208385692
Delta E 391.86252595883707
Energy -2744.704388774973 -3136.56691473381
Converged?  0.11385577208385692  >  1e-06   ----   391.86252595883707  >  1e-08   ----  iteration 3
Classic-like energies: cke = 5439.9989575776635 cpe = -7320.620313291534 cke + cpe = -1880.6213557138708
mu = 61.328971224273296
Error = 0.16084012008601062
Delta E 759.1089212600466
Energy -1985.5954675149262 -2744.704388774973
Converged?  0.16084012008601062  >  1e-06   ----   759.1089212600466  >  1e-08   ----  iteration 4
Classic-like energies: cke = 4175.000572590041 cpe = -5379.259053018955 cke + cpe = -1204.2584804289136
mu = 49.07664374076356
Error = 0.23810460413414078
Delta E 740.0289545373992
Energy -1245.566512977527 -1985.5954675149262
Converged?  0.23810460413414078  >  1e-06   ----   740.0289545373992  >  1e-08   ----  iteration 5
Classic-like energies: cke = 3320.7949232292412 cpe = -4363.651831595181 cke + cpe = -1042.8569083659395
mu = 45.66961590304739
Error = 0.19730303876406297
Delta E 172.02366477318742
Energy -1073.5428482043396 -1245.566512977527
Converged?  0.19730303876406297  >  1e-06   ----   172.02366477318742  >  1e-08   ----  iteration 6
Classic-like energies: cke = 2184.1798563741595 cpe = -3256.9781553934145 cke + cpe = -1072.798299019255
mu = 46.32058503558121
Error = 0.19406184543661276
Delta E 31.78538540094769
Energy -1105.3282336052873 -1073.5428482043396
Converged?  0.19406184543661276  >  1e-06   ----   31.78538540094769  >  1e-08   ----  iteration 7
Classic-like energies: cke = 2108.32193888307 cpe = -3158.3899603845125 cke + cpe = -1050.0680215014427
mu = 45.82724127637278
Error = 0.1796845647609817
Delta E 24.13538162453233
Energy -1081.192851980755 -1105.3282336052873
Converged?  0.1796845647609817  >  1e-06   ----   24.13538162453233  >  1e-08   ----  iteration 8
Classic-like energies: cke = 1697.1965336562625 cpe = -2750.5724243357236 cke + cpe = -1053.375890679461
mu = 45.899365805628754
Error = 0.18664822173462664
Delta E 3.5103028982098294
Energy -1084.7031548789648 -1081.192851980755
Converged?  0.18664822173462664  >  1e-06   ----   3.5103028982098294  >  1e-08   ----  iteration 9
Classic-like energies: cke = 1800.1776740164626 cpe = -2851.293088080317 cke + cpe = -1051.1154140638544
mu = 45.85009081918714
Error = 0.18311861367977325
Delta E 2.3988877366539327
Energy -1082.304267142311 -1084.7031548789648
Converged?  0.18311861367977325  >  1e-06   ----   2.3988877366539327  >  1e-08   ----  iteration 10
Classic-like energies: cke = 1552.2762777826167 cpe = -2603.3884099154047 cke + cpe = -1051.112132132788
mu = 45.850019239533324
Error = 0.11393044674828649
Delta E 0.003482650402929721
Energy -1082.300784491908 -1082.304267142311
Converged?  0.11393044674828649  >  1e-06   ----   0.003482650402929721  >  1e-08   ----  iteration 11
Classic-like energies: cke = 1183.5054932764708 cpe = -3494.9369531293514 cke + cpe = -2311.431459852881
mu = 67.99163860141746
Error = 0.08507814912486192
Delta E 1392.1583071305718
Energy -2474.4590916224797 -1082.300784491908
Converged?  0.08507814912486192  >  1e-06   ----   1392.1583071305718  >  1e-08   ----  iteration 12
Classic-like energies: cke = 1402.673602102529 cpe = -3907.179132935589 cke + cpe = -2504.50553083306
mu = 70.77436726432897
Error = 0.0705556124470483
Delta E 223.91374548139765
Energy -2698.3728371038774 -2474.4590916224797
Converged?  0.0705556124470483  >  1e-06   ----   223.91374548139765  >  1e-08   ----  iteration 13
Classic-like energies: cke = 1704.7924249964813 cpe = -4334.9108089252295 cke + cpe = -2630.1183839287482
mu = 72.52748973911545
Error = 0.06285409717323129
Delta E 147.36646256734002
Energy -2845.7392996712174 -2698.3728371038774
Converged?  0.06285409717323129  >  1e-06   ----   147.36646256734002  >  1e-08   ----  iteration 14
Classic-like energies: cke = 2011.4817678817476, cpe = -4743.50810590747, cke + cpe = -2732.0263380257225
Exact Energy = -3532.192093162126
Dirac Energy = -3046.6799879426253
Kutze Energy = -2966.30470256901
Error Kutze  = 565.8873905931177
Error Dirac  = 485.5121052195009
Delta Energy = -120.56540289779241
Dirac - Kutzelnigg = -80.37528537361504

PARAMETERS:
molecule    = [['Hg', 80, 0.0, 0.0, 0.0, 54, 54]]
D2          = True
prec        = 7
derivative  = BS
box         = 1

-------------------------------
Hg 1 1 7 BS 1
-------------------------------
Now executing: python test.py Input_Making/input__Hg117PH.txt
Input file: Input_Making/input__Hg117PH.txt
Output file: outputs/output__Hg117PH.txt
light_speed = 137.03599913900001  # default 137.03599913900001
derivative = "PH"         # possible values: PH, ABGV, BS
order = 10
box = 1
prec = 1.0e-7                 # precision threshold for the MRA operations
thr  = 1.0e-6                  # error threshold for SCF convergence

readPotential    = False        # bool
computePotential = True         # bool 
savePotential    = False         # bool
potential = "fermi_dirac"       # possible values: point_charge coulomb_HFYGB homogeneus_charge_sphere gaussian

readOrbitals     = False        # bool
saveOrbitals     = False         # bool
saveGuess        = False

scf              = True
ktrs             = False
D2               = True         # bool
two_electrons    = False         # bool

runGaunt         = False
runGaugeA        = False
runGaugeB        = False
runGaugeC        = False
runGaugeD        = False
runGaugeDelta    = False

molecule = [ ["Hg", 80, 0.0, 0.0, 0.0, 54, 54] ]

# With the paramenters I got from Robert, the error is (1) higher than
#  what he gets and (2) dominated by the width of the Gaussian
# I get a much better agreement with the ideal value IF the Gaussian
#  size is reduced by one order of magnitude 3e4->3e5 for Ar
# It seems the position of the nucleus is also important: I get bad
#  results from D2 if I move the nucleus
# Higher prec with off centered nucleus is too demanding for my laptop

**************************************
80 [0.0, 0.0, 0.0]
Fermi Dirac potential
Using Half Charge Radius for Hg: 0.00012485722724
Integral of the Fermi-Dirac distribution via cartesian 3D integration: 8.658788732877495
The normalization constant is: 9.239167563499882
Integral of the Fermi-Dirac distribution via 3D integration: 79.99999999999586
3D density

*FunctionTree: nn
  genNodes: 0
  square norm: 5.70217e+14
  root scale: 0
  order: 10
  nodes: 840
  endNodes: 736
  nodes per scale: 
    scale=0  nodes=8
    scale=1  nodes=64
    scale=2  nodes=64
    scale=3  nodes=64
    scale=4  nodes=64
    scale=5  nodes=64
    scale=6  nodes=64
    scale=7  nodes=64
    scale=8  nodes=64
    scale=9  nodes=64
    scale=10  nodes=64
    scale=11  nodes=64
    scale=12  nodes=64
    scale=13  nodes=64

3D potential

*FunctionTree: nn
  genNodes: 0
  square norm: 98223.3
  root scale: 0
  order: 10
  nodes: 1096
  endNodes: 960
  nodes per scale: 
    scale=0  nodes=8
    scale=1  nodes=64
    scale=2  nodes=64
    scale=3  nodes=64
    scale=4  nodes=64
    scale=5  nodes=64
    scale=6  nodes=64
    scale=7  nodes=64
    scale=8  nodes=64
    scale=9  nodes=64
    scale=10  nodes=64
    scale=11  nodes=64
    scale=12  nodes=64
    scale=13  nodes=64
    scale=14  nodes=256

Potential

*FunctionTree: nn
  genNodes: 0
  square norm: 98223.3
  root scale: 0
  order: 10
  nodes: 1096
  endNodes: 960
  nodes per scale: 
    scale=0  nodes=8
    scale=1  nodes=64
    scale=2  nodes=64
    scale=3  nodes=64
    scale=4  nodes=64
    scale=5  nodes=64
    scale=6  nodes=64
    scale=7  nodes=64
    scale=8  nodes=64
    scale=9  nodes=64
    scale=10  nodes=64
    scale=11  nodes=64
    scale=12  nodes=64
    scale=13  nodes=64
    scale=14  nodes=256

Number of Atoms =  1
[['Hg', 80, 0.0, 0.0, 0.0, 54, 54]]
Using derivative  PH
Hartree-Fock 1e D2
Classic-like energies: cke = 4204.865621901259 cpe = -7225.627300733881 cke + cpe = -3020.7616788326222
mu = 77.72723691001272
Error = 0.042980639776271076
Delta E 3313.0052051044718
Energy -3313.0052051044718 0
Converged?  0.042980639776271076  >  1e-06   ----   3313.0052051044718  >  1e-08   ----  iteration 0
Classic-like energies: cke = 4514.857948221708 cpe = -7519.659974587788 cke + cpe = -3004.80202636608
mu = 77.52163602977016
Error = 0.05140022797577212
Delta E 19.366309788548733
Energy -3293.638895315923 -3313.0052051044718
Converged?  0.05140022797577212  >  1e-06   ----   19.366309788548733  >  1e-08   ----  iteration 1
Classic-like energies: cke = 5097.835101882333 cpe = -7971.8083777602515 cke + cpe = -2873.9732758779182
mu = 75.81521319468696
Error = 0.07532428314820465
Delta E 157.85090711308794
Energy -3135.787988202835 -3293.638895315923
Converged?  0.07532428314820465  >  1e-06   ----   157.85090711308794  >  1e-08   ----  iteration 2
Classic-like energies: cke = 5040.775730080736 cpe = -7583.470997980032 cke + cpe = -2542.6952678992957
mu = 71.31192421887515
Error = 0.11396056487741626
Delta E 392.75500179775645
Energy -2743.0329864050786 -3135.787988202835
Converged?  0.11396056487741626  >  1e-06   ----   392.75500179775645  >  1e-08   ----  iteration 3
Classic-like energies: cke = 5438.947130538156 cpe = -7317.211739290306 cke + cpe = -1878.2646087521498
mu = 61.29053122223937
Error = 0.16099041340021755
Delta E 760.0727151395395
Energy -1982.9602712655392 -2743.0329864050786
Converged?  0.16099041340021755  >  1e-06   ----   760.0727151395395  >  1e-08   ----  iteration 4
Classic-like energies: cke = 4171.527144047995 cpe = -5374.300626252107 cke + cpe = -1202.773482204112
mu = 49.04637565007453
Error = 0.23819605798616472
Delta E 738.984178737677
Energy -1243.9760925278622 -1982.9602712655392
Converged?  0.23819605798616472  >  1e-06   ----   738.984178737677  >  1e-08   ----  iteration 5
Classic-like energies: cke = 3316.5886002176867 cpe = -4359.83274945941 cke + cpe = -1043.2441492417229
mu = 45.67809429566262
Error = 0.19713273143685942
Delta E 170.02251875677916
Energy -1073.953573771083 -1243.9760925278622
Converged?  0.19713273143685942  >  1e-06   ----   170.02251875677916  >  1e-08   ----  iteration 6
Classic-like energies: cke = 2183.106809477481 cpe = -3255.705771013983 cke + cpe = -1072.598961536502
mu = 46.31628140376777
Error = 0.1940382091374491
Delta E 31.162856769738028
Energy -1105.116430540821 -1073.953573771083
Converged?  0.1940382091374491  >  1e-06   ----   31.162856769738028  >  1e-08   ----  iteration 7
Classic-like energies: cke = 2107.4692012513956 cpe = -3157.5917941347034 cke + cpe = -1050.1225928833078
mu = 45.82843206751258
Error = 0.17966875745698016
Delta E 23.865673188068286
Energy -1081.2507573527528 -1105.116430540821
Converged?  0.17966875745698016  >  1e-06   ----   23.865673188068286  >  1e-08   ----  iteration 8
Classic-like energies: cke = 1696.8676185748432 cpe = -2750.2262613931894 cke + cpe = -1053.3586428183462
mu = 45.89899002850381
Error = 0.18663599466274367
Delta E 3.4340923309355276
Energy -1084.6848496836883 -1081.2507573527528
Converged?  0.18663599466274367  >  1e-06   ----   3.4340923309355276  >  1e-08   ----  iteration 9
Classic-like energies: cke = 1799.9519709878273 cpe = -2851.070290950672 cke + cpe = -1051.118319962845
mu = 45.85015419740363
Error = 0.18311543935455027
Delta E 2.37749892019292
Energy -1082.3073507634954 -1084.6848496836883
Converged?  0.18311543935455027  >  1e-06   ----   2.37749892019292  >  1e-08   ----  iteration 10
Classic-like energies: cke = 1552.168481973633 cpe = -2603.2796172143376 cke + cpe = -1051.1111352407045
mu = 45.84999749707091
Error = 0.1139272751148867
Delta E 0.007624132372257009
Energy -1082.2997266311231 -1082.3073507634954
Converged?  0.1139272751148867  >  1e-06   ----   0.007624132372257009  >  1e-08   ----  iteration 11
Classic-like energies: cke = 1183.4322115760804 cpe = -3494.8243807529625 cke + cpe = -2311.392169176882
mu = 67.99106072384636
Error = 0.08507966945905278
Delta E 1392.1141113783024
Energy -2474.4138380094255 -1082.2997266311231
Converged?  0.08507966945905278  >  1e-06   ----   1392.1141113783024  >  1e-08   ----  iteration 12
Classic-like energies: cke = 1402.5926773033066 cpe = -3907.0613438656756 cke + cpe = -2504.468666562369
mu = 70.77384639204469
Error = 0.07055726947457511
Delta E 223.91594890490524
Energy -2698.3297869143307 -2474.4138380094255
Converged?  0.07055726947457511  >  1e-06   ----   223.91594890490524  >  1e-08   ----  iteration 13
Classic-like energies: cke = 1704.7024194007922 cpe = -4334.787971922578 cke + cpe = -2630.085552521786
mu = 72.52703706235056
Error = 0.06285574550475875
Delta E 147.37081753652046
Energy -2845.700604450851 -2698.3297869143307
Converged?  0.06285574550475875  >  1e-06   ----   147.37081753652046  >  1e-08   ----  iteration 14
Classic-like energies: cke = 2011.3850638961794, cpe = -4743.3827072574395, cke + cpe = -2731.99764336126
Exact Energy = -3532.192093162126
Dirac Energy = -3046.6487330778054
Kutze Energy = -2966.270625061063
Error Kutze  = 565.9214681010635
Error Dirac  = 485.54336008432074
Delta Energy = -120.57002061021194
Dirac - Kutzelnigg = -80.37810801674277

PARAMETERS:
molecule    = [['Hg', 80, 0.0, 0.0, 0.0, 54, 54]]
D2          = True
prec        = 7
derivative  = PH
box         = 1

-------------------------------
Hg 1 1 7 PH 1
-------------------------------
Now executing: python test.py Input_Making/input__Hg118ABGV.txt
Input file: Input_Making/input__Hg118ABGV.txt
Output file: outputs/output__Hg118ABGV.txt
light_speed = 137.03599913900001  # default 137.03599913900001
derivative = "ABGV"         # possible values: PH, ABGV, BS
order = 11
box = 1
prec = 1.0e-8                 # precision threshold for the MRA operations
thr  = 1.0e-7                  # error threshold for SCF convergence

readPotential    = False        # bool
computePotential = True         # bool 
savePotential    = False         # bool
potential = "fermi_dirac"       # possible values: point_charge coulomb_HFYGB homogeneus_charge_sphere gaussian

readOrbitals     = False        # bool
saveOrbitals     = False         # bool
saveGuess        = False

scf              = True
ktrs             = False
D2               = True         # bool
two_electrons    = False         # bool

runGaunt         = False
runGaugeA        = False
runGaugeB        = False
runGaugeC        = False
runGaugeD        = False
runGaugeDelta    = False

molecule = [ ["Hg", 80, 0.0, 0.0, 0.0, 54, 54] ]

# With the paramenters I got from Robert, the error is (1) higher than
#  what he gets and (2) dominated by the width of the Gaussian
# I get a much better agreement with the ideal value IF the Gaussian
#  size is reduced by one order of magnitude 3e4->3e5 for Ar
# It seems the position of the nucleus is also important: I get bad
#  results from D2 if I move the nucleus
# Higher prec with off centered nucleus is too demanding for my laptop

**************************************
80 [0.0, 0.0, 0.0]
Fermi Dirac potential
Using Half Charge Radius for Hg: 0.00012485722724
Integral of the Fermi-Dirac distribution via cartesian 3D integration: 8.658788732898016
The normalization constant is: 9.239167563477986
Integral of the Fermi-Dirac distribution via 3D integration: 80.00000000000043
3D density

*FunctionTree: nn
  genNodes: 0
  square norm: 5.70217e+14
  root scale: 0
  order: 11
  nodes: 904
  endNodes: 792
  nodes per scale: 
    scale=0  nodes=8
    scale=1  nodes=64
    scale=2  nodes=64
    scale=3  nodes=64
    scale=4  nodes=64
    scale=5  nodes=64
    scale=6  nodes=64
    scale=7  nodes=64
    scale=8  nodes=64
    scale=9  nodes=64
    scale=10  nodes=64
    scale=11  nodes=64
    scale=12  nodes=64
    scale=13  nodes=64
    scale=14  nodes=64

3D potential

*FunctionTree: nn
  genNodes: 0
  square norm: 98223.3
  root scale: 0
  order: 11
  nodes: 1096
  endNodes: 960
  nodes per scale: 
    scale=0  nodes=8
    scale=1  nodes=64
    scale=2  nodes=64
    scale=3  nodes=64
    scale=4  nodes=64
    scale=5  nodes=64
    scale=6  nodes=64
    scale=7  nodes=64
    scale=8  nodes=64
    scale=9  nodes=64
    scale=10  nodes=64
    scale=11  nodes=64
    scale=12  nodes=64
    scale=13  nodes=64
    scale=14  nodes=256

Potential

*FunctionTree: nn
  genNodes: 0
  square norm: 98223.3
  root scale: 0
  order: 11
  nodes: 1096
  endNodes: 960
  nodes per scale: 
    scale=0  nodes=8
    scale=1  nodes=64
    scale=2  nodes=64
    scale=3  nodes=64
    scale=4  nodes=64
    scale=5  nodes=64
    scale=6  nodes=64
    scale=7  nodes=64
    scale=8  nodes=64
    scale=9  nodes=64
    scale=10  nodes=64
    scale=11  nodes=64
    scale=12  nodes=64
    scale=13  nodes=64
    scale=14  nodes=256

Number of Atoms =  1
[['Hg', 80, 0.0, 0.0, 0.0, 54, 54]]
Using derivative  ABGV
Hartree-Fock 1e D2
Classic-like energies: cke = 4204.926787317323 cpe = -7225.467401288982 cke + cpe = -3020.540613971659
mu = 77.7243927473436
Error = 0.04295997703782445
Delta E 3312.736787363174
Energy -3312.736787363174 0
Converged?  0.04295997703782445  >  1e-07   ----   3312.736787363174  >  1e-09   ----  iteration 0
Classic-like energies: cke = 4514.269737675828 cpe = -7519.349604010091 cke + cpe = -3005.079866334263
mu = 77.52521997820145
Error = 0.05137982228847635
Delta E 18.760953084964058
Energy -3293.9758342782097 -3312.736787363174
Converged?  0.05137982228847635  >  1e-07   ----   18.760953084964058  >  1e-09   ----  iteration 1
Classic-like energies: cke = 5097.214100271872 cpe = -7971.918035525896 cke + cpe = -2874.703935254024
mu = 75.8248499537457
Error = 0.07527546574793895
Delta E 157.31069521416475
Energy -3136.665139064045 -3293.9758342782097
Converged?  0.07527546574793895  >  1e-07   ----   157.31069521416475  >  1e-09   ----  iteration 2
Classic-like energies: cke = 5040.973758252594 cpe = -7585.278681837083 cke + cpe = -2544.304923584489
mu = 71.33449268880364
Error = 0.11384210961457758
Delta E 391.74704413552627
Energy -2744.9180949285187 -3136.665139064045
Converged?  0.11384210961457758  >  1e-07   ----   391.74704413552627  >  1e-09   ----  iteration 3
Classic-like energies: cke = 5440.110307549433 cpe = -7321.033727195839 cke + cpe = -1880.9234196464058
mu = 61.33389633223061
Error = 0.16082065300914994
Delta E 758.9848447771692
Energy -1985.9332501513495 -2744.9180949285187
Converged?  0.16082065300914994  >  1e-07   ----   758.9848447771692  >  1e-09   ----  iteration 4
Classic-like energies: cke = 4175.434351935524 cpe = -5379.8832983160455 cke + cpe = -1204.4489463805212
mu = 49.08052457707683
Error = 0.23809266669332343
Delta E 740.1627393235756
Energy -1245.770510827774 -1985.9332501513495
Converged?  0.23809266669332343  >  1e-07   ----   740.1627393235756  >  1e-09   ----  iteration 5
Classic-like energies: cke = 3321.329096396643 cpe = -4364.135991784693 cke + cpe = -1042.8068953880502
mu = 45.66852078594292
Error = 0.19732484526307845
Delta E 172.2807080040766
Energy -1073.4898028236973 -1245.770510827774
Converged?  0.19732484526307845  >  1e-07   ----   172.2807080040766  >  1e-09   ----  iteration 6
Classic-like energies: cke = 2184.3150185012255 cpe = -3257.138869165062 cke + cpe = -1072.8238506638363
mu = 46.321136658416236
Error = 0.19406480262114917
Delta E 31.86558048336792
Energy -1105.3553833070653 -1073.4898028236973
Converged?  0.19406480262114917  >  1e-07   ----   31.86558048336792  >  1e-09   ----  iteration 7
Classic-like energies: cke = 2108.429966638759 cpe = -3158.4908680762665 cke + cpe = -1050.0609014375073
mu = 45.82708590860884
Error = 0.17968657735886626
Delta E 24.170086370258105
Energy -1081.1852969368072 -1105.3553833070653
Converged?  0.17968657735886626  >  1e-07   ----   24.170086370258105  >  1e-09   ----  iteration 8
Classic-like energies: cke = 1697.2379985464916 cpe = -2750.6160783017244 cke + cpe = -1053.3780797552329
mu = 45.899413498545556
Error = 0.18664976386409596
Delta E 3.5201812147386136
Energy -1084.7054781515458 -1081.1852969368072
Converged?  0.18664976386409596  >  1e-07   ----   3.5201812147386136  >  1e-09   ----  iteration 9
Classic-like energies: cke = 1800.2061802210412 cpe = -2851.3211387473357 cke + cpe = -1051.1149585262945
mu = 45.850080883817306
Error = 0.18311901144086692
Delta E 2.401694407019022
Energy -1082.3037837445268 -1084.7054781515458
Converged?  0.18311901144086692  >  1e-07   ----   2.401694407019022  >  1e-09   ----  iteration 10
Classic-like energies: cke = 1552.2898338499604 cpe = -2603.402043124895 cke + cpe = -1051.1122092749347
mu = 45.85002092202215
Error = 0.11393084474863585
Delta E 0.002917392551125886
Energy -1082.3008663519756 -1082.3037837445268
Converged?  0.11393084474863585  >  1e-07   ----   0.002917392551125886  >  1e-09   ----  iteration 11
Classic-like energies: cke = 1183.5146857365462 cpe = -3494.9510514991252 cke + cpe = -2311.436365762579
mu = 67.9917107559823
Error = 0.0850779555125868
Delta E 1392.1638757328622
Energy -2474.464742084838 -1082.3008663519756
Converged?  0.0850779555125868  >  1e-07   ----   1392.1638757328622  >  1e-09   ----  iteration 12
Classic-like energies: cke = 1402.6837475624332 cpe = -3907.193881560826 cke + cpe = -2504.510133998393
mu = 70.77443230430595
Error = 0.07055540221846406
Delta E 223.9134706153759
Energy -2698.3782127002137 -2474.464742084838
Converged?  0.07055540221846406  >  1e-07   ----   223.9134706153759  >  1e-09   ----  iteration 13
Classic-like energies: cke = 1704.8037124799166 cpe = -4334.926191701035 cke + cpe = -2630.1224792211187
mu = 72.52754620447487
Error = 0.06285388915358579
Delta E 147.36591370466567
Energy -2845.7441264048794 -2698.3782127002137
Converged?  0.06285388915358579  >  1e-07   ----   147.36591370466567  >  1e-09   ----  iteration 14
Classic-like energies: cke = 2011.4938990435555, cpe = -4743.523808211417, cke + cpe = -2732.0299091678617
Exact Energy = -3532.192093162126
Dirac Energy = -3046.6838970613917
Kutze Energy = -2966.3089436282567
Error Kutze  = 565.8831495338709
Error Dirac  = 485.5081961007345
Delta Energy = -120.5648172233773
Dirac - Kutzelnigg = -80.3749534331364

PARAMETERS:
molecule    = [['Hg', 80, 0.0, 0.0, 0.0, 54, 54]]
D2          = True
prec        = 8
derivative  = ABGV
box         = 1

-------------------------------
Hg 1 1 8 ABGV 1
-------------------------------
Now executing: python test.py Input_Making/input__Hg118BS.txt
Input file: Input_Making/input__Hg118BS.txt
Output file: outputs/output__Hg118BS.txt
light_speed = 137.03599913900001  # default 137.03599913900001
derivative = "BS"         # possible values: PH, ABGV, BS
order = 11
box = 1
prec = 1.0e-8                 # precision threshold for the MRA operations
thr  = 1.0e-7                  # error threshold for SCF convergence

readPotential    = False        # bool
computePotential = True         # bool 
savePotential    = False         # bool
potential = "fermi_dirac"       # possible values: point_charge coulomb_HFYGB homogeneus_charge_sphere gaussian

readOrbitals     = False        # bool
saveOrbitals     = False         # bool
saveGuess        = False

scf              = True
ktrs             = False
D2               = True         # bool
two_electrons    = False         # bool

runGaunt         = False
runGaugeA        = False
runGaugeB        = False
runGaugeC        = False
runGaugeD        = False
runGaugeDelta    = False

molecule = [ ["Hg", 80, 0.0, 0.0, 0.0, 54, 54] ]

# With the paramenters I got from Robert, the error is (1) higher than
#  what he gets and (2) dominated by the width of the Gaussian
# I get a much better agreement with the ideal value IF the Gaussian
#  size is reduced by one order of magnitude 3e4->3e5 for Ar
# It seems the position of the nucleus is also important: I get bad
#  results from D2 if I move the nucleus
# Higher prec with off centered nucleus is too demanding for my laptop

**************************************
80 [0.0, 0.0, 0.0]
Fermi Dirac potential
Using Half Charge Radius for Hg: 0.00012485722724
Integral of the Fermi-Dirac distribution via cartesian 3D integration: 8.658788732898016
The normalization constant is: 9.239167563477986
Integral of the Fermi-Dirac distribution via 3D integration: 80.00000000000043
3D density

*FunctionTree: nn
  genNodes: 0
  square norm: 5.70217e+14
  root scale: 0
  order: 11
  nodes: 904
  endNodes: 792
  nodes per scale: 
    scale=0  nodes=8
    scale=1  nodes=64
    scale=2  nodes=64
    scale=3  nodes=64
    scale=4  nodes=64
    scale=5  nodes=64
    scale=6  nodes=64
    scale=7  nodes=64
    scale=8  nodes=64
    scale=9  nodes=64
    scale=10  nodes=64
    scale=11  nodes=64
    scale=12  nodes=64
    scale=13  nodes=64
    scale=14  nodes=64

3D potential

*FunctionTree: nn
  genNodes: 0
  square norm: 98223.3
  root scale: 0
  order: 11
  nodes: 1096
  endNodes: 960
  nodes per scale: 
    scale=0  nodes=8
    scale=1  nodes=64
    scale=2  nodes=64
    scale=3  nodes=64
    scale=4  nodes=64
    scale=5  nodes=64
    scale=6  nodes=64
    scale=7  nodes=64
    scale=8  nodes=64
    scale=9  nodes=64
    scale=10  nodes=64
    scale=11  nodes=64
    scale=12  nodes=64
    scale=13  nodes=64
    scale=14  nodes=256

Potential

*FunctionTree: nn
  genNodes: 0
  square norm: 98223.3
  root scale: 0
  order: 11
  nodes: 1096
  endNodes: 960
  nodes per scale: 
    scale=0  nodes=8
    scale=1  nodes=64
    scale=2  nodes=64
    scale=3  nodes=64
    scale=4  nodes=64
    scale=5  nodes=64
    scale=6  nodes=64
    scale=7  nodes=64
    scale=8  nodes=64
    scale=9  nodes=64
    scale=10  nodes=64
    scale=11  nodes=64
    scale=12  nodes=64
    scale=13  nodes=64
    scale=14  nodes=256

Number of Atoms =  1
[['Hg', 80, 0.0, 0.0, 0.0, 54, 54]]
Using derivative  BS
Hartree-Fock 1e D2
Classic-like energies: cke = 4204.926787317323 cpe = -7225.468615432789 cke + cpe = -3020.541828115466
mu = 77.72440836848443
Error = 0.04296011785795522
Delta E 3312.7382615681854
Energy -3312.7382615681854 0
Converged?  0.04296011785795522  >  1e-07   ----   3312.7382615681854  >  1e-09   ----  iteration 0
Classic-like energies: cke = 4514.272534156558 cpe = -7519.35163034127 cke + cpe = -3005.0790961847115
mu = 77.52521004402003
Error = 0.05138001795608484
Delta E 18.763361267212076
Energy -3293.9749003009733 -3312.7382615681854
Converged?  0.05138001795608484  >  1e-07   ----   18.763361267212076  >  1e-09   ----  iteration 1
Classic-like energies: cke = 5097.2201505985495 cpe = -7971.918383499331 cke + cpe = -2874.6982329007815
mu = 75.82477474942846
Error = 0.07527588408022465
Delta E 157.31660705779586
Energy -3136.6582932431775 -3293.9749003009733
Converged?  0.07527588408022465  >  1e-07   ----   157.31660705779586  >  1e-09   ----  iteration 2
Classic-like energies: cke = 5040.972992549197 cpe = -7585.265019623645 cke + cpe = -2544.292027074447
mu = 71.33431189931599
Error = 0.11384310536555235
Delta E 391.7553026248006
Energy -2744.902990618377 -3136.6582932431775
Converged?  0.11384310536555235  >  1e-07   ----   391.7553026248006  >  1e-09   ----  iteration 3
Classic-like energies: cke = 5440.1016547741765 cpe = -7321.003727339507 cke + cpe = -1880.9020725653309
mu = 61.333548284203005
Error = 0.16082206082482609
Delta E 758.9936120383836
Energy -1985.9093785799932 -2744.902990618377
Converged?  0.16082206082482609  >  1e-07   ----   758.9936120383836  >  1e-09   ----  iteration 4
Classic-like energies: cke = 4175.403245532125 cpe = -5379.838715274187 cke + cpe = -1204.4354697420622
mu = 49.08024999410786
Error = 0.23809353567008493
Delta E 740.1533019338299
Energy -1245.7560766461634 -1985.9093785799932
Converged?  0.23809353567008493  >  1e-07   ----   740.1533019338299  >  1e-09   ----  iteration 5
Classic-like energies: cke = 3321.2911481853425 cpe = -4364.101541885455 cke + cpe = -1042.8103937001124
mu = 45.66859738814216
Error = 0.19732333320929218
Delta E 172.2625634048054
Energy -1073.493513241358 -1245.7560766461634
Converged?  0.19732333320929218  >  1e-07   ----   172.2625634048054  >  1e-09   ----  iteration 6
Classic-like energies: cke = 2184.305338748713 cpe = -3257.127372268383 cke + cpe = -1072.8220335196702
mu = 46.32109742913417
Error = 0.19406461428688673
Delta E 31.859939271888834
Energy -1105.3534525132468 -1073.493513241358
Converged?  0.19406461428688673  >  1e-07   ----   31.859939271888834  >  1e-09   ----  iteration 7
Classic-like energies: cke = 2108.422258477416 cpe = -3158.4836510975215 cke + cpe = -1050.0613926201054
mu = 45.82709662677978
Error = 0.17968645383544235
Delta E 24.16763438654516
Energy -1081.1858181267016 -1105.3534525132468
Converged?  0.17968645383544235  >  1e-07   ----   24.16763438654516  >  1e-09   ----  iteration 8
Classic-like energies: cke = 1697.2350207166742 cpe = -2750.6129384781398 cke + cpe = -1053.3779177614656
mu = 45.899409969224344
Error = 0.18664966786985038
Delta E 3.519488100371518
Energy -1084.7053062270732 -1081.1858181267016
Converged?  0.18664966786985038  >  1e-07   ----   3.519488100371518  >  1e-09   ----  iteration 9
Classic-like energies: cke = 1800.2041336020784 cpe = -2851.3191159735034 cke + cpe = -1051.114982371425
mu = 45.85008140388466
Error = 0.18311899373053586
Delta E 2.401497179072294
Energy -1082.3038090480009 -1084.7053062270732
Converged?  0.18311899373053586  >  1e-07   ----   2.401497179072294  >  1e-09   ----  iteration 10
Classic-like energies: cke = 1552.2888541780922 cpe = -2603.4010498387156 cke + cpe = -1051.1121956606235
mu = 45.85002062509075
Error = 0.11393082102672891
Delta E 0.002957142972263682
Energy -1082.3008519050286 -1082.3038090480009
Converged?  0.11393082102672891  >  1e-07   ----   0.002957142972263682  >  1e-09   ----  iteration 11
Classic-like energies: cke = 1183.5140192847903 cpe = -3494.950027261291 cke + cpe = -2311.4360079765006
mu = 67.99170549378064
Error = 0.0850779695564321
Delta E 1392.1634780937288
Energy -2474.4643299987574 -1082.3008519050286
Converged?  0.0850779695564321  >  1e-07   ----   1392.1634780937288  >  1e-09   ----  iteration 12
Classic-like energies: cke = 1402.6830120088805 cpe = -3907.1928104105955 cke + cpe = -2504.5097984017148
mu = 70.77442756252734
Error = 0.07055541735100838
Delta E 223.913490790148
Energy -2698.3778207889054 -2474.4643299987574
Converged?  0.07055541735100838  >  1e-07   ----   223.913490790148  >  1e-09   ----  iteration 13
Classic-like energies: cke = 1704.8028946548402 cpe = -4334.925075470359 cke + cpe = -2630.1221808155187
mu = 72.52754209009869
Error = 0.06285390422704971
Delta E 147.36595391347555
Energy -2845.743774702381 -2698.3778207889054
Converged?  0.06285390422704971  >  1e-07   ----   147.36595391347555  >  1e-09   ----  iteration 14
Classic-like energies: cke = 2011.4930207253706, cpe = -4743.522669474602, cke + cpe = -2732.029648749231
Exact Energy = -3532.192093162126
Dirac Energy = -3046.6836134144796
Kutze Energy = -2966.30863435718
Error Kutze  = 565.8834588049467
Error Dirac  = 485.50847974764656
Delta Energy = -120.56485965479897
Dirac - Kutzelnigg = -80.37497905729833

PARAMETERS:
molecule    = [['Hg', 80, 0.0, 0.0, 0.0, 54, 54]]
D2          = True
prec        = 8
derivative  = BS
box         = 1

-------------------------------
Hg 1 1 8 BS 1
-------------------------------
Now executing: python test.py Input_Making/input__Hg118PH.txt
Input file: Input_Making/input__Hg118PH.txt
Output file: outputs/output__Hg118PH.txt
light_speed = 137.03599913900001  # default 137.03599913900001
derivative = "PH"         # possible values: PH, ABGV, BS
order = 11
box = 1
prec = 1.0e-8                 # precision threshold for the MRA operations
thr  = 1.0e-7                  # error threshold for SCF convergence

readPotential    = False        # bool
computePotential = True         # bool 
savePotential    = False         # bool
potential = "fermi_dirac"       # possible values: point_charge coulomb_HFYGB homogeneus_charge_sphere gaussian

readOrbitals     = False        # bool
saveOrbitals     = False         # bool
saveGuess        = False

scf              = True
ktrs             = False
D2               = True         # bool
two_electrons    = False         # bool

runGaunt         = False
runGaugeA        = False
runGaugeB        = False
runGaugeC        = False
runGaugeD        = False
runGaugeDelta    = False

molecule = [ ["Hg", 80, 0.0, 0.0, 0.0, 54, 54] ]

# With the paramenters I got from Robert, the error is (1) higher than
#  what he gets and (2) dominated by the width of the Gaussian
# I get a much better agreement with the ideal value IF the Gaussian
#  size is reduced by one order of magnitude 3e4->3e5 for Ar
# It seems the position of the nucleus is also important: I get bad
#  results from D2 if I move the nucleus
# Higher prec with off centered nucleus is too demanding for my laptop

**************************************
80 [0.0, 0.0, 0.0]
Fermi Dirac potential
Using Half Charge Radius for Hg: 0.00012485722724
Integral of the Fermi-Dirac distribution via cartesian 3D integration: 8.658788732898016
The normalization constant is: 9.239167563477986
Integral of the Fermi-Dirac distribution via 3D integration: 80.00000000000043
3D density

*FunctionTree: nn
  genNodes: 0
  square norm: 5.70217e+14
  root scale: 0
  order: 11
  nodes: 904
  endNodes: 792
  nodes per scale: 
    scale=0  nodes=8
    scale=1  nodes=64
    scale=2  nodes=64
    scale=3  nodes=64
    scale=4  nodes=64
    scale=5  nodes=64
    scale=6  nodes=64
    scale=7  nodes=64
    scale=8  nodes=64
    scale=9  nodes=64
    scale=10  nodes=64
    scale=11  nodes=64
    scale=12  nodes=64
    scale=13  nodes=64
    scale=14  nodes=64

3D potential

*FunctionTree: nn
  genNodes: 0
  square norm: 98223.3
  root scale: 0
  order: 11
  nodes: 1096
  endNodes: 960
  nodes per scale: 
    scale=0  nodes=8
    scale=1  nodes=64
    scale=2  nodes=64
    scale=3  nodes=64
    scale=4  nodes=64
    scale=5  nodes=64
    scale=6  nodes=64
    scale=7  nodes=64
    scale=8  nodes=64
    scale=9  nodes=64
    scale=10  nodes=64
    scale=11  nodes=64
    scale=12  nodes=64
    scale=13  nodes=64
    scale=14  nodes=256

Potential

*FunctionTree: nn
  genNodes: 0
  square norm: 98223.3
  root scale: 0
  order: 11
  nodes: 1096
  endNodes: 960
  nodes per scale: 
    scale=0  nodes=8
    scale=1  nodes=64
    scale=2  nodes=64
    scale=3  nodes=64
    scale=4  nodes=64
    scale=5  nodes=64
    scale=6  nodes=64
    scale=7  nodes=64
    scale=8  nodes=64
    scale=9  nodes=64
    scale=10  nodes=64
    scale=11  nodes=64
    scale=12  nodes=64
    scale=13  nodes=64
    scale=14  nodes=256

Number of Atoms =  1
[['Hg', 80, 0.0, 0.0, 0.0, 54, 54]]
Using derivative  PH
Hartree-Fock 1e D2
Classic-like energies: cke = 4204.926787317323 cpe = -7225.484825473473 cke + cpe = -3020.5580381561504
mu = 77.7246169261213
Error = 0.04296194629989829
Delta E 3312.7579437009063
Energy -3312.7579437009063 0
Converged?  0.04296194629989829  >  1e-07   ----   3312.7579437009063  >  1e-09   ----  iteration 0
Classic-like energies: cke = 4514.344262935279 cpe = -7519.376110753357 cke + cpe = -3005.031847818078
mu = 77.5246005835319
Error = 0.05138177585460225
Delta E 18.84034242179223
Energy -3293.917601279114 -3312.7579437009063
Converged?  0.05138177585460225  >  1e-07   ----   18.84034242179223  >  1e-09   ----  iteration 1
Classic-like energies: cke = 5097.268462439814 cpe = -7971.88053795821 cke + cpe = -2874.6120755183956
mu = 75.82363847136848
Error = 0.07528084994030261
Delta E 157.3627418117835
Energy -3136.5548594673305 -3293.917601279114
Converged?  0.07528084994030261  >  1e-07   ----   157.3627418117835  >  1e-09   ----  iteration 2
Classic-like energies: cke = 5040.934183256382 cpe = -7585.040147080392 cke + cpe = -2544.1059638240095
mu = 71.33170352408541
Error = 0.11385580937493033
Delta E 391.86978335530785
Energy -2744.6850761120227 -3136.5548594673305
Converged?  0.11385580937493033  >  1e-07   ----   391.86978335530785  >  1e-09   ----  iteration 3
Classic-like energies: cke = 5439.954898047466 cpe = -7320.549615115934 cke + cpe = -1880.5947170684685
mu = 61.32853686610286
Error = 0.160840743166338
Delta E 759.1193969049025
Energy -1985.5656792071202 -2744.6850761120227
Converged?  0.160840743166338  >  1e-07   ----   759.1193969049025  >  1e-09   ----  iteration 4
Classic-like energies: cke = 4174.947231011694 cpe = -5379.188062441358 cke + cpe = -1204.2408314296636
mu = 49.07628411829208
Error = 0.23810492137798545
Delta E 740.0180690045509
Energy -1245.5476102025693 -1985.5656792071202
Converged?  0.23810492137798545  >  1e-07   ----   740.0180690045509  >  1e-09   ----  iteration 5
Classic-like energies: cke = 3320.7389688924795 cpe = -4363.600090677069 cke + cpe = -1042.8611217845892
mu = 45.669708161637935
Error = 0.1973004130227778
Delta E 172.00029310298464
Energy -1073.5473170995847 -1245.5476102025693
Converged?  0.1973004130227778  >  1e-07   ----   172.00029310298464  >  1e-09   ----  iteration 6
Classic-like energies: cke = 2184.1647178173225 cpe = -3256.960739380116 cke + cpe = -1072.7960215627936
mu = 46.320535868290506
Error = 0.1940610396514384
Delta E 31.778496614026608
Energy -1105.3258137136113 -1073.5473170995847
Converged?  0.1940610396514384  >  1e-07   ----   31.778496614026608  >  1e-09   ----  iteration 7
Classic-like energies: cke = 2108.3105030452152 cpe = -3158.379088676046 cke + cpe = -1050.068585630831
mu = 45.8272535862849
Error = 0.17968399209691804
Delta E 24.132363139451627
Energy -1081.1934505741597 -1105.3258137136113
Converged?  0.17968399209691804  >  1e-07   ----   24.132363139451627  >  1e-09   ----  iteration 8
Classic-like energies: cke = 1697.192050773234 cpe = -2750.567745736056 cke + cpe = -1053.375694962822
mu = 45.89936154159058
Error = 0.18664778189669423
Delta E 3.509496590173285
Energy -1084.702947164333 -1081.1934505741597
Converged?  0.18664778189669423  >  1e-07   ----   3.509496590173285  >  1e-09   ----  iteration 9
Classic-like energies: cke = 1800.1746295525945 cpe = -2851.2900081745656 cke + cpe = -1051.115378621971
mu = 45.8500900461923
Error = 0.18311835971979226
Delta E 2.398717631497675
Energy -1082.3042295328353 -1084.702947164333
Converged?  0.18311835971979226  >  1e-07   ----   2.398717631497675  >  1e-09   ----  iteration 10
Classic-like energies: cke = 1552.2748139114947 cpe = -2603.3868935827854 cke + cpe = -1051.1120796712908
mu = 45.85001809533538
Error = 0.11393030916501687
Delta E 0.003500710907701432
Energy -1082.3007288219276 -1082.3042295328353
Converged?  0.11393030916501687  >  1e-07   ----   0.003500710907701432  >  1e-09   ----  iteration 11
Classic-like energies: cke = 1183.5044402647345 cpe = -3494.9353134971107 cke + cpe = -2311.430873232376
mu = 67.9916299735839
Error = 0.08507816583290428
Delta E 1392.157687150848
Energy -2474.4584159727756 -1082.3007288219276
Converged?  0.08507816583290428  >  1e-07   ----   1392.157687150848  >  1e-09   ----  iteration 12
Classic-like energies: cke = 1402.6724316470732 cpe = -3907.1774103454804 cke + cpe = -2504.5049786984073
mu = 70.77435946299207
Error = 0.07055563332124488
Delta E 223.91377634599257
Energy -2698.372192318768 -2474.4584159727756
Converged?  0.07055563332124488  >  1e-07   ----   223.91377634599257  >  1e-09   ----  iteration 13
Classic-like energies: cke = 1704.791124671256 cpe = -4334.909011512587 cke + cpe = -2630.1178868413313
mu = 72.5274828853357
Error = 0.06285411916029365
Delta E 147.36652148263784
Energy -2845.738713801406 -2698.372192318768
Converged?  0.06285411916029365  >  1e-07   ----   147.36652148263784  >  1e-09   ----  iteration 14
Classic-like energies: cke = 2011.4803724520095, cpe = -4743.506267134922, cke + cpe = -2732.0258946829126
Exact Energy = -3532.192093162126
Dirac Energy = -3046.679527148048
Kutze Energy = -2966.304176058789
Error Kutze  = 565.8879171033368
Error Dirac  = 485.5125660140784
Delta Energy = -120.56546225738293
Dirac - Kutzelnigg = -80.37535108926022

PARAMETERS:
molecule    = [['Hg', 80, 0.0, 0.0, 0.0, 54, 54]]
D2          = True
prec        = 8
derivative  = PH
box         = 1

-------------------------------
Hg 1 1 8 PH 1
-------------------------------
