Now executing: python test.py Input_Making/input__Ar004ABGV.txt
Input file: Input_Making/input__Ar004ABGV.txt
Output file: outputs/output__Ar004ABGV.txt
light_speed = 137.03599913900001  # default 137.03599913900001
derivative = "ABGV"         # possible values: PH, ABGV, BS
order = 7
box = 1
prec = 1.0e-4                 # precision threshold for the MRA operations
thr  = 1.0e-3                  # error threshold for SCF convergence

readPotential    = False         # bool
computePotential = True         # bool 
savePotential    = False         # bool
potential = "fermi_dirac"       # possible values: point_charge coulomb_HFYGB homogeneus_charge_sphere gaussian

readOrbitals     = False         # bool
saveOrbitals     = False         # bool
saveGuess        = False

scf              = True
ktrs             = False
D2               = False         # bool
two_electrons    = False         # bool

runGaunt         = False
runGaugeA        = False
runGaugeB        = False
runGaugeC        = False
runGaugeD        = False
runGaugeDelta    = False

molecule = [ ["Ar", 18, 0.1, 0.2, 0.3, 54, 54] ]

# With the paramenters I got from Robert, the error is (1) higher than
#  what he gets and (2) dominated by the width of the Gaussian
# I get a much better agreement with the ideal value IF the Gaussian
#  size is reduced by one order of magnitude 3e4->3e5 for Ar
# It seems the position of the nucleus is also important: I get bad
#  results from D2 if I move the nucleus
# Higher prec with off centered nucleus is too demanding for my laptop

**************************************
18 [0.1, 0.2, 0.3]
Fermi Dirac potential
Using Half Charge Radius for Ar: 6.8888709658e-05
Integral of the Fermi-Dirac distribution via cartesian 3D integration: 1.648298032380877
The normalization constant is: 10.92035520663698
Integral of the Fermi-Dirac distribution via 3D integration: 17.999999999999975
3D density

*FunctionTree: nn
  genNodes: 0
  square norm: 1.21425e+14
  root scale: 0
  order: 7
  nodes: 264
  endNodes: 232
  nodes per scale: 
    scale=0  nodes=8
    scale=1  nodes=8
    scale=2  nodes=8
    scale=3  nodes=8
    scale=4  nodes=8
    scale=5  nodes=8
    scale=6  nodes=8
    scale=7  nodes=8
    scale=8  nodes=8
    scale=9  nodes=8
    scale=10  nodes=8
    scale=11  nodes=32
    scale=12  nodes=144

3D potential

*FunctionTree: nn
  genNodes: 0
  square norm: 4812.71
  root scale: 0
  order: 7
  nodes: 736
  endNodes: 645
  nodes per scale: 
    scale=0  nodes=8
    scale=1  nodes=56
    scale=2  nodes=48
    scale=3  nodes=56
    scale=4  nodes=48
    scale=5  nodes=56
    scale=6  nodes=48
    scale=7  nodes=56
    scale=8  nodes=48
    scale=9  nodes=56
    scale=10  nodes=48
    scale=11  nodes=56
    scale=12  nodes=48
    scale=13  nodes=56
    scale=14  nodes=48

Potential

*FunctionTree: nn
  genNodes: 0
  square norm: 4812.71
  root scale: 0
  order: 7
  nodes: 736
  endNodes: 645
  nodes per scale: 
    scale=0  nodes=8
    scale=1  nodes=56
    scale=2  nodes=48
    scale=3  nodes=56
    scale=4  nodes=48
    scale=5  nodes=56
    scale=6  nodes=48
    scale=7  nodes=56
    scale=8  nodes=48
    scale=9  nodes=56
    scale=10  nodes=48
    scale=11  nodes=56
    scale=12  nodes=48
    scale=13  nodes=56
    scale=14  nodes=48

Number of Atoms =  1
[['Ar', 18, 0.1, 0.2, 0.3, 54, 54]]
Using derivative  ABGV
One-electron calculations 0.0001
calc_dirac_mu 324.0319173970182 18616.144103724895 137.035999139
Error 0.0024877652098755994
Delta E 18616.144103724895
Energy -162.72095629911564
Converged?  0.0024877652098755994  >  0.001   ----   18616.144103724895  >  1e-05   ----  iteration 0
calc_dirac_mu 324.0335819658251 18616.1432641656 137.035999139
Error 0.0014326540695282102
Delta E 0.0008395592958549969
Energy -162.7217958584115
Converged?  0.0014326540695282102  >  0.001   ----   0.0008395592958549969  >  1e-05   ----  iteration 1
calc_dirac_mu 324.0412491032107 18616.139397087674 137.035999139
Error 0.0007911452121781738
Delta E 0.0038670779249514453
Energy -162.72566293633645
Converged?  0.0007911452121781738  >  0.001   ----   0.0038670779249514453  >  1e-05   ----  iteration 2
calc_dirac_mu 324.04413662750767 18616.13794070539 137.035999139
Error 0.00042555237871841995
Delta E 0.0014563822842319496
Energy -162.72711931862068
Converged?  0.00042555237871841995  >  0.001   ----   0.0014563822842319496  >  1e-05   ----  iteration 3
calc_dirac_mu 324.0445974084657 18616.137708301023 137.035999139
Error 0.00022387510597403424
Delta E 0.00023240436712512746
Energy -162.7273517229878
Converged?  0.00022387510597403424  >  0.001   ----   0.00023240436712512746  >  1e-05   ----  iteration 4
calc_dirac_mu 324.04469724082134 18616.13765794852 137.035999139
Error 0.00011616518970319435
Delta E 5.035250433138572e-05
Energy -162.72740207549214
Converged?  0.00011616518970319435  >  0.001   ----   5.035250433138572e-05  >  1e-05   ----  iteration 5
calc_dirac_mu 324.04473262016324 18616.137640104218 137.035999139
Error 5.9731366487729224e-05
Delta E 1.784430060070008e-05
Energy -162.72741991979274
Converged?  5.9731366487729224e-05  >  0.001   ----   1.784430060070008e-05  >  1e-05   ----  iteration 6
calc_dirac_mu 324.04474457600014 18616.137634074046 137.035999139
Error 3.05232421556577e-05
Delta E 6.030171789461747e-06
Energy -162.72742594996453
Converged?  3.05232421556577e-05  >  0.001   ----   6.030171789461747e-06  >  1e-05   ----  iteration 7
calc_dirac_mu 324.0447492105001 18616.13763173654 137.035999139
Error 1.5532244562564762e-05
Delta E 2.3375068849418312e-06
Energy -162.7274282874714
Converged?  1.5532244562564762e-05  >  0.001   ----   2.3375068849418312e-06  >  1e-05   ----  iteration 8
calc_dirac_mu 324.04475115070727 18616.137630757956 137.035999139
Error 7.881375206554719e-06
Delta E 9.78583557298407e-07
Energy -162.72742926605497
Converged?  7.881375206554719e-06  >  0.001   ----   9.78583557298407e-07  >  1e-05   ----  iteration 9
Classic-like energies: cke = 167.7529491959395, cpe = -329.68533841271756, cke + cpe = -161.93238921677806
Exact Energy = -162.70485811494655
Dirac Energy = -162.7274297101212
Kutze Energy = -162.636656539801
Error Kutze  = 0.0682015751444851
Error Dirac  = -0.02257159517466789
Delta Energy = -4.4406624510884285e-07
Dirac - Kutzelnigg = -0.090773170319153

PARAMETERS:
molecule    = [['Ar', 18, 0.1, 0.2, 0.3, 54, 54]]
D2          = False
prec        = 4
derivative  = ABGV
box         = 1

-------------------------------
Ar 0 0 4 ABGV 1
-------------------------------
Now executing: python test.py Input_Making/input__Ar004BS.txt
Input file: Input_Making/input__Ar004BS.txt
Output file: outputs/output__Ar004BS.txt
light_speed = 137.03599913900001  # default 137.03599913900001
derivative = "BS"         # possible values: PH, ABGV, BS
order = 7
box = 1
prec = 1.0e-4                 # precision threshold for the MRA operations
thr  = 1.0e-3                  # error threshold for SCF convergence

readPotential    = False         # bool
computePotential = True         # bool 
savePotential    = False         # bool
potential = "fermi_dirac"       # possible values: point_charge coulomb_HFYGB homogeneus_charge_sphere gaussian

readOrbitals     = False         # bool
saveOrbitals     = False         # bool
saveGuess        = False

scf              = True
ktrs             = False
D2               = False         # bool
two_electrons    = False         # bool

runGaunt         = False
runGaugeA        = False
runGaugeB        = False
runGaugeC        = False
runGaugeD        = False
runGaugeDelta    = False

molecule = [ ["Ar", 18, 0.1, 0.2, 0.3, 54, 54] ]

# With the paramenters I got from Robert, the error is (1) higher than
#  what he gets and (2) dominated by the width of the Gaussian
# I get a much better agreement with the ideal value IF the Gaussian
#  size is reduced by one order of magnitude 3e4->3e5 for Ar
# It seems the position of the nucleus is also important: I get bad
#  results from D2 if I move the nucleus
# Higher prec with off centered nucleus is too demanding for my laptop

**************************************
18 [0.1, 0.2, 0.3]
Fermi Dirac potential
Using Half Charge Radius for Ar: 6.8888709658e-05
Integral of the Fermi-Dirac distribution via cartesian 3D integration: 1.648298032380877
The normalization constant is: 10.92035520663698
Integral of the Fermi-Dirac distribution via 3D integration: 17.999999999999975
3D density

*FunctionTree: nn
  genNodes: 0
  square norm: 1.21425e+14
  root scale: 0
  order: 7
  nodes: 264
  endNodes: 232
  nodes per scale: 
    scale=0  nodes=8
    scale=1  nodes=8
    scale=2  nodes=8
    scale=3  nodes=8
    scale=4  nodes=8
    scale=5  nodes=8
    scale=6  nodes=8
    scale=7  nodes=8
    scale=8  nodes=8
    scale=9  nodes=8
    scale=10  nodes=8
    scale=11  nodes=32
    scale=12  nodes=144

3D potential

*FunctionTree: nn
  genNodes: 0
  square norm: 4812.71
  root scale: 0
  order: 7
  nodes: 736
  endNodes: 645
  nodes per scale: 
    scale=0  nodes=8
    scale=1  nodes=56
    scale=2  nodes=48
    scale=3  nodes=56
    scale=4  nodes=48
    scale=5  nodes=56
    scale=6  nodes=48
    scale=7  nodes=56
    scale=8  nodes=48
    scale=9  nodes=56
    scale=10  nodes=48
    scale=11  nodes=56
    scale=12  nodes=48
    scale=13  nodes=56
    scale=14  nodes=48

Potential

*FunctionTree: nn
  genNodes: 0
  square norm: 4812.71
  root scale: 0
  order: 7
  nodes: 736
  endNodes: 645
  nodes per scale: 
    scale=0  nodes=8
    scale=1  nodes=56
    scale=2  nodes=48
    scale=3  nodes=56
    scale=4  nodes=48
    scale=5  nodes=56
    scale=6  nodes=48
    scale=7  nodes=56
    scale=8  nodes=48
    scale=9  nodes=56
    scale=10  nodes=48
    scale=11  nodes=56
    scale=12  nodes=48
    scale=13  nodes=56
    scale=14  nodes=48

Number of Atoms =  1
[['Ar', 18, 0.1, 0.2, 0.3, 54, 54]]
Using derivative  BS
One-electron calculations 0.0001
calc_dirac_mu 323.97385462588426 18616.173388846466 137.035999139
Error 0.0024559629224573318
Delta E 18616.173388846466
Energy -162.69167117754478
Converged?  0.0024559629224573318  >  0.001   ----   18616.173388846466  >  1e-05   ----  iteration 0
calc_dirac_mu 323.99186551058744 18616.164304700953 137.035999139
Error 0.0014245544377315073
Delta E 0.00908414551304304
Energy -162.70075532305782
Converged?  0.0014245544377315073  >  0.001   ----   0.00908414551304304  >  1e-05   ----  iteration 1
calc_dirac_mu 323.99739592816684 18616.1615153247 137.035999139
Error 0.0007853869556871099
Delta E 0.002789376252621878
Energy -162.70354469931044
Converged?  0.0007853869556871099  >  0.001   ----   0.002789376252621878  >  1e-05   ----  iteration 2
calc_dirac_mu 323.99872033803615 18616.160847332143 137.035999139
Error 0.0004215365049161998
Delta E 0.0006679925572825596
Energy -162.70421269186772
Converged?  0.0004215365049161998  >  0.001   ----   0.0006679925572825596  >  1e-05   ----  iteration 3
calc_dirac_mu 323.9990446307659 18616.160683768627 137.035999139
Error 0.0002217340044770414
Delta E 0.000163563516252907
Energy -162.70437625538398
Converged?  0.0002217340044770414  >  0.001   ----   0.000163563516252907  >  1e-05   ----  iteration 4
calc_dirac_mu 323.9991275859923 18616.1606419285 137.035999139
Error 0.00011506694768647216
Delta E 4.1840125049930066e-05
Energy -162.70441809550903
Converged?  0.00011506694768647216  >  0.001   ----   4.1840125049930066e-05  >  1e-05   ----  iteration 5
calc_dirac_mu 323.9991494084351 18616.160630921917 137.035999139
Error 5.916621533088394e-05
Delta E 1.1006584827555344e-05
Energy -162.70442910209385
Converged?  5.916621533088394e-05  >  0.001   ----   1.1006584827555344e-05  >  1e-05   ----  iteration 6
calc_dirac_mu 323.9991553934522 18616.160627903253 137.035999139
Error 3.0233499681738152e-05
Delta E 3.018663846887648e-06
Energy -162.7044321207577
Converged?  3.0233499681738152e-05  >  0.001   ----   3.018663846887648e-06  >  1e-05   ----  iteration 7
calc_dirac_mu 323.99915714286857 18616.1606270209 137.035999139
Error 1.5383937287554985e-05
Delta E 8.82351741893217e-07
Energy -162.70443300310944
Converged?  1.5383937287554985e-05  >  0.001   ----   8.82351741893217e-07  >  1e-05   ----  iteration 8
Classic-like energies: cke = 167.6770733592018, cpe = -329.6471816967848, cke + cpe = -161.97010833758299
Exact Energy = -162.70485811494655
Dirac Energy = -162.70443328635884
Kutze Energy = -162.67470522443617
Error Kutze  = 0.030152890511089936
Error Dirac  = 0.0004248285877110902
Delta Energy = -2.832493919413537e-07
Dirac - Kutzelnigg = -0.029728061923378846

PARAMETERS:
molecule    = [['Ar', 18, 0.1, 0.2, 0.3, 54, 54]]
D2          = False
prec        = 4
derivative  = BS
box         = 1

-------------------------------
Ar 0 0 4 BS 1
-------------------------------
Now executing: python test.py Input_Making/input__Ar004PH.txt
Input file: Input_Making/input__Ar004PH.txt
Output file: outputs/output__Ar004PH.txt
light_speed = 137.03599913900001  # default 137.03599913900001
derivative = "PH"         # possible values: PH, ABGV, BS
order = 7
box = 1
prec = 1.0e-4                 # precision threshold for the MRA operations
thr  = 1.0e-3                  # error threshold for SCF convergence

readPotential    = False         # bool
computePotential = True         # bool 
savePotential    = False         # bool
potential = "fermi_dirac"       # possible values: point_charge coulomb_HFYGB homogeneus_charge_sphere gaussian

readOrbitals     = False         # bool
saveOrbitals     = False         # bool
saveGuess        = False

scf              = True
ktrs             = False
D2               = False         # bool
two_electrons    = False         # bool

runGaunt         = False
runGaugeA        = False
runGaugeB        = False
runGaugeC        = False
runGaugeD        = False
runGaugeDelta    = False

molecule = [ ["Ar", 18, 0.1, 0.2, 0.3, 54, 54] ]

# With the paramenters I got from Robert, the error is (1) higher than
#  what he gets and (2) dominated by the width of the Gaussian
# I get a much better agreement with the ideal value IF the Gaussian
#  size is reduced by one order of magnitude 3e4->3e5 for Ar
# It seems the position of the nucleus is also important: I get bad
#  results from D2 if I move the nucleus
# Higher prec with off centered nucleus is too demanding for my laptop

**************************************
18 [0.1, 0.2, 0.3]
Fermi Dirac potential
Using Half Charge Radius for Ar: 6.8888709658e-05
Integral of the Fermi-Dirac distribution via cartesian 3D integration: 1.648298032380877
The normalization constant is: 10.92035520663698
Integral of the Fermi-Dirac distribution via 3D integration: 17.999999999999975
3D density

*FunctionTree: nn
  genNodes: 0
  square norm: 1.21425e+14
  root scale: 0
  order: 7
  nodes: 264
  endNodes: 232
  nodes per scale: 
    scale=0  nodes=8
    scale=1  nodes=8
    scale=2  nodes=8
    scale=3  nodes=8
    scale=4  nodes=8
    scale=5  nodes=8
    scale=6  nodes=8
    scale=7  nodes=8
    scale=8  nodes=8
    scale=9  nodes=8
    scale=10  nodes=8
    scale=11  nodes=32
    scale=12  nodes=144

3D potential

*FunctionTree: nn
  genNodes: 0
  square norm: 4812.71
  root scale: 0
  order: 7
  nodes: 736
  endNodes: 645
  nodes per scale: 
    scale=0  nodes=8
    scale=1  nodes=56
    scale=2  nodes=48
    scale=3  nodes=56
    scale=4  nodes=48
    scale=5  nodes=56
    scale=6  nodes=48
    scale=7  nodes=56
    scale=8  nodes=48
    scale=9  nodes=56
    scale=10  nodes=48
    scale=11  nodes=56
    scale=12  nodes=48
    scale=13  nodes=56
    scale=14  nodes=48

Potential

*FunctionTree: nn
  genNodes: 0
  square norm: 4812.71
  root scale: 0
  order: 7
  nodes: 736
  endNodes: 645
  nodes per scale: 
    scale=0  nodes=8
    scale=1  nodes=56
    scale=2  nodes=48
    scale=3  nodes=56
    scale=4  nodes=48
    scale=5  nodes=56
    scale=6  nodes=48
    scale=7  nodes=56
    scale=8  nodes=48
    scale=9  nodes=56
    scale=10  nodes=48
    scale=11  nodes=56
    scale=12  nodes=48
    scale=13  nodes=56
    scale=14  nodes=48

Number of Atoms =  1
[['Ar', 18, 0.1, 0.2, 0.3, 54, 54]]
Using derivative  PH
One-electron calculations 0.0001
calc_dirac_mu 323.95013902941724 18616.185350269297 137.035999139
Error 0.0024422496849736625
Delta E 18616.185350269297
Energy -162.67970975471326
Converged?  0.0024422496849736625  >  0.001   ----   18616.185350269297  >  1e-05   ----  iteration 0
calc_dirac_mu 323.9989755756686 18616.160718597945 137.035999139
Error 0.0014363679115861616
Delta E 0.024631671352835838
Energy -162.7043414260661
Converged?  0.0014363679115861616  >  0.001   ----   0.024631671352835838  >  1e-05   ----  iteration 1
calc_dirac_mu 324.0049082775606 18616.157726320995 137.035999139
Error 0.0007919125947770358
Delta E 0.0029922769499535207
Energy -162.70733370301605
Converged?  0.0007919125947770358  >  0.001   ----   0.0029922769499535207  >  1e-05   ----  iteration 2
calc_dirac_mu 324.00628734204133 18616.15703076215 137.035999139
Error 0.0004249328059558172
Delta E 0.0006955588432902005
Energy -162.70802926185934
Converged?  0.0004249328059558172  >  0.001   ----   0.0006955588432902005  >  1e-05   ----  iteration 3
calc_dirac_mu 324.00663398842556 18616.156855924088 137.035999139
Error 0.00022347987986130188
Delta E 0.0001748380636854563
Energy -162.70820409992302
Converged?  0.00022347987986130188  >  0.001   ----   0.0001748380636854563  >  1e-05   ----  iteration 4
calc_dirac_mu 324.00672226150743 18616.156811401786 137.035999139
Error 0.00011595592738827458
Delta E 4.452230132301338e-05
Energy -162.70824862222435
Converged?  0.00011595592738827458  >  0.001   ----   4.452230132301338e-05  >  1e-05   ----  iteration 5
calc_dirac_mu 324.0067468998114 18616.156798974964 137.035999139
Error 5.961787517306789e-05
Delta E 1.2426822650013492e-05
Energy -162.708261049047
Converged?  5.961787517306789e-05  >  0.001   ----   1.2426822650013492e-05  >  1e-05   ----  iteration 6
calc_dirac_mu 324.006754149866 18616.156795318253 137.035999139
Error 3.0462582638352235e-05
Delta E 3.656710759969428e-06
Energy -162.70826470575776
Converged?  3.0462582638352235e-05  >  0.001   ----   3.656710759969428e-06  >  1e-05   ----  iteration 7
calc_dirac_mu 324.00675656583144 18616.156794099712 137.035999139
Error 1.5500069570075087e-05
Delta E 1.2185410014353693e-06
Energy -162.70826592429876
Converged?  1.5500069570075087e-05  >  0.001   ----   1.2185410014353693e-06  >  1e-05   ----  iteration 8
calc_dirac_mu 324.0067574178199 18616.156793669994 137.035999139
Error 7.864383572786224e-06
Delta E 4.2971805669367313e-07
Energy -162.7082663540168
Converged?  7.864383572786224e-06  >  0.001   ----   4.2971805669367313e-07  >  1e-05   ----  iteration 9
Classic-like energies: cke = 167.72074756688818, cpe = -329.67280524116734, cke + cpe = -161.95205767427916
Exact Energy = -162.70485811494655
Dirac Energy = -162.70826652791584
Kutze Energy = -162.6564968371025
Error Kutze  = 0.04836127784437849
Error Dirac  = -0.00340841296929284
Delta Energy = -1.7389902495779097e-07
Dirac - Kutzelnigg = -0.05176969081367133

PARAMETERS:
molecule    = [['Ar', 18, 0.1, 0.2, 0.3, 54, 54]]
D2          = False
prec        = 4
derivative  = PH
box         = 1

-------------------------------
Ar 0 0 4 PH 1
-------------------------------
Now executing: python test.py Input_Making/input__Ar005ABGV.txt
Input file: Input_Making/input__Ar005ABGV.txt
Output file: outputs/output__Ar005ABGV.txt
light_speed = 137.03599913900001  # default 137.03599913900001
derivative = "ABGV"         # possible values: PH, ABGV, BS
order = 8
box = 1
prec = 1.0e-5                 # precision threshold for the MRA operations
thr  = 1.0e-4                  # error threshold for SCF convergence

readPotential    = False         # bool
computePotential = True         # bool 
savePotential    = False         # bool
potential = "fermi_dirac"       # possible values: point_charge coulomb_HFYGB homogeneus_charge_sphere gaussian

readOrbitals     = False         # bool
saveOrbitals     = False         # bool
saveGuess        = False

scf              = True
ktrs             = False
D2               = False         # bool
two_electrons    = False         # bool

runGaunt         = False
runGaugeA        = False
runGaugeB        = False
runGaugeC        = False
runGaugeD        = False
runGaugeDelta    = False

molecule = [ ["Ar", 18, 0.1, 0.2, 0.3, 54, 54] ]

# With the paramenters I got from Robert, the error is (1) higher than
#  what he gets and (2) dominated by the width of the Gaussian
# I get a much better agreement with the ideal value IF the Gaussian
#  size is reduced by one order of magnitude 3e4->3e5 for Ar
# It seems the position of the nucleus is also important: I get bad
#  results from D2 if I move the nucleus
# Higher prec with off centered nucleus is too demanding for my laptop

**************************************
18 [0.1, 0.2, 0.3]
Fermi Dirac potential
Using Half Charge Radius for Ar: 6.8888709658e-05
Integral of the Fermi-Dirac distribution via cartesian 3D integration: 1.648384873536929
The normalization constant is: 10.919779894229139
Integral of the Fermi-Dirac distribution via 3D integration: 17.999999999999996
3D density

*FunctionTree: nn
  genNodes: 0
  square norm: 1.21399e+14
  root scale: 0
  order: 8
  nodes: 264
  endNodes: 232
  nodes per scale: 
    scale=0  nodes=8
    scale=1  nodes=8
    scale=2  nodes=8
    scale=3  nodes=8
    scale=4  nodes=8
    scale=5  nodes=8
    scale=6  nodes=8
    scale=7  nodes=8
    scale=8  nodes=8
    scale=9  nodes=8
    scale=10  nodes=8
    scale=11  nodes=32
    scale=12  nodes=144

3D potential

*FunctionTree: nn
  genNodes: 0
  square norm: 4812.71
  root scale: 0
  order: 8
  nodes: 848
  endNodes: 743
  nodes per scale: 
    scale=0  nodes=8
    scale=1  nodes=64
    scale=2  nodes=64
    scale=3  nodes=56
    scale=4  nodes=64
    scale=5  nodes=56
    scale=6  nodes=64
    scale=7  nodes=56
    scale=8  nodes=64
    scale=9  nodes=56
    scale=10  nodes=64
    scale=11  nodes=56
    scale=12  nodes=64
    scale=13  nodes=56
    scale=14  nodes=56

Potential

*FunctionTree: nn
  genNodes: 0
  square norm: 4812.71
  root scale: 0
  order: 8
  nodes: 848
  endNodes: 743
  nodes per scale: 
    scale=0  nodes=8
    scale=1  nodes=64
    scale=2  nodes=64
    scale=3  nodes=56
    scale=4  nodes=64
    scale=5  nodes=56
    scale=6  nodes=64
    scale=7  nodes=56
    scale=8  nodes=64
    scale=9  nodes=56
    scale=10  nodes=64
    scale=11  nodes=56
    scale=12  nodes=64
    scale=13  nodes=56
    scale=14  nodes=56

Number of Atoms =  1
[['Ar', 18, 0.1, 0.2, 0.3, 54, 54]]
Using derivative  ABGV
One-electron calculations 1e-05
calc_dirac_mu 323.9853824715008 18616.1675745503 137.035999139
Error 0.0024689685384333784
Delta E 18616.1675745503
Energy -162.6974854737091
Converged?  0.0024689685384333784  >  0.0001   ----   18616.1675745503  >  1.0000000000000002e-06   ----  iteration 0
calc_dirac_mu 323.99694678854075 18616.16174185723 137.035999139
Error 0.0014287469038418096
Delta E 0.005832693070260575
Energy -162.70331816677935
Converged?  0.0014287469038418096  >  0.0001   ----   0.005832693070260575  >  1.0000000000000002e-06   ----  iteration 1
calc_dirac_mu 324.0026791398267 18616.158850631287 137.035999139
Error 0.0007878309081442409
Delta E 0.002891225944040343
Energy -162.7062093927234
Converged?  0.0007878309081442409  >  0.0001   ----   0.002891225944040343  >  1.0000000000000002e-06   ----  iteration 2
calc_dirac_mu 324.00398547957974 18616.15819175266 137.035999139
Error 0.00042276740283115786
Delta E 0.0006588786272914149
Energy -162.7068682713507
Converged?  0.00042276740283115786  >  0.0001   ----   0.0006588786272914149  >  1.0000000000000002e-06   ----  iteration 3
calc_dirac_mu 324.0042681636899 18616.15804917526 137.035999139
Error 0.00022232131019377167
Delta E 0.0001425773989467416
Energy -162.70701084874963
Converged?  0.00022232131019377167  >  0.0001   ----   0.0001425773989467416  >  1.0000000000000002e-06   ----  iteration 4
calc_dirac_mu 324.0043503048701 18616.15800774571 137.035999139
Error 0.00011535835711555921
Delta E 4.142955003771931e-05
Energy -162.70705227829967
Converged?  0.00011535835711555921  >  0.0001   ----   4.142955003771931e-05  >  1.0000000000000002e-06   ----  iteration 5
calc_dirac_mu 324.00437189325055 18616.15799685718 137.035999139
Error 5.931104383931505e-05
Delta E 1.0888532415265217e-05
Energy -162.70706316683209
Converged?  5.931104383931505e-05  >  0.0001   ----   1.0888532415265217e-05  >  1.0000000000000002e-06   ----  iteration 6
calc_dirac_mu 324.0043771885038 18616.15799418641 137.035999139
Error 3.0305261281115405e-05
Delta E 2.6707675715442747e-06
Energy -162.70706583759966
Converged?  3.0305261281115405e-05  >  0.0001   ----   2.6707675715442747e-06  >  1.0000000000000002e-06   ----  iteration 7
calc_dirac_mu 324.00437861555633 18616.157993466648 137.035999139
Error 1.541958892753767e-05
Delta E 7.197631930466741e-07
Energy -162.70706655736285
Converged?  1.541958892753767e-05  >  0.0001   ----   7.197631930466741e-07  >  1.0000000000000002e-06   ----  iteration 8
calc_dirac_mu 324.00437900613 18616.157993269655 137.035999139
Error 7.823301915857318e-06
Delta E 1.9699291442520916e-07
Energy -162.70706675435576
Converged?  7.823301915857318e-06  >  0.0001   ----   1.9699291442520916e-07  >  1.0000000000000002e-06   ----  iteration 9
calc_dirac_mu 324.0043791210679 18616.157993211684 137.035999139
Error 3.9616046415260715e-06
Delta E 5.7971192291006446e-08
Energy -162.70706681232696
Converged?  3.9616046415260715e-06  >  0.0001   ----   5.7971192291006446e-08  >  1.0000000000000002e-06   ----  iteration 10
Classic-like energies: cke = 167.73213126085165, cpe = -329.7232823929878, cke + cpe = -161.99115113213617
Exact Energy = -162.70485811494655
Dirac Energy = -162.7070668309825
Kutze Energy = -162.69593191030236
Error Kutze  = 0.008926204645831604
Error Dirac  = -0.002208716035966063
Delta Energy = -1.8655555322766304e-08
Dirac - Kutzelnigg = -0.011134920681797666

PARAMETERS:
molecule    = [['Ar', 18, 0.1, 0.2, 0.3, 54, 54]]
D2          = False
prec        = 5
derivative  = ABGV
box         = 1

-------------------------------
Ar 0 0 5 ABGV 1
-------------------------------
Now executing: python test.py Input_Making/input__Ar005BS.txt
Input file: Input_Making/input__Ar005BS.txt
Output file: outputs/output__Ar005BS.txt
light_speed = 137.03599913900001  # default 137.03599913900001
derivative = "BS"         # possible values: PH, ABGV, BS
order = 8
box = 1
prec = 1.0e-5                 # precision threshold for the MRA operations
thr  = 1.0e-4                  # error threshold for SCF convergence

readPotential    = False         # bool
computePotential = True         # bool 
savePotential    = False         # bool
potential = "fermi_dirac"       # possible values: point_charge coulomb_HFYGB homogeneus_charge_sphere gaussian

readOrbitals     = False         # bool
saveOrbitals     = False         # bool
saveGuess        = False

scf              = True
ktrs             = False
D2               = False         # bool
two_electrons    = False         # bool

runGaunt         = False
runGaugeA        = False
runGaugeB        = False
runGaugeC        = False
runGaugeD        = False
runGaugeDelta    = False

molecule = [ ["Ar", 18, 0.1, 0.2, 0.3, 54, 54] ]

# With the paramenters I got from Robert, the error is (1) higher than
#  what he gets and (2) dominated by the width of the Gaussian
# I get a much better agreement with the ideal value IF the Gaussian
#  size is reduced by one order of magnitude 3e4->3e5 for Ar
# It seems the position of the nucleus is also important: I get bad
#  results from D2 if I move the nucleus
# Higher prec with off centered nucleus is too demanding for my laptop

**************************************
18 [0.1, 0.2, 0.3]
Fermi Dirac potential
Using Half Charge Radius for Ar: 6.8888709658e-05
Integral of the Fermi-Dirac distribution via cartesian 3D integration: 1.648384873536929
The normalization constant is: 10.919779894229139
Integral of the Fermi-Dirac distribution via 3D integration: 17.999999999999996
3D density

*FunctionTree: nn
  genNodes: 0
  square norm: 1.21399e+14
  root scale: 0
  order: 8
  nodes: 264
  endNodes: 232
  nodes per scale: 
    scale=0  nodes=8
    scale=1  nodes=8
    scale=2  nodes=8
    scale=3  nodes=8
    scale=4  nodes=8
    scale=5  nodes=8
    scale=6  nodes=8
    scale=7  nodes=8
    scale=8  nodes=8
    scale=9  nodes=8
    scale=10  nodes=8
    scale=11  nodes=32
    scale=12  nodes=144

3D potential

*FunctionTree: nn
  genNodes: 0
  square norm: 4812.71
  root scale: 0
  order: 8
  nodes: 848
  endNodes: 743
  nodes per scale: 
    scale=0  nodes=8
    scale=1  nodes=64
    scale=2  nodes=64
    scale=3  nodes=56
    scale=4  nodes=64
    scale=5  nodes=56
    scale=6  nodes=64
    scale=7  nodes=56
    scale=8  nodes=64
    scale=9  nodes=56
    scale=10  nodes=64
    scale=11  nodes=56
    scale=12  nodes=64
    scale=13  nodes=56
    scale=14  nodes=56

Potential

*FunctionTree: nn
  genNodes: 0
  square norm: 4812.71
  root scale: 0
  order: 8
  nodes: 848
  endNodes: 743
  nodes per scale: 
    scale=0  nodes=8
    scale=1  nodes=64
    scale=2  nodes=64
    scale=3  nodes=56
    scale=4  nodes=64
    scale=5  nodes=56
    scale=6  nodes=64
    scale=7  nodes=56
    scale=8  nodes=64
    scale=9  nodes=56
    scale=10  nodes=64
    scale=11  nodes=56
    scale=12  nodes=64
    scale=13  nodes=56
    scale=14  nodes=56

Number of Atoms =  1
[['Ar', 18, 0.1, 0.2, 0.3, 54, 54]]
Using derivative  BS
One-electron calculations 1e-05
calc_dirac_mu 323.98069848008 18616.16993701392 137.035999139
Error 0.0024663443806464858
Delta E 18616.16993701392
Energy -162.69512301008945
Converged?  0.0024663443806464858  >  0.0001   ----   18616.16993701392  >  1.0000000000000002e-06   ----  iteration 0
calc_dirac_mu 323.991981221082 18616.164246340064 137.035999139
Error 0.001427092349255974
Delta E 0.005690673857316142
Energy -162.70081368394676
Converged?  0.001427092349255974  >  0.0001   ----   0.005690673857316142  >  1.0000000000000002e-06   ----  iteration 1
calc_dirac_mu 323.99770186088995 18616.161361021426 137.035999139
Error 0.0007869518379399941
Delta E 0.0028853186377091333
Energy -162.70369900258447
Converged?  0.0007869518379399941  >  0.0001   ----   0.0028853186377091333  >  1.0000000000000002e-06   ----  iteration 2
calc_dirac_mu 323.99901054138076 18616.16070096229 137.035999139
Error 0.00042231760438794026
Delta E 0.0006600591368624009
Energy -162.70435906172133
Converged?  0.00042231760438794026  >  0.0001   ----   0.0006600591368624009  >  1.0000000000000002e-06   ----  iteration 3
calc_dirac_mu 323.9993288069804 18616.160540438676 137.035999139
Error 0.00022211622853139797
Delta E 0.00016052361388574354
Energy -162.70451958533522
Converged?  0.00022211622853139797  >  0.0001   ----   0.00016052361388574354  >  1.0000000000000002e-06   ----  iteration 4
calc_dirac_mu 323.9994081745806 18616.16050040804 137.035999139
Error 0.00011525255799503069
Delta E 4.0030634409049526e-05
Energy -162.70455961596963
Converged?  0.00011525255799503069  >  0.0001   ----   4.0030634409049526e-05  >  1.0000000000000002e-06   ----  iteration 5
calc_dirac_mu 323.99942824492496 18616.16049028516 137.035999139
Error 5.9256525576631895e-05
Delta E 1.0122879757545888e-05
Energy -162.7045697388494
Converged?  5.9256525576631895e-05  >  0.0001   ----   1.0122879757545888e-05  >  1.0000000000000002e-06   ----  iteration 6
calc_dirac_mu 323.99943331069596 18616.16048773014 137.035999139
Error 3.0277570679407117e-05
Delta E 2.5550216378178447e-06
Energy -162.70457229387102
Converged?  3.0277570679407117e-05  >  0.0001   ----   2.5550216378178447e-06  >  1.0000000000000002e-06   ----  iteration 7
calc_dirac_mu 323.9994346182749 18616.160487070636 137.035999139
Error 1.5405529797679833e-05
Delta E 6.59503712086007e-07
Energy -162.70457295337474
Converged?  1.5405529797679833e-05  >  0.0001   ----   6.59503712086007e-07  >  1.0000000000000002e-06   ----  iteration 8
calc_dirac_mu 323.9994349375377 18616.160486909608 137.035999139
Error 7.816158723903739e-06
Delta E 1.610278559383005e-07
Energy -162.7045731144026
Converged?  7.816158723903739e-06  >  0.0001   ----   1.610278559383005e-07  >  1.0000000000000002e-06   ----  iteration 9
calc_dirac_mu 323.99943501634885 18616.16048686986 137.035999139
Error 3.9579759586221706e-06
Delta E 3.9748556446284056e-08
Energy -162.70457315415115
Converged?  3.9579759586221706e-06  >  0.0001   ----   3.9748556446284056e-08  >  1.0000000000000002e-06   ----  iteration 10
Classic-like energies: cke = 167.72303103225295, cpe = -329.7200639478749, cke + cpe = -161.99703291562196
Exact Energy = -162.70485811494655
Dirac Energy = -162.70457316364264
Kutze Energy = -162.7018650985546
Error Kutze  = 0.002993016390973935
Error Dirac  = 0.0002849513039109297
Delta Energy = -9.491486707702279e-09
Dirac - Kutzelnigg = -0.002708065087063005

PARAMETERS:
molecule    = [['Ar', 18, 0.1, 0.2, 0.3, 54, 54]]
D2          = False
prec        = 5
derivative  = BS
box         = 1

-------------------------------
Ar 0 0 5 BS 1
-------------------------------
Now executing: python test.py Input_Making/input__Ar005PH.txt
Input file: Input_Making/input__Ar005PH.txt
Output file: outputs/output__Ar005PH.txt
light_speed = 137.03599913900001  # default 137.03599913900001
derivative = "PH"         # possible values: PH, ABGV, BS
order = 8
box = 1
prec = 1.0e-5                 # precision threshold for the MRA operations
thr  = 1.0e-4                  # error threshold for SCF convergence

readPotential    = False         # bool
computePotential = True         # bool 
savePotential    = False         # bool
potential = "fermi_dirac"       # possible values: point_charge coulomb_HFYGB homogeneus_charge_sphere gaussian

readOrbitals     = False         # bool
saveOrbitals     = False         # bool
saveGuess        = False

scf              = True
ktrs             = False
D2               = False         # bool
two_electrons    = False         # bool

runGaunt         = False
runGaugeA        = False
runGaugeB        = False
runGaugeC        = False
runGaugeD        = False
runGaugeDelta    = False

molecule = [ ["Ar", 18, 0.1, 0.2, 0.3, 54, 54] ]

# With the paramenters I got from Robert, the error is (1) higher than
#  what he gets and (2) dominated by the width of the Gaussian
# I get a much better agreement with the ideal value IF the Gaussian
#  size is reduced by one order of magnitude 3e4->3e5 for Ar
# It seems the position of the nucleus is also important: I get bad
#  results from D2 if I move the nucleus
# Higher prec with off centered nucleus is too demanding for my laptop

**************************************
18 [0.1, 0.2, 0.3]
Fermi Dirac potential
Using Half Charge Radius for Ar: 6.8888709658e-05
Integral of the Fermi-Dirac distribution via cartesian 3D integration: 1.648384873536929
The normalization constant is: 10.919779894229139
Integral of the Fermi-Dirac distribution via 3D integration: 17.999999999999996
3D density

*FunctionTree: nn
  genNodes: 0
  square norm: 1.21399e+14
  root scale: 0
  order: 8
  nodes: 264
  endNodes: 232
  nodes per scale: 
    scale=0  nodes=8
    scale=1  nodes=8
    scale=2  nodes=8
    scale=3  nodes=8
    scale=4  nodes=8
    scale=5  nodes=8
    scale=6  nodes=8
    scale=7  nodes=8
    scale=8  nodes=8
    scale=9  nodes=8
    scale=10  nodes=8
    scale=11  nodes=32
    scale=12  nodes=144

3D potential

*FunctionTree: nn
  genNodes: 0
  square norm: 4812.71
  root scale: 0
  order: 8
  nodes: 848
  endNodes: 743
  nodes per scale: 
    scale=0  nodes=8
    scale=1  nodes=64
    scale=2  nodes=64
    scale=3  nodes=56
    scale=4  nodes=64
    scale=5  nodes=56
    scale=6  nodes=64
    scale=7  nodes=56
    scale=8  nodes=64
    scale=9  nodes=56
    scale=10  nodes=64
    scale=11  nodes=56
    scale=12  nodes=64
    scale=13  nodes=56
    scale=14  nodes=56

Potential

*FunctionTree: nn
  genNodes: 0
  square norm: 4812.71
  root scale: 0
  order: 8
  nodes: 848
  endNodes: 743
  nodes per scale: 
    scale=0  nodes=8
    scale=1  nodes=64
    scale=2  nodes=64
    scale=3  nodes=56
    scale=4  nodes=64
    scale=5  nodes=56
    scale=6  nodes=64
    scale=7  nodes=56
    scale=8  nodes=64
    scale=9  nodes=56
    scale=10  nodes=64
    scale=11  nodes=56
    scale=12  nodes=64
    scale=13  nodes=56
    scale=14  nodes=56

Number of Atoms =  1
[['Ar', 18, 0.1, 0.2, 0.3, 54, 54]]
Using derivative  PH
One-electron calculations 1e-05
calc_dirac_mu 323.9806140618235 18616.169979591934 137.035999139
Error 0.0024662978528766357
Delta E 18616.169979591934
Energy -162.6950804320768
Converged?  0.0024662978528766357  >  0.0001   ----   18616.169979591934  >  1.0000000000000002e-06   ----  iteration 0
calc_dirac_mu 323.99227369465336 18616.164098825204 137.035999139
Error 0.0014273010612031037
Delta E 0.005880766730115283
Energy -162.7009611988069
Converged?  0.0014273010612031037  >  0.0001   ----   0.005880766730115283  >  1.0000000000000002e-06   ----  iteration 1
calc_dirac_mu 323.99800894807373 18616.161206135876 137.035999139
Error 0.0007870735737792378
Delta E 0.0028926893282914534
Energy -162.7038538881352
Converged?  0.0007870735737792378  >  0.0001   ----   0.0028926893282914534  >  1.0000000000000002e-06   ----  iteration 2
calc_dirac_mu 323.9993185367682 18616.160545618663 137.035999139
Error 0.0004223812877275712
Delta E 0.0006605172129638959
Energy -162.70451440534816
Converged?  0.0004223812877275712  >  0.0001   ----   0.0006605172129638959  >  1.0000000000000002e-06   ----  iteration 3
calc_dirac_mu 323.9996355506867 18616.160385726358 137.035999139
Error 0.00022214861514929376
Delta E 0.0001598923045094125
Energy -162.70467429765267
Converged?  0.00022214861514929376  >  0.0001   ----   0.0001598923045094125  >  1.0000000000000002e-06   ----  iteration 4
calc_dirac_mu 323.9997152508584 18616.160345527984 137.035999139
Error 0.0001152694408856343
Delta E 4.019837433588691e-05
Energy -162.704714496027
Converged?  0.0001152694408856343  >  0.0001   ----   4.019837433588691e-05  >  1.0000000000000002e-06   ----  iteration 5
calc_dirac_mu 323.99973527372885 18616.16033542905 137.035999139
Error 5.926513849142309e-05
Delta E 1.009893458103761e-05
Energy -162.7047245949616
Converged?  5.926513849142309e-05  >  0.0001   ----   1.009893458103761e-05  >  1.0000000000000002e-06   ----  iteration 6
calc_dirac_mu 323.9997403375066 18616.16033287503 137.035999139
Error 3.0281958213875888e-05
Delta E 2.5540175556670874e-06
Energy -162.70472714897915
Converged?  3.0281958213875888e-05  >  0.0001   ----   2.5540175556670874e-06  >  1.0000000000000002e-06   ----  iteration 7
calc_dirac_mu 323.9997412841731 18616.16033239756 137.035999139
Error 1.5407516405715912e-05
Delta E 4.77470166515559e-07
Energy -162.7047276264493
Converged?  1.5407516405715912e-05  >  0.0001   ----   4.77470166515559e-07  >  1.0000000000000002e-06   ----  iteration 8
calc_dirac_mu 323.9997416127073 18616.16033223186 137.035999139
Error 7.817173162195528e-06
Delta E 1.6570265870541334e-07
Energy -162.70472779215197
Converged?  7.817173162195528e-06  >  0.0001   ----   1.6570265870541334e-07  >  1.0000000000000002e-06   ----  iteration 9
calc_dirac_mu 323.9997416960382 18616.16033218983 137.035999139
Error 3.9584929212014925e-06
Delta E 4.202956915833056e-08
Energy -162.70472783418154
Converged?  3.9584929212014925e-06  >  0.0001   ----   4.202956915833056e-08  >  1.0000000000000002e-06   ----  iteration 10
Classic-like energies: cke = 167.7297592921601, cpe = -329.7221300318792, cke + cpe = -161.9923707397191
Exact Energy = -162.70485811494655
Dirac Energy = -162.7047278448481
Kutze Energy = -162.6971621766819
Error Kutze  = 0.007695938264077995
Error Dirac  = 0.0001302700984524563
Delta Energy = -1.0666553862392902e-08
Dirac - Kutzelnigg = -0.007565668165625539

PARAMETERS:
molecule    = [['Ar', 18, 0.1, 0.2, 0.3, 54, 54]]
D2          = False
prec        = 5
derivative  = PH
box         = 1

-------------------------------
Ar 0 0 5 PH 1
-------------------------------
Now executing: python test.py Input_Making/input__Ar006ABGV.txt
Input file: Input_Making/input__Ar006ABGV.txt
Output file: outputs/output__Ar006ABGV.txt
light_speed = 137.03599913900001  # default 137.03599913900001
derivative = "ABGV"         # possible values: PH, ABGV, BS
order = 9
box = 1
prec = 1.0e-6                 # precision threshold for the MRA operations
thr  = 1.0e-5                  # error threshold for SCF convergence

readPotential    = False         # bool
computePotential = True         # bool 
savePotential    = False         # bool
potential = "fermi_dirac"       # possible values: point_charge coulomb_HFYGB homogeneus_charge_sphere gaussian

readOrbitals     = False         # bool
saveOrbitals     = False         # bool
saveGuess        = False

scf              = True
ktrs             = False
D2               = False         # bool
two_electrons    = False         # bool

runGaunt         = False
runGaugeA        = False
runGaugeB        = False
runGaugeC        = False
runGaugeD        = False
runGaugeDelta    = False

molecule = [ ["Ar", 18, 0.1, 0.2, 0.3, 54, 54] ]

# With the paramenters I got from Robert, the error is (1) higher than
#  what he gets and (2) dominated by the width of the Gaussian
# I get a much better agreement with the ideal value IF the Gaussian
#  size is reduced by one order of magnitude 3e4->3e5 for Ar
# It seems the position of the nucleus is also important: I get bad
#  results from D2 if I move the nucleus
# Higher prec with off centered nucleus is too demanding for my laptop

**************************************
18 [0.1, 0.2, 0.3]
Fermi Dirac potential
Using Half Charge Radius for Ar: 6.8888709658e-05
Integral of the Fermi-Dirac distribution via cartesian 3D integration: 1.6483692495809592
The normalization constant is: 10.919883396621161
Integral of the Fermi-Dirac distribution via 3D integration: 17.999999999999986
3D density

*FunctionTree: nn
  genNodes: 0
  square norm: 1.21406e+14
  root scale: 0
  order: 9
  nodes: 272
  endNodes: 239
  nodes per scale: 
    scale=0  nodes=8
    scale=1  nodes=8
    scale=2  nodes=8
    scale=3  nodes=8
    scale=4  nodes=8
    scale=5  nodes=8
    scale=6  nodes=8
    scale=7  nodes=8
    scale=8  nodes=8
    scale=9  nodes=8
    scale=10  nodes=8
    scale=11  nodes=32
    scale=12  nodes=144
    scale=13  nodes=8

3D potential

*FunctionTree: nn
  genNodes: 0
  square norm: 4812.71
  root scale: 0
  order: 9
  nodes: 1216
  endNodes: 1065
  nodes per scale: 
    scale=0  nodes=8
    scale=1  nodes=64
    scale=2  nodes=88
    scale=3  nodes=88
    scale=4  nodes=88
    scale=5  nodes=88
    scale=6  nodes=88
    scale=7  nodes=88
    scale=8  nodes=88
    scale=9  nodes=88
    scale=10  nodes=88
    scale=11  nodes=88
    scale=12  nodes=88
    scale=13  nodes=88
    scale=14  nodes=88

Potential

*FunctionTree: nn
  genNodes: 0
  square norm: 4812.71
  root scale: 0
  order: 9
  nodes: 1216
  endNodes: 1065
  nodes per scale: 
    scale=0  nodes=8
    scale=1  nodes=64
    scale=2  nodes=88
    scale=3  nodes=88
    scale=4  nodes=88
    scale=5  nodes=88
    scale=6  nodes=88
    scale=7  nodes=88
    scale=8  nodes=88
    scale=9  nodes=88
    scale=10  nodes=88
    scale=11  nodes=88
    scale=12  nodes=88
    scale=13  nodes=88
    scale=14  nodes=88

Number of Atoms =  1
[['Ar', 18, 0.1, 0.2, 0.3, 54, 54]]
Using derivative  ABGV
One-electron calculations 1e-06
calc_dirac_mu 323.98186645651595 18616.169347921958 137.035999139
Error 0.0024664849710701255
Delta E 18616.169347921958
Energy -162.69571210205322
Converged?  0.0024664849710701255  >  9.999999999999999e-06   ----   18616.169347921958  >  1e-07   ----  iteration 0
calc_dirac_mu 323.992781905446 18616.163842498983 137.035999139
Error 0.001426932680086047
Delta E 0.005505422974238172
Energy -162.70121752502746
Converged?  0.001426932680086047  >  9.999999999999999e-06   ----   0.005505422974238172  >  1e-07   ----  iteration 1
calc_dirac_mu 323.9985042877541 18616.160956301417 137.035999139
Error 0.0007868769780260748
Delta E 0.002886197566112969
Energy -162.70410372259357
Converged?  0.0007868769780260748  >  9.999999999999999e-06   ----   0.002886197566112969  >  1e-07   ----  iteration 2
calc_dirac_mu 323.9998416698571 18616.160281766035 137.035999139
Error 0.00042230417056000793
Delta E 0.0006745353821315803
Energy -162.7047782579757
Converged?  0.00042230417056000793  >  9.999999999999999e-06   ----   0.0006745353821315803  >  1e-07   ----  iteration 3
calc_dirac_mu 324.0001704776196 18616.160115925268 137.035999139
Error 0.00022211941365189941
Delta E 0.00016584076729486696
Energy -162.704944098743
Converged?  0.00022211941365189941  >  9.999999999999999e-06   ----   0.00016584076729486696  >  1e-07   ----  iteration 4
calc_dirac_mu 324.00025068925737 18616.160075468924 137.035999139
Error 0.00011525602255183579
Delta E 4.0456343413097784e-05
Energy -162.7049845550864
Converged?  0.00011525602255183579  >  9.999999999999999e-06   ----   4.0456343413097784e-05  >  1e-07   ----  iteration 5
calc_dirac_mu 324.0002712093425 18616.16006511921 137.035999139
Error 5.9259087430433115e-05
Delta E 1.0349715012125671e-05
Energy -162.70499490480142
Converged?  5.9259087430433115e-05  >  9.999999999999999e-06   ----   1.0349715012125671e-05  >  1e-07   ----  iteration 6
calc_dirac_mu 324.0002763695694 18616.160062516545 137.035999139
Error 3.0279125396863635e-05
Delta E 2.602664608275518e-06
Energy -162.70499750746603
Converged?  3.0279125396863635e-05  >  9.999999999999999e-06   ----   2.602664608275518e-06  >  1e-07   ----  iteration 7
calc_dirac_mu 324.0002777004108 18616.16006184531 137.035999139
Error 1.5406406083762412e-05
Delta E 6.712361937388778e-07
Energy -162.70499817870223
Converged?  1.5406406083762412e-05  >  9.999999999999999e-06   ----   6.712361937388778e-07  >  1e-07   ----  iteration 8
calc_dirac_mu 324.0002780493063 18616.160061669336 137.035999139
Error 7.81665031361038e-06
Delta E 1.7597267287783325e-07
Energy -162.7049983546749
Converged?  7.81665031361038e-06  >  9.999999999999999e-06   ----   1.7597267287783325e-07  >  1e-07   ----  iteration 9
calc_dirac_mu 324.00027814609194 18616.16006162052 137.035999139
Error 3.958247760666317e-06
Delta E 4.8814399633556604e-08
Energy -162.7049984034893
Converged?  3.958247760666317e-06  >  9.999999999999999e-06   ----   4.8814399633556604e-08  >  1e-07   ----  iteration 10
calc_dirac_mu 324.0002781719412 18616.160061607483 137.035999139
Error 2.0017421104814784e-06
Delta E 1.30385160446167e-08
Energy -162.70499841652781
Converged?  2.0017421104814784e-06  >  9.999999999999999e-06   ----   1.30385160446167e-08  >  1e-07   ----  iteration 11
calc_dirac_mu 324.0002781797588 18616.16006160354 137.035999139
Error 1.0114744628751768e-06
Delta E 3.943569026887417e-09
Energy -162.70499842047138
Converged?  1.0114744628751768e-06  >  9.999999999999999e-06   ----   3.943569026887417e-09  >  1e-07   ----  iteration 12
Classic-like energies: cke = 167.72747783502086, cpe = -329.7270743248628, cke + cpe = -161.99959648984196
Exact Energy = -162.70485811494655
Dirac Energy = -162.70499842173012
Kutze Energy = -162.70445107812472
Error Kutze  = 0.00040703682316234335
Error Dirac  = -0.00014030678357812576
Delta Energy = -1.2587406672537327e-09
Dirac - Kutzelnigg = -0.0005473436067404691

PARAMETERS:
molecule    = [['Ar', 18, 0.1, 0.2, 0.3, 54, 54]]
D2          = False
prec        = 6
derivative  = ABGV
box         = 1

-------------------------------
Ar 0 0 6 ABGV 1
-------------------------------
Now executing: python test.py Input_Making/input__Ar006BS.txt
Input file: Input_Making/input__Ar006BS.txt
Output file: outputs/output__Ar006BS.txt
light_speed = 137.03599913900001  # default 137.03599913900001
derivative = "BS"         # possible values: PH, ABGV, BS
order = 9
box = 1
prec = 1.0e-6                 # precision threshold for the MRA operations
thr  = 1.0e-5                  # error threshold for SCF convergence

readPotential    = False         # bool
computePotential = True         # bool 
savePotential    = False         # bool
potential = "fermi_dirac"       # possible values: point_charge coulomb_HFYGB homogeneus_charge_sphere gaussian

readOrbitals     = False         # bool
saveOrbitals     = False         # bool
saveGuess        = False

scf              = True
ktrs             = False
D2               = False         # bool
two_electrons    = False         # bool

runGaunt         = False
runGaugeA        = False
runGaugeB        = False
runGaugeC        = False
runGaugeD        = False
runGaugeDelta    = False

molecule = [ ["Ar", 18, 0.1, 0.2, 0.3, 54, 54] ]

# With the paramenters I got from Robert, the error is (1) higher than
#  what he gets and (2) dominated by the width of the Gaussian
# I get a much better agreement with the ideal value IF the Gaussian
#  size is reduced by one order of magnitude 3e4->3e5 for Ar
# It seems the position of the nucleus is also important: I get bad
#  results from D2 if I move the nucleus
# Higher prec with off centered nucleus is too demanding for my laptop

**************************************
18 [0.1, 0.2, 0.3]
Fermi Dirac potential
Using Half Charge Radius for Ar: 6.8888709658e-05
Integral of the Fermi-Dirac distribution via cartesian 3D integration: 1.6483692495809592
The normalization constant is: 10.919883396621161
Integral of the Fermi-Dirac distribution via 3D integration: 17.999999999999986
3D density

*FunctionTree: nn
  genNodes: 0
  square norm: 1.21406e+14
  root scale: 0
  order: 9
  nodes: 272
  endNodes: 239
  nodes per scale: 
    scale=0  nodes=8
    scale=1  nodes=8
    scale=2  nodes=8
    scale=3  nodes=8
    scale=4  nodes=8
    scale=5  nodes=8
    scale=6  nodes=8
    scale=7  nodes=8
    scale=8  nodes=8
    scale=9  nodes=8
    scale=10  nodes=8
    scale=11  nodes=32
    scale=12  nodes=144
    scale=13  nodes=8

3D potential

*FunctionTree: nn
  genNodes: 0
  square norm: 4812.71
  root scale: 0
  order: 9
  nodes: 1216
  endNodes: 1065
  nodes per scale: 
    scale=0  nodes=8
    scale=1  nodes=64
    scale=2  nodes=88
    scale=3  nodes=88
    scale=4  nodes=88
    scale=5  nodes=88
    scale=6  nodes=88
    scale=7  nodes=88
    scale=8  nodes=88
    scale=9  nodes=88
    scale=10  nodes=88
    scale=11  nodes=88
    scale=12  nodes=88
    scale=13  nodes=88
    scale=14  nodes=88

Potential

*FunctionTree: nn
  genNodes: 0
  square norm: 4812.71
  root scale: 0
  order: 9
  nodes: 1216
  endNodes: 1065
  nodes per scale: 
    scale=0  nodes=8
    scale=1  nodes=64
    scale=2  nodes=88
    scale=3  nodes=88
    scale=4  nodes=88
    scale=5  nodes=88
    scale=6  nodes=88
    scale=7  nodes=88
    scale=8  nodes=88
    scale=9  nodes=88
    scale=10  nodes=88
    scale=11  nodes=88
    scale=12  nodes=88
    scale=13  nodes=88
    scale=14  nodes=88

Number of Atoms =  1
[['Ar', 18, 0.1, 0.2, 0.3, 54, 54]]
Using derivative  BS
One-electron calculations 1e-06
calc_dirac_mu 323.9813709174971 18616.169597856842 137.035999139
Error 0.002466207385928614
Delta E 18616.169597856842
Energy -162.69546216716844
Converged?  0.002466207385928614  >  9.999999999999999e-06   ----   18616.169597856842  >  1e-07   ----  iteration 0
calc_dirac_mu 323.99187578971544 18616.16429951647 137.035999139
Error 0.0014265199165523724
Delta E 0.005298340372974053
Energy -162.70076050754142
Converged?  0.0014265199165523724  >  9.999999999999999e-06   ----   0.005298340372974053  >  1e-07   ----  iteration 1
calc_dirac_mu 323.99760701339295 18616.161408859654 137.035999139
Error 0.0007866663466535277
Delta E 0.002890656814997783
Energy -162.70365116435642
Converged?  0.0007866663466535277  >  9.999999999999999e-06   ----   0.002890656814997783  >  1e-07   ----  iteration 2
calc_dirac_mu 323.99891496400653 18616.160749168648 137.035999139
Error 0.0004221768082683614
Delta E 0.0006596910061489325
Energy -162.70431085536256
Converged?  0.0004221768082683614  >  9.999999999999999e-06   ----   0.0006596910061489325  >  1e-07   ----  iteration 3
calc_dirac_mu 323.9992332160975 18616.16058865185 137.035999139
Error 0.0002220477439377873
Delta E 0.00016051679995143786
Energy -162.70447137216252
Converged?  0.0002220477439377873  >  9.999999999999999e-06   ----   0.00016051679995143786  >  1e-07   ----  iteration 4
calc_dirac_mu 323.999312703914 18616.16054856058 137.035999139
Error 0.00011521929190632888
Delta E 4.0091268601827323e-05
Energy -162.70451146343112
Converged?  0.00011521929190632888  >  9.999999999999999e-06   ----   4.0091268601827323e-05  >  1e-07   ----  iteration 5
calc_dirac_mu 323.99933276843717 18616.160538440636 137.035999139
Error 5.92402388507855e-05
Delta E 1.0119943908648565e-05
Energy -162.70452158337503
Converged?  5.92402388507855e-05  >  9.999999999999999e-06   ----   1.0119943908648565e-05  >  1e-07   ----  iteration 6
calc_dirac_mu 323.999337856328 18616.160535874456 137.035999139
Error 3.026956738677034e-05
Delta E 2.566179318819195e-06
Energy -162.70452414955435
Converged?  3.026956738677034e-05  >  9.999999999999999e-06   ----   2.566179318819195e-06  >  1e-07   ----  iteration 7
calc_dirac_mu 323.99933914933183 18616.160535222305 137.035999139
Error 1.5401559751960193e-05
Delta E 6.521513569168746e-07
Energy -162.7045248017057
Converged?  1.5401559751960193e-05  >  9.999999999999999e-06   ----   6.521513569168746e-07  >  1e-07   ----  iteration 8
calc_dirac_mu 323.99933947830397 18616.16053505638 137.035999139
Error 7.814192689514308e-06
Delta E 1.6592457541264594e-07
Energy -162.70452496763028
Converged?  7.814192689514308e-06  >  9.999999999999999e-06   ----   1.6592457541264594e-07  >  1e-07   ----  iteration 9
calc_dirac_mu 323.9993395620888 18616.16053501412 137.035999139
Error 3.95699954534337e-06
Delta E 4.225876182317734e-08
Energy -162.70452500988904
Converged?  3.95699954534337e-06  >  9.999999999999999e-06   ----   4.225876182317734e-08  >  1e-07   ----  iteration 10
calc_dirac_mu 323.9993395834341 18616.160535003357 137.035999139
Error 2.0011095730948466e-06
Delta E 1.0764779290184379e-08
Energy -162.70452502065382
Converged?  2.0011095730948466e-06  >  9.999999999999999e-06   ----   1.0764779290184379e-08  >  1e-07   ----  iteration 11
calc_dirac_mu 323.9993395890585 18616.16053500052 137.035999139
Error 1.011153959298001e-06
Delta E 2.837623469531536e-09
Energy -162.70452502349144
Converged?  1.011153959298001e-06  >  9.999999999999999e-06   ----   2.837623469531536e-09  >  1e-07   ----  iteration 12
Classic-like energies: cke = 167.72666477911872, cpe = -329.72614942539155, cke + cpe = -161.99948464627283
Exact Energy = -162.70485811494655
Dirac Energy = -162.70452502417902
Kutze Energy = -162.7043382570492
Error Kutze  = 0.0005198578983254265
Error Dirac  = 0.0003330907675263006
Delta Energy = -6.875779945403337e-10
Dirac - Kutzelnigg = -0.00018676713079912588

PARAMETERS:
molecule    = [['Ar', 18, 0.1, 0.2, 0.3, 54, 54]]
D2          = False
prec        = 6
derivative  = BS
box         = 1

-------------------------------
Ar 0 0 6 BS 1
-------------------------------
Now executing: python test.py Input_Making/input__Ar006PH.txt
Input file: Input_Making/input__Ar006PH.txt
Output file: outputs/output__Ar006PH.txt
light_speed = 137.03599913900001  # default 137.03599913900001
derivative = "PH"         # possible values: PH, ABGV, BS
order = 9
box = 1
prec = 1.0e-6                 # precision threshold for the MRA operations
thr  = 1.0e-5                  # error threshold for SCF convergence

readPotential    = False         # bool
computePotential = True         # bool 
savePotential    = False         # bool
potential = "fermi_dirac"       # possible values: point_charge coulomb_HFYGB homogeneus_charge_sphere gaussian

readOrbitals     = False         # bool
saveOrbitals     = False         # bool
saveGuess        = False

scf              = True
ktrs             = False
D2               = False         # bool
two_electrons    = False         # bool

runGaunt         = False
runGaugeA        = False
runGaugeB        = False
runGaugeC        = False
runGaugeD        = False
runGaugeDelta    = False

molecule = [ ["Ar", 18, 0.1, 0.2, 0.3, 54, 54] ]

# With the paramenters I got from Robert, the error is (1) higher than
#  what he gets and (2) dominated by the width of the Gaussian
# I get a much better agreement with the ideal value IF the Gaussian
#  size is reduced by one order of magnitude 3e4->3e5 for Ar
# It seems the position of the nucleus is also important: I get bad
#  results from D2 if I move the nucleus
# Higher prec with off centered nucleus is too demanding for my laptop

**************************************
18 [0.1, 0.2, 0.3]
Fermi Dirac potential
Using Half Charge Radius for Ar: 6.8888709658e-05
Integral of the Fermi-Dirac distribution via cartesian 3D integration: 1.6483692495809592
The normalization constant is: 10.919883396621161
Integral of the Fermi-Dirac distribution via 3D integration: 17.999999999999986
3D density

*FunctionTree: nn
  genNodes: 0
  square norm: 1.21406e+14
  root scale: 0
  order: 9
  nodes: 272
  endNodes: 239
  nodes per scale: 
    scale=0  nodes=8
    scale=1  nodes=8
    scale=2  nodes=8
    scale=3  nodes=8
    scale=4  nodes=8
    scale=5  nodes=8
    scale=6  nodes=8
    scale=7  nodes=8
    scale=8  nodes=8
    scale=9  nodes=8
    scale=10  nodes=8
    scale=11  nodes=32
    scale=12  nodes=144
    scale=13  nodes=8

3D potential

*FunctionTree: nn
  genNodes: 0
  square norm: 4812.71
  root scale: 0
  order: 9
  nodes: 1216
  endNodes: 1065
  nodes per scale: 
    scale=0  nodes=8
    scale=1  nodes=64
    scale=2  nodes=88
    scale=3  nodes=88
    scale=4  nodes=88
    scale=5  nodes=88
    scale=6  nodes=88
    scale=7  nodes=88
    scale=8  nodes=88
    scale=9  nodes=88
    scale=10  nodes=88
    scale=11  nodes=88
    scale=12  nodes=88
    scale=13  nodes=88
    scale=14  nodes=88

Potential

*FunctionTree: nn
  genNodes: 0
  square norm: 4812.71
  root scale: 0
  order: 9
  nodes: 1216
  endNodes: 1065
  nodes per scale: 
    scale=0  nodes=8
    scale=1  nodes=64
    scale=2  nodes=88
    scale=3  nodes=88
    scale=4  nodes=88
    scale=5  nodes=88
    scale=6  nodes=88
    scale=7  nodes=88
    scale=8  nodes=88
    scale=9  nodes=88
    scale=10  nodes=88
    scale=11  nodes=88
    scale=12  nodes=88
    scale=13  nodes=88
    scale=14  nodes=88

Number of Atoms =  1
[['Ar', 18, 0.1, 0.2, 0.3, 54, 54]]
Using derivative  PH
One-electron calculations 1e-06
calc_dirac_mu 323.9811688060323 18616.169699795748 137.035999139
Error 0.0024660938847578156
Delta E 18616.169699795748
Energy -162.69536022826287
Converged?  0.0024660938847578156  >  9.999999999999999e-06   ----   18616.169699795748  >  1e-07   ----  iteration 0
calc_dirac_mu 323.991919709183 18616.164277364813 137.035999139
Error 0.0014266099780847051
Delta E 0.005422430935141165
Energy -162.700782659198
Converged?  0.0014266099780847051  >  9.999999999999999e-06   ----   0.005422430935141165  >  1e-07   ----  iteration 1
calc_dirac_mu 323.9976263614809 18616.16139910106 137.035999139
Error 0.0007866976880874959
Delta E 0.0028782637527910993
Energy -162.7036609229508
Converged?  0.0007866976880874959  >  9.999999999999999e-06   ----   0.0028782637527910993  >  1e-07   ----  iteration 2
calc_dirac_mu 323.99893454190993 18616.16073929414 137.035999139
Error 0.00042219304936783725
Delta E 0.0006598069194296841
Energy -162.70432072987023
Converged?  0.00042219304936783725  >  9.999999999999999e-06   ----   0.0006598069194296841  >  1e-07   ----  iteration 3
calc_dirac_mu 323.9992523166874 18616.160579018084 137.035999139
Error 0.00022205568627608495
Delta E 0.00016027605670387857
Energy -162.70448100592694
Converged?  0.00022205568627608495  >  9.999999999999999e-06   ----   0.00016027605670387857  >  1e-07   ----  iteration 4
calc_dirac_mu 323.9993317815747 18616.16053893838 137.035999139
Error 0.00011522329934461305
Delta E 4.007970346719958e-05
Energy -162.7045210856304
Converged?  0.00011522329934461305  >  9.999999999999999e-06   ----   4.007970346719958e-05  >  1e-07   ----  iteration 5
calc_dirac_mu 323.99935175878045 18616.160528862478 137.035999139
Error 5.9242205891282945e-05
Delta E 1.0075902537209913e-05
Energy -162.70453116153294
Converged?  5.9242205891282945e-05  >  9.999999999999999e-06   ----   1.0075902537209913e-05  >  1e-07   ----  iteration 6
calc_dirac_mu 323.99935682981396 18616.1605263048 137.035999139
Error 3.0270549513194154e-05
Delta E 2.5576773623470217e-06
Energy -162.7045337192103
Converged?  3.0270549513194154e-05  >  9.999999999999999e-06   ----   2.5576773623470217e-06  >  1e-07   ----  iteration 7
calc_dirac_mu 323.99935811958346 18616.16052565428 137.035999139
Error 1.5402053364873416e-05
Delta E 6.505215424112976e-07
Energy -162.70453436973185
Converged?  1.5402053364873416e-05  >  9.999999999999999e-06   ----   6.505215424112976e-07  >  1e-07   ----  iteration 8
calc_dirac_mu 323.9993584473177 18616.16052548898 137.035999139
Error 7.814440970710134e-06
Delta E 1.6529884305782616e-07
Energy -162.7045345350307
Converged?  7.814440970710134e-06  >  9.999999999999999e-06   ----   1.6529884305782616e-07  >  1e-07   ----  iteration 9
calc_dirac_mu 323.9993585316358 18616.160525446452 137.035999139
Error 3.957125186374621e-06
Delta E 4.2527972254902124e-08
Energy -162.70453457755866
Converged?  3.957125186374621e-06  >  9.999999999999999e-06   ----   4.2527972254902124e-08  >  1e-07   ----  iteration 10
calc_dirac_mu 323.9993585526764 18616.16052543584 137.035999139
Error 2.001172756078544e-06
Delta E 1.0611984180286527e-08
Energy -162.70453458817065
Converged?  2.001172756078544e-06  >  9.999999999999999e-06   ----   1.0611984180286527e-08  >  1e-07   ----  iteration 11
calc_dirac_mu 323.99935855790403 18616.160525433203 137.035999139
Error 1.011185570797975e-06
Delta E 2.637534635141492e-09
Energy -162.70453459080818
Converged?  1.011185570797975e-06  >  9.999999999999999e-06   ----   2.637534635141492e-09  >  1e-07   ----  iteration 12
Classic-like energies: cke = 167.7278471874244, cpe = -329.72647834708147, cke + cpe = -161.99863115965707
Exact Energy = -162.70485811494655
Dirac Energy = -162.70453459147757
Kutze Energy = -162.7034773110213
Error Kutze  = 0.0013808039257128257
Error Dirac  = 0.00032352346897823736
Delta Energy = -6.693881005048752e-10
Dirac - Kutzelnigg = -0.0010572804567345884

PARAMETERS:
molecule    = [['Ar', 18, 0.1, 0.2, 0.3, 54, 54]]
D2          = False
prec        = 6
derivative  = PH
box         = 1

-------------------------------
Ar 0 0 6 PH 1
-------------------------------
Now executing: python test.py Input_Making/input__Ar007ABGV.txt
Input file: Input_Making/input__Ar007ABGV.txt
Output file: outputs/output__Ar007ABGV.txt
light_speed = 137.03599913900001  # default 137.03599913900001
derivative = "ABGV"         # possible values: PH, ABGV, BS
order = 10
box = 1
prec = 1.0e-7                 # precision threshold for the MRA operations
thr  = 1.0e-6                  # error threshold for SCF convergence

readPotential    = False         # bool
computePotential = True         # bool 
savePotential    = False         # bool
potential = "fermi_dirac"       # possible values: point_charge coulomb_HFYGB homogeneus_charge_sphere gaussian

readOrbitals     = False         # bool
saveOrbitals     = False         # bool
saveGuess        = False

scf              = True
ktrs             = False
D2               = False         # bool
two_electrons    = False         # bool

runGaunt         = False
runGaugeA        = False
runGaugeB        = False
runGaugeC        = False
runGaugeD        = False
runGaugeDelta    = False

molecule = [ ["Ar", 18, 0.1, 0.2, 0.3, 54, 54] ]

# With the paramenters I got from Robert, the error is (1) higher than
#  what he gets and (2) dominated by the width of the Gaussian
# I get a much better agreement with the ideal value IF the Gaussian
#  size is reduced by one order of magnitude 3e4->3e5 for Ar
# It seems the position of the nucleus is also important: I get bad
#  results from D2 if I move the nucleus
# Higher prec with off centered nucleus is too demanding for my laptop

**************************************
18 [0.1, 0.2, 0.3]
Fermi Dirac potential
Using Half Charge Radius for Ar: 6.8888709658e-05
Integral of the Fermi-Dirac distribution via cartesian 3D integration: 1.6483679074262425
The normalization constant is: 10.919892287945084
Integral of the Fermi-Dirac distribution via 3D integration: 18.000000000000014
3D density

*FunctionTree: nn
  genNodes: 0
  square norm: 1.21406e+14
  root scale: 0
  order: 10
  nodes: 296
  endNodes: 260
  nodes per scale: 
    scale=0  nodes=8
    scale=1  nodes=8
    scale=2  nodes=8
    scale=3  nodes=8
    scale=4  nodes=8
    scale=5  nodes=8
    scale=6  nodes=8
    scale=7  nodes=8
    scale=8  nodes=8
    scale=9  nodes=8
    scale=10  nodes=8
    scale=11  nodes=32
    scale=12  nodes=144
    scale=13  nodes=24
    scale=14  nodes=8

3D potential

*FunctionTree: nn
  genNodes: 0
  square norm: 4812.71
  root scale: 0
  order: 10
  nodes: 1512
  endNodes: 1324
  nodes per scale: 
    scale=0  nodes=8
    scale=1  nodes=64
    scale=2  nodes=104
    scale=3  nodes=104
    scale=4  nodes=104
    scale=5  nodes=104
    scale=6  nodes=104
    scale=7  nodes=104
    scale=8  nodes=104
    scale=9  nodes=104
    scale=10  nodes=96
    scale=11  nodes=104
    scale=12  nodes=96
    scale=13  nodes=104
    scale=14  nodes=120
    scale=15  nodes=88

Potential

*FunctionTree: nn
  genNodes: 0
  square norm: 4812.71
  root scale: 0
  order: 10
  nodes: 1512
  endNodes: 1324
  nodes per scale: 
    scale=0  nodes=8
    scale=1  nodes=64
    scale=2  nodes=104
    scale=3  nodes=104
    scale=4  nodes=104
    scale=5  nodes=104
    scale=6  nodes=104
    scale=7  nodes=104
    scale=8  nodes=104
    scale=9  nodes=104
    scale=10  nodes=96
    scale=11  nodes=104
    scale=12  nodes=96
    scale=13  nodes=104
    scale=14  nodes=120
    scale=15  nodes=88

Number of Atoms =  1
[['Ar', 18, 0.1, 0.2, 0.3, 54, 54]]
Using derivative  ABGV
One-electron calculations 1e-07
calc_dirac_mu 323.9814217274368 18616.169572229846 137.035999139
Error 0.00246625926077662
Delta E 18616.169572229846
Energy -162.69548779416436
Converged?  0.00246625926077662  >  1e-06   ----   18616.169572229846  >  1e-08   ----  iteration 0
calc_dirac_mu 323.99158778243327 18616.164444778668 137.035999139
Error 0.0014263388210836692
Delta E 0.005127451178850606
Energy -162.70061524534322
Converged?  0.0014263388210836692  >  1e-06   ----   0.005127451178850606  >  1e-08   ----  iteration 1
calc_dirac_mu 323.99731324256464 18616.161557028834 137.035999139
Error 0.0007865678684760306
Delta E 0.002887749833462294
Energy -162.70350299517668
Converged?  0.0007865678684760306  >  1e-06   ----   0.002887749833462294  >  1e-08   ----  iteration 2
calc_dirac_mu 323.99862149227 18616.16089718698 137.035999139
Error 0.0004221264142832698
Delta E 0.0006598418549401686
Energy -162.70416283703162
Converged?  0.0004221264142832698  >  1e-06   ----   0.0006598418549401686  >  1e-08   ----  iteration 3
calc_dirac_mu 323.9989382104135 18616.160737443857 137.035999139
Error 0.0002220210349577319
Delta E 0.0001597431219124701
Energy -162.70432258015353
Converged?  0.0002220210349577319  >  1e-06   ----   0.0001597431219124701  >  1e-08   ----  iteration 4
calc_dirac_mu 323.9990176233198 18616.160697390373 137.035999139
Error 0.00011520568722576491
Delta E 4.005348455393687e-05
Energy -162.70436263363808
Converged?  0.00011520568722576491  >  1e-06   ----   4.005348455393687e-05  >  1e-08   ----  iteration 5
calc_dirac_mu 323.9990377172948 18616.160687255575 137.035999139
Error 5.923336989347387e-05
Delta E 1.0134797776117921e-05
Energy -162.70437276843586
Converged?  5.923336989347387e-05  >  1e-06   ----   1.0134797776117921e-05  >  1e-08   ----  iteration 6
calc_dirac_mu 323.9990427739532 18616.160684705148 137.035999139
Error 3.026607271979632e-05
Delta E 2.550426870584488e-06
Energy -162.70437531886273
Converged?  3.026607271979632e-05  >  1e-06   ----   2.550426870584488e-06  >  1e-08   ----  iteration 7
calc_dirac_mu 323.9990440469543 18616.160684063085 137.035999139
Error 1.539978046563486e-05
Delta E 6.420632416848093e-07
Energy -162.70437596092597
Converged?  1.539978046563486e-05  >  1e-06   ----   6.420632416848093e-07  >  1e-08   ----  iteration 8
calc_dirac_mu 323.99904435798044 18616.16068390621 137.035999139
Error 7.813282011972244e-06
Delta E 1.5687328414060175e-07
Energy -162.70437611779926
Converged?  7.813282011972244e-06  >  1e-06   ----   1.5687328414060175e-07  >  1e-08   ----  iteration 9
calc_dirac_mu 323.9990444407369 18616.160683864473 137.035999139
Error 3.9565390873421684e-06
Delta E 4.173853085376322e-08
Energy -162.7043761595378
Converged?  3.9565390873421684e-06  >  1e-06   ----   4.173853085376322e-08  >  1e-08   ----  iteration 10
calc_dirac_mu 323.99904461591467 18616.160683776117 137.035999139
Error 2.0009806112684235e-06
Delta E 8.835559128783643e-08
Energy -162.70437624789338
Converged?  2.0009806112684235e-06  >  1e-06   ----   8.835559128783643e-08  >  1e-08   ----  iteration 11
calc_dirac_mu 323.9990446205456 18616.16068377378 137.035999139
Error 1.0110878944438847e-06
Delta E 2.3355823941528797e-09
Energy -162.70437625022896
Converged?  1.0110878944438847e-06  >  1e-06   ----   2.3355823941528797e-09  >  1e-08   ----  iteration 12
calc_dirac_mu 323.9990446214248 18616.160683773338 137.035999139
Error 5.105965700281297e-07
Delta E 4.43833414465189e-10
Energy -162.7043762506728
Converged?  5.105965700281297e-07  >  1e-06   ----   4.43833414465189e-10  >  1e-08   ----  iteration 13
Classic-like energies: cke = 167.7268571191338, cpe = -329.72652115570514, cke + cpe = -161.99966403657135
Exact Energy = -162.70485811494655
Dirac Energy = -162.7043762507201
Kutze Energy = -162.70451921521115
Error Kutze  = 0.00033889973565237597
Error Dirac  = 0.00048186422645812854
Delta Energy = -4.729372449219227e-11
Dirac - Kutzelnigg = 0.00014296449080575258

PARAMETERS:
molecule    = [['Ar', 18, 0.1, 0.2, 0.3, 54, 54]]
D2          = False
prec        = 7
derivative  = ABGV
box         = 1

-------------------------------
Ar 0 0 7 ABGV 1
-------------------------------
Now executing: python test.py Input_Making/input__Ar007BS.txt
Input file: Input_Making/input__Ar007BS.txt
Output file: outputs/output__Ar007BS.txt
light_speed = 137.03599913900001  # default 137.03599913900001
derivative = "BS"         # possible values: PH, ABGV, BS
order = 10
box = 1
prec = 1.0e-7                 # precision threshold for the MRA operations
thr  = 1.0e-6                  # error threshold for SCF convergence

readPotential    = False         # bool
computePotential = True         # bool 
savePotential    = False         # bool
potential = "fermi_dirac"       # possible values: point_charge coulomb_HFYGB homogeneus_charge_sphere gaussian

readOrbitals     = False         # bool
saveOrbitals     = False         # bool
saveGuess        = False

scf              = True
ktrs             = False
D2               = False         # bool
two_electrons    = False         # bool

runGaunt         = False
runGaugeA        = False
runGaugeB        = False
runGaugeC        = False
runGaugeD        = False
runGaugeDelta    = False

molecule = [ ["Ar", 18, 0.1, 0.2, 0.3, 54, 54] ]

# With the paramenters I got from Robert, the error is (1) higher than
#  what he gets and (2) dominated by the width of the Gaussian
# I get a much better agreement with the ideal value IF the Gaussian
#  size is reduced by one order of magnitude 3e4->3e5 for Ar
# It seems the position of the nucleus is also important: I get bad
#  results from D2 if I move the nucleus
# Higher prec with off centered nucleus is too demanding for my laptop

**************************************
18 [0.1, 0.2, 0.3]
Fermi Dirac potential
Using Half Charge Radius for Ar: 6.8888709658e-05
Integral of the Fermi-Dirac distribution via cartesian 3D integration: 1.6483679074262425
The normalization constant is: 10.919892287945084
Integral of the Fermi-Dirac distribution via 3D integration: 18.000000000000014
3D density

*FunctionTree: nn
  genNodes: 0
  square norm: 1.21406e+14
  root scale: 0
  order: 10
  nodes: 296
  endNodes: 260
  nodes per scale: 
    scale=0  nodes=8
    scale=1  nodes=8
    scale=2  nodes=8
    scale=3  nodes=8
    scale=4  nodes=8
    scale=5  nodes=8
    scale=6  nodes=8
    scale=7  nodes=8
    scale=8  nodes=8
    scale=9  nodes=8
    scale=10  nodes=8
    scale=11  nodes=32
    scale=12  nodes=144
    scale=13  nodes=24
    scale=14  nodes=8

3D potential

*FunctionTree: nn
  genNodes: 0
  square norm: 4812.71
  root scale: 0
  order: 10
  nodes: 1512
  endNodes: 1324
  nodes per scale: 
    scale=0  nodes=8
    scale=1  nodes=64
    scale=2  nodes=104
    scale=3  nodes=104
    scale=4  nodes=104
    scale=5  nodes=104
    scale=6  nodes=104
    scale=7  nodes=104
    scale=8  nodes=104
    scale=9  nodes=104
    scale=10  nodes=96
    scale=11  nodes=104
    scale=12  nodes=96
    scale=13  nodes=104
    scale=14  nodes=120
    scale=15  nodes=88

Potential

*FunctionTree: nn
  genNodes: 0
  square norm: 4812.71
  root scale: 0
  order: 10
  nodes: 1512
  endNodes: 1324
  nodes per scale: 
    scale=0  nodes=8
    scale=1  nodes=64
    scale=2  nodes=104
    scale=3  nodes=104
    scale=4  nodes=104
    scale=5  nodes=104
    scale=6  nodes=104
    scale=7  nodes=104
    scale=8  nodes=104
    scale=9  nodes=104
    scale=10  nodes=96
    scale=11  nodes=104
    scale=12  nodes=96
    scale=13  nodes=104
    scale=14  nodes=120
    scale=15  nodes=88

Number of Atoms =  1
[['Ar', 18, 0.1, 0.2, 0.3, 54, 54]]
Using derivative  BS
One-electron calculations 1e-07
calc_dirac_mu 323.9813842217722 18616.16959114657 137.035999139
Error 0.002466238365367244
Delta E 18616.16959114657
Energy -162.69546887744218
Converged?  0.002466238365367244  >  1e-06   ----   18616.16959114657  >  1e-08   ----  iteration 0
calc_dirac_mu 323.9918794735051 18616.164297658477 137.035999139
Error 0.0014265328346585444
Delta E 0.005293488091410836
Energy -162.7007623655336
Converged?  0.0014265328346585444  >  1e-06   ----   0.005293488091410836  >  1e-08   ----  iteration 1
calc_dirac_mu 323.9976086816812 18616.16140801822 137.035999139
Error 0.0007866718793542174
Delta E 0.002889640258217696
Energy -162.7036520057918
Converged?  0.0007866718793542174  >  1e-06   ----   0.002889640258217696  >  1e-08   ----  iteration 2
calc_dirac_mu 323.99891668365046 18616.16074830131 137.035999139
Error 0.00042217947359721614
Delta E 0.000659716908558039
Energy -162.70431172270037
Converged?  0.00042217947359721614  >  1e-06   ----   0.000659716908558039  >  1e-08   ----  iteration 3
calc_dirac_mu 323.9992349178685 18616.160587793525 137.035999139
Error 0.00022204896061192025
Delta E 0.0001605077850399539
Energy -162.7044722304854
Converged?  0.00022204896061192025  >  1e-06   ----   0.0001605077850399539  >  1e-08   ----  iteration 4
calc_dirac_mu 323.99931439928935 18616.160547705484 137.035999139
Error 0.0001152198451602632
Delta E 4.008804171462543e-05
Energy -162.70451231852712
Converged?  0.0001152198451602632  >  1e-06   ----   4.008804171462543e-05  >  1e-08   ----  iteration 5
calc_dirac_mu 323.999334461705 18616.160537586602 137.035999139
Error 5.924049293946485e-05
Delta E 1.0118881618836895e-05
Energy -162.70452243740874
Converged?  5.924049293946485e-05  >  1e-06   ----   1.0118881618836895e-05  >  1e-08   ----  iteration 6
calc_dirac_mu 323.9993395482564 18616.1605350211 137.035999139
Error 3.0269685321731816e-05
Delta E 2.565502654761076e-06
Energy -162.7045250029114
Converged?  3.0269685321731816e-05  >  1e-06   ----   2.565502654761076e-06  >  1e-08   ----  iteration 7
calc_dirac_mu 323.9993408403778 18616.160534369392 137.035999139
Error 1.5401615017756927e-05
Delta E 6.517075235024095e-07
Energy -162.70452565461892
Converged?  1.5401615017756927e-05  >  1e-06   ----   6.517075235024095e-07  >  1e-08   ----  iteration 8
calc_dirac_mu 323.9993411688262 18616.160534203733 137.035999139
Error 7.814218798527045e-06
Delta E 1.6565900295972824e-07
Energy -162.70452582027792
Converged?  7.814218798527045e-06  >  1e-06   ----   1.6565900295972824e-07  >  1e-08   ----  iteration 9
calc_dirac_mu 323.99934125243647 18616.16053416156 137.035999139
Error 3.957012034252607e-06
Delta E 4.2171450331807137e-08
Energy -162.70452586244937
Converged?  3.957012034252607e-06  >  1e-06   ----   4.2171450331807137e-08  >  1e-08   ----  iteration 10
calc_dirac_mu 323.9993412738389 18616.160534150767 137.035999139
Error 2.0011156795633887e-06
Delta E 1.0793883120641112e-08
Energy -162.70452587324326
Converged?  2.0011156795633887e-06  >  1e-06   ----   1.0793883120641112e-08  >  1e-08   ----  iteration 11
calc_dirac_mu 323.99934127919033 18616.160534148068 137.035999139
Error 1.0111567582930518e-06
Delta E 2.699380274862051e-09
Energy -162.70452587594264
Converged?  1.0111567582930518e-06  >  1e-06   ----   2.699380274862051e-09  >  1e-08   ----  iteration 12
calc_dirac_mu 323.99934128053934 18616.160534147388 137.035999139
Error 5.106317045300643e-07
Delta E 6.803020369261503e-10
Energy -162.70452587662294
Converged?  5.106317045300643e-07  >  1e-06   ----   6.803020369261503e-10  >  1e-08   ----  iteration 13
Classic-like energies: cke = 167.7270222017121, cpe = -329.72668782335865, cke + cpe = -161.99966562164656
Exact Energy = -162.70485811494655
Dirac Energy = -162.70452587675027
Kutze Energy = -162.70452081413976
Error Kutze  = 0.0003373008075868711
Error Dirac  = 0.00033223819627892226
Delta Energy = -1.2732925824820995e-10
Dirac - Kutzelnigg = -5.062611307948828e-06

PARAMETERS:
molecule    = [['Ar', 18, 0.1, 0.2, 0.3, 54, 54]]
D2          = False
prec        = 7
derivative  = BS
box         = 1

-------------------------------
Ar 0 0 7 BS 1
-------------------------------
Now executing: python test.py Input_Making/input__Ar007PH.txt
Input file: Input_Making/input__Ar007PH.txt
Output file: outputs/output__Ar007PH.txt
light_speed = 137.03599913900001  # default 137.03599913900001
derivative = "PH"         # possible values: PH, ABGV, BS
order = 10
box = 1
prec = 1.0e-7                 # precision threshold for the MRA operations
thr  = 1.0e-6                  # error threshold for SCF convergence

readPotential    = False         # bool
computePotential = True         # bool 
savePotential    = False         # bool
potential = "fermi_dirac"       # possible values: point_charge coulomb_HFYGB homogeneus_charge_sphere gaussian

readOrbitals     = False         # bool
saveOrbitals     = False         # bool
saveGuess        = False

scf              = True
ktrs             = False
D2               = False         # bool
two_electrons    = False         # bool

runGaunt         = False
runGaugeA        = False
runGaugeB        = False
runGaugeC        = False
runGaugeD        = False
runGaugeDelta    = False

molecule = [ ["Ar", 18, 0.1, 0.2, 0.3, 54, 54] ]

# With the paramenters I got from Robert, the error is (1) higher than
#  what he gets and (2) dominated by the width of the Gaussian
# I get a much better agreement with the ideal value IF the Gaussian
#  size is reduced by one order of magnitude 3e4->3e5 for Ar
# It seems the position of the nucleus is also important: I get bad
#  results from D2 if I move the nucleus
# Higher prec with off centered nucleus is too demanding for my laptop

**************************************
18 [0.1, 0.2, 0.3]
Fermi Dirac potential
Using Half Charge Radius for Ar: 6.8888709658e-05
Integral of the Fermi-Dirac distribution via cartesian 3D integration: 1.6483679074262425
The normalization constant is: 10.919892287945084
Integral of the Fermi-Dirac distribution via 3D integration: 18.000000000000014
3D density

*FunctionTree: nn
  genNodes: 0
  square norm: 1.21406e+14
  root scale: 0
  order: 10
  nodes: 296
  endNodes: 260
  nodes per scale: 
    scale=0  nodes=8
    scale=1  nodes=8
    scale=2  nodes=8
    scale=3  nodes=8
    scale=4  nodes=8
    scale=5  nodes=8
    scale=6  nodes=8
    scale=7  nodes=8
    scale=8  nodes=8
    scale=9  nodes=8
    scale=10  nodes=8
    scale=11  nodes=32
    scale=12  nodes=144
    scale=13  nodes=24
    scale=14  nodes=8

3D potential

*FunctionTree: nn
  genNodes: 0
  square norm: 4812.71
  root scale: 0
  order: 10
  nodes: 1512
  endNodes: 1324
  nodes per scale: 
    scale=0  nodes=8
    scale=1  nodes=64
    scale=2  nodes=104
    scale=3  nodes=104
    scale=4  nodes=104
    scale=5  nodes=104
    scale=6  nodes=104
    scale=7  nodes=104
    scale=8  nodes=104
    scale=9  nodes=104
    scale=10  nodes=96
    scale=11  nodes=104
    scale=12  nodes=96
    scale=13  nodes=104
    scale=14  nodes=120
    scale=15  nodes=88

Potential

*FunctionTree: nn
  genNodes: 0
  square norm: 4812.71
  root scale: 0
  order: 10
  nodes: 1512
  endNodes: 1324
  nodes per scale: 
    scale=0  nodes=8
    scale=1  nodes=64
    scale=2  nodes=104
    scale=3  nodes=104
    scale=4  nodes=104
    scale=5  nodes=104
    scale=6  nodes=104
    scale=7  nodes=104
    scale=8  nodes=104
    scale=9  nodes=104
    scale=10  nodes=96
    scale=11  nodes=104
    scale=12  nodes=96
    scale=13  nodes=104
    scale=14  nodes=120
    scale=15  nodes=88

Number of Atoms =  1
[['Ar', 18, 0.1, 0.2, 0.3, 54, 54]]
Using derivative  PH
One-electron calculations 1e-07
calc_dirac_mu 323.9813758111977 18616.16959538861 137.035999139
Error 0.0024662338090805755
Delta E 18616.16959538861
Energy -162.69546463540246
Converged?  0.0024662338090805755  >  1e-06   ----   18616.16959538861  >  1e-08   ----  iteration 0
calc_dirac_mu 323.99190399085006 18616.164285292667 137.035999139
Error 0.001426550777542756
Delta E 0.005310095941240434
Energy -162.7007747313437
Converged?  0.001426550777542756  >  1e-06   ----   0.005310095941240434  >  1e-08   ----  iteration 1
calc_dirac_mu 323.99763387683663 18616.16139531054 137.035999139
Error 0.000786681711703592
Delta E 0.002889982126362156
Energy -162.70366471347006
Converged?  0.000786681711703592  >  1e-06   ----   0.002889982126362156  >  1e-08   ----  iteration 2
calc_dirac_mu 323.99894193806506 18616.160735563742 137.035999139
Error 0.0004221845433151899
Delta E 0.0006597467981919181
Energy -162.70432446026825
Converged?  0.0004221845433151899  >  1e-06   ----   0.0006597467981919181  >  1e-08   ----  iteration 3
calc_dirac_mu 323.9992601282466 18616.160575078167 137.035999139
Error 0.00022205150240729718
Delta E 0.0001604855751793366
Energy -162.70448494584343
Converged?  0.00022205150240729718  >  1e-06   ----   0.0001604855751793366  >  1e-08   ----  iteration 4
calc_dirac_mu 323.99933961846585 18616.160534985687 137.035999139
Error 0.00011522113557229201
Delta E 4.0092480048770085e-05
Energy -162.70452503832348
Converged?  0.00011522113557229201  >  1e-06   ----   4.0092480048770085e-05  >  1e-08   ----  iteration 5
calc_dirac_mu 323.9993596915526 18616.160524861425 137.035999139
Error 5.924115126316989e-05
Delta E 1.0124262189492583e-05
Energy -162.70453516258567
Converged?  5.924115126316989e-05  >  1e-06   ----   1.0124262189492583e-05  >  1e-08   ----  iteration 6
calc_dirac_mu 323.9993647802877 18616.16052229482 137.035999139
Error 3.027001879366389e-05
Delta E 2.5666049623396248e-06
Energy -162.70453772919063
Converged?  3.027001879366389e-05  >  1e-06   ----   2.5666049623396248e-06  >  1e-08   ----  iteration 7
calc_dirac_mu 323.99936607628143 18616.16052164116 137.035999139
Error 1.540178577290948e-05
Delta E 6.536611181218177e-07
Energy -162.70453838285175
Converged?  1.540178577290948e-05  >  1e-06   ----   6.536611181218177e-07  >  1e-08   ----  iteration 8
calc_dirac_mu 323.99936640414586 18616.160521475795 137.035999139
Error 7.81430450314918e-06
Delta E 1.653643266763538e-07
Energy -162.70453854821608
Converged?  7.81430450314918e-06  >  1e-06   ----   1.653643266763538e-07  >  1e-08   ----  iteration 9
calc_dirac_mu 323.99936648800366 18616.1605214335 137.035999139
Error 3.957055419175767e-06
Delta E 4.2295141611248255e-08
Energy -162.70453859051122
Converged?  3.957055419175767e-06  >  1e-06   ----   4.2295141611248255e-08  >  1e-08   ----  iteration 10
calc_dirac_mu 323.99936651516066 18616.160521419803 137.035999139
Error 2.001141428015272e-06
Delta E 1.36969902087003e-08
Energy -162.7045386042082
Converged?  2.001141428015272e-06  >  1e-06   ----   1.36969902087003e-08  >  1e-08   ----  iteration 11
calc_dirac_mu 323.99936652057556 18616.16052141707 137.035999139
Error 1.011169777225797e-06
Delta E 2.7321220841258764e-09
Energy -162.70453860694033
Converged?  1.011169777225797e-06  >  1e-06   ----   2.7321220841258764e-09  >  1e-08   ----  iteration 12
calc_dirac_mu 323.999366521896 18616.160521416405 137.035999139
Error 5.106382478206873e-07
Delta E 6.657501216977835e-10
Energy -162.70453860760608
Converged?  5.106382478206873e-07  >  1e-06   ----   6.657501216977835e-10  >  1e-08   ----  iteration 13
Classic-like energies: cke = 167.72700965967863, cpe = -329.72672929402887, cke + cpe = -161.99971963435024
Exact Energy = -162.70485811494655
Dirac Energy = -162.70453860786802
Kutze Energy = -162.70457529891175
Error Kutze  = 0.0002828160359058529
Error Dirac  = 0.0003195070785295684
Delta Energy = -2.6193447411060333e-10
Dirac - Kutzelnigg = 3.6691042623715475e-05

PARAMETERS:
molecule    = [['Ar', 18, 0.1, 0.2, 0.3, 54, 54]]
D2          = False
prec        = 7
derivative  = PH
box         = 1

-------------------------------
Ar 0 0 7 PH 1
-------------------------------
Now executing: python test.py Input_Making/input__Ar008ABGV.txt
Input file: Input_Making/input__Ar008ABGV.txt
Output file: outputs/output__Ar008ABGV.txt
light_speed = 137.03599913900001  # default 137.03599913900001
derivative = "ABGV"         # possible values: PH, ABGV, BS
order = 11
box = 1
prec = 1.0e-8                 # precision threshold for the MRA operations
thr  = 1.0e-7                  # error threshold for SCF convergence

readPotential    = False         # bool
computePotential = True         # bool 
savePotential    = False         # bool
potential = "fermi_dirac"       # possible values: point_charge coulomb_HFYGB homogeneus_charge_sphere gaussian

readOrbitals     = False         # bool
saveOrbitals     = False         # bool
saveGuess        = False

scf              = True
ktrs             = False
D2               = False         # bool
two_electrons    = False         # bool

runGaunt         = False
runGaugeA        = False
runGaugeB        = False
runGaugeC        = False
runGaugeD        = False
runGaugeDelta    = False

molecule = [ ["Ar", 18, 0.1, 0.2, 0.3, 54, 54] ]

# With the paramenters I got from Robert, the error is (1) higher than
#  what he gets and (2) dominated by the width of the Gaussian
# I get a much better agreement with the ideal value IF the Gaussian
#  size is reduced by one order of magnitude 3e4->3e5 for Ar
# It seems the position of the nucleus is also important: I get bad
#  results from D2 if I move the nucleus
# Higher prec with off centered nucleus is too demanding for my laptop

**************************************
18 [0.1, 0.2, 0.3]
Fermi Dirac potential
Using Half Charge Radius for Ar: 6.8888709658e-05
Integral of the Fermi-Dirac distribution via cartesian 3D integration: 1.6483679125180024
The normalization constant is: 10.919892254213858
Integral of the Fermi-Dirac distribution via 3D integration: 18.00000000000001
3D density

*FunctionTree: nn
  genNodes: 0
  square norm: 1.21406e+14
  root scale: 0
  order: 11
  nodes: 328
  endNodes: 288
  nodes per scale: 
    scale=0  nodes=8
    scale=1  nodes=8
    scale=2  nodes=8
    scale=3  nodes=8
    scale=4  nodes=8
    scale=5  nodes=8
    scale=6  nodes=8
    scale=7  nodes=8
    scale=8  nodes=8
    scale=9  nodes=8
    scale=10  nodes=8
    scale=11  nodes=32
    scale=12  nodes=144
    scale=13  nodes=32
    scale=14  nodes=32

3D potential

*FunctionTree: nn
  genNodes: 0
  square norm: 4812.71
  root scale: 0
  order: 11
  nodes: 1760
  endNodes: 1541
  nodes per scale: 
    scale=0  nodes=8
    scale=1  nodes=64
    scale=2  nodes=120
    scale=3  nodes=112
    scale=4  nodes=120
    scale=5  nodes=112
    scale=6  nodes=120
    scale=7  nodes=112
    scale=8  nodes=120
    scale=9  nodes=112
    scale=10  nodes=120
    scale=11  nodes=112
    scale=12  nodes=120
    scale=13  nodes=112
    scale=14  nodes=136
    scale=15  nodes=160

Potential

*FunctionTree: nn
  genNodes: 0
  square norm: 4812.71
  root scale: 0
  order: 11
  nodes: 1760
  endNodes: 1541
  nodes per scale: 
    scale=0  nodes=8
    scale=1  nodes=64
    scale=2  nodes=120
    scale=3  nodes=112
    scale=4  nodes=120
    scale=5  nodes=112
    scale=6  nodes=120
    scale=7  nodes=112
    scale=8  nodes=120
    scale=9  nodes=112
    scale=10  nodes=120
    scale=11  nodes=112
    scale=12  nodes=120
    scale=13  nodes=112
    scale=14  nodes=136
    scale=15  nodes=160

Number of Atoms =  1
[['Ar', 18, 0.1, 0.2, 0.3, 54, 54]]
Using derivative  ABGV
One-electron calculations 1e-08
calc_dirac_mu 323.9813614306668 18616.169602641712 137.035999139
Error 0.0024662255612589996
Delta E 18616.169602641712
Energy -162.69545738229863
Converged?  0.0024662255612589996  >  1e-07   ----   18616.169602641712  >  1e-09   ----  iteration 0
calc_dirac_mu 323.9918293309112 18616.16432294889 137.035999139
Error 0.0014265085541474737
Delta E 0.005279692821204662
Energy -162.70073707511983
Converged?  0.0014265085541474737  >  1e-07   ----   0.005279692821204662  >  1e-09   ----  iteration 1
calc_dirac_mu 323.99755773638503 18616.161433713496 137.035999139
Error 0.0007866586389203356
Delta E 0.0028892353948322125
Energy -162.70362631051466
Converged?  0.0007866586389203356  >  1e-07   ----   0.0028892353948322125  >  1e-09   ----  iteration 2
calc_dirac_mu 323.9988658820362 18616.16077392412 137.035999139
Error 0.0004221728007972825
Delta E 0.0006597893770958763
Energy -162.70428609989176
Converged?  0.0004221728007972825  >  1e-07   ----   0.0006597893770958763  >  1e-09   ----  iteration 3
calc_dirac_mu 323.999184183623 18616.160613382355 137.035999139
Error 0.00022204562594045415
Delta E 0.00016054176376201212
Energy -162.70444664165552
Converged?  0.00022204562594045415  >  1e-07   ----   0.00016054176376201212  >  1e-09   ----  iteration 4
calc_dirac_mu 323.99926364783425 18616.160573302994 137.035999139
Error 0.00011521815072580438
Delta E 4.007936149719171e-05
Energy -162.70448672101702
Converged?  0.00011521815072580438  >  1e-07   ----   4.007936149719171e-05  >  1e-09   ----  iteration 5
calc_dirac_mu 323.9992837481573 18616.160563164995 137.035999139
Error 5.9239664339600475e-05
Delta E 1.0137999197468162e-05
Energy -162.70449685901622
Converged?  5.9239664339600475e-05  >  1e-07   ----   1.0137999197468162e-05  >  1e-09   ----  iteration 6
calc_dirac_mu 323.99928883299475 18616.160560600354 137.035999139
Error 3.026926660978642e-05
Delta E 2.5646404537837952e-06
Energy -162.70449942365667
Converged?  3.026926660978642e-05  >  1e-07   ----   2.5646404537837952e-06  >  1e-09   ----  iteration 7
calc_dirac_mu 323.99929012433853 18616.16055994904 137.035999139
Error 1.5401403487771756e-05
Delta E 6.513146217912436e-07
Energy -162.7045000749713
Converged?  1.5401403487771756e-05  >  1e-07   ----   6.513146217912436e-07  >  1e-09   ----  iteration 8
calc_dirac_mu 323.999290452441 18616.160559783555 137.035999139
Error 7.814111953190926e-06
Delta E 1.6548437997698784e-07
Energy -162.70450024045567
Converged?  7.814111953190926e-06  >  1e-07   ----   1.6548437997698784e-07  >  1e-09   ----  iteration 9
calc_dirac_mu 323.9992905359592 18616.16055974143 137.035999139
Error 3.956958113013769e-06
Delta E 4.2124156607314944e-08
Energy -162.70450028257983
Converged?  3.956958113013769e-06  >  1e-07   ----   4.2124156607314944e-08  >  1e-09   ----  iteration 10
calc_dirac_mu 323.99929055721566 18616.16055973071 137.035999139
Error 2.001088398261369e-06
Delta E 1.0721123544499278e-08
Energy -162.70450029330095
Converged?  2.001088398261369e-06  >  1e-07   ----   1.0721123544499278e-08  >  1e-09   ----  iteration 11
calc_dirac_mu 323.9992905624877 18616.16055972805 137.035999139
Error 1.0111429499185585e-06
Delta E 2.659362507984042e-09
Energy -162.70450029596032
Converged?  1.0111429499185585e-06  >  1e-07   ----   2.659362507984042e-09  >  1e-09   ----  iteration 12
calc_dirac_mu 323.99929056393825 18616.16055972732 137.035999139
Error 5.106248101001807e-07
Delta E 7.312337402254343e-10
Energy -162.70450029669155
Converged?  5.106248101001807e-07  >  1e-07   ----   7.312337402254343e-10  >  1e-09   ----  iteration 13
calc_dirac_mu 323.99929056424617 18616.160559727163 137.035999139
Error 2.577615017719789e-07
Delta E 1.5643308870494366e-10
Energy -162.70450029684798
Converged?  2.577615017719789e-07  >  1e-07   ----   1.5643308870494366e-10  >  1e-09   ----  iteration 14
Classic-like energies: cke = 167.72709412188323, cpe = -329.7267568754577, cke + cpe = -161.99966275357446
Exact Energy = -162.70485811494655
Dirac Energy = -162.70450029686617
Kutze Energy = -162.70451792099925
Error Kutze  = 0.00034019394661299884
Error Dirac  = 0.00035781808037427254
Delta Energy = -1.8189894035458565e-11
Dirac - Kutzelnigg = 1.7624133761273697e-05

PARAMETERS:
molecule    = [['Ar', 18, 0.1, 0.2, 0.3, 54, 54]]
D2          = False
prec        = 8
derivative  = ABGV
box         = 1

-------------------------------
Ar 0 0 8 ABGV 1
-------------------------------
Now executing: python test.py Input_Making/input__Ar008BS.txt
Input file: Input_Making/input__Ar008BS.txt
Output file: outputs/output__Ar008BS.txt
light_speed = 137.03599913900001  # default 137.03599913900001
derivative = "BS"         # possible values: PH, ABGV, BS
order = 11
box = 1
prec = 1.0e-8                 # precision threshold for the MRA operations
thr  = 1.0e-7                  # error threshold for SCF convergence

readPotential    = False         # bool
computePotential = True         # bool 
savePotential    = False         # bool
potential = "fermi_dirac"       # possible values: point_charge coulomb_HFYGB homogeneus_charge_sphere gaussian

readOrbitals     = False         # bool
saveOrbitals     = False         # bool
saveGuess        = False

scf              = True
ktrs             = False
D2               = False         # bool
two_electrons    = False         # bool

runGaunt         = False
runGaugeA        = False
runGaugeB        = False
runGaugeC        = False
runGaugeD        = False
runGaugeDelta    = False

molecule = [ ["Ar", 18, 0.1, 0.2, 0.3, 54, 54] ]

# With the paramenters I got from Robert, the error is (1) higher than
#  what he gets and (2) dominated by the width of the Gaussian
# I get a much better agreement with the ideal value IF the Gaussian
#  size is reduced by one order of magnitude 3e4->3e5 for Ar
# It seems the position of the nucleus is also important: I get bad
#  results from D2 if I move the nucleus
# Higher prec with off centered nucleus is too demanding for my laptop

**************************************
18 [0.1, 0.2, 0.3]
Fermi Dirac potential
Using Half Charge Radius for Ar: 6.8888709658e-05
Integral of the Fermi-Dirac distribution via cartesian 3D integration: 1.6483679125180024
The normalization constant is: 10.919892254213858
Integral of the Fermi-Dirac distribution via 3D integration: 18.00000000000001
3D density

*FunctionTree: nn
  genNodes: 0
  square norm: 1.21406e+14
  root scale: 0
  order: 11
  nodes: 328
  endNodes: 288
  nodes per scale: 
    scale=0  nodes=8
    scale=1  nodes=8
    scale=2  nodes=8
    scale=3  nodes=8
    scale=4  nodes=8
    scale=5  nodes=8
    scale=6  nodes=8
    scale=7  nodes=8
    scale=8  nodes=8
    scale=9  nodes=8
    scale=10  nodes=8
    scale=11  nodes=32
    scale=12  nodes=144
    scale=13  nodes=32
    scale=14  nodes=32

3D potential

*FunctionTree: nn
  genNodes: 0
  square norm: 4812.71
  root scale: 0
  order: 11
  nodes: 1760
  endNodes: 1541
  nodes per scale: 
    scale=0  nodes=8
    scale=1  nodes=64
    scale=2  nodes=120
    scale=3  nodes=112
    scale=4  nodes=120
    scale=5  nodes=112
    scale=6  nodes=120
    scale=7  nodes=112
    scale=8  nodes=120
    scale=9  nodes=112
    scale=10  nodes=120
    scale=11  nodes=112
    scale=12  nodes=120
    scale=13  nodes=112
    scale=14  nodes=136
    scale=15  nodes=160

Potential

*FunctionTree: nn
  genNodes: 0
  square norm: 4812.71
  root scale: 0
  order: 11
  nodes: 1760
  endNodes: 1541
  nodes per scale: 
    scale=0  nodes=8
    scale=1  nodes=64
    scale=2  nodes=120
    scale=3  nodes=112
    scale=4  nodes=120
    scale=5  nodes=112
    scale=6  nodes=120
    scale=7  nodes=112
    scale=8  nodes=120
    scale=9  nodes=112
    scale=10  nodes=120
    scale=11  nodes=112
    scale=12  nodes=120
    scale=13  nodes=112
    scale=14  nodes=136
    scale=15  nodes=160

Number of Atoms =  1
[['Ar', 18, 0.1, 0.2, 0.3, 54, 54]]
Using derivative  BS
One-electron calculations 1e-08
calc_dirac_mu 323.9813857296133 18616.16959038606 137.035999139
Error 0.002466239342836804
Delta E 18616.16959038606
Energy -162.69546963795074
Converged?  0.002466239342836804  >  1e-07   ----   18616.16959038606  >  1e-09   ----  iteration 0
calc_dirac_mu 323.99187865381555 18616.164298071904 137.035999139
Error 0.0014265318559742095
Delta E 0.005292314155667555
Energy -162.7007619521064
Converged?  0.0014265318559742095  >  1e-07   ----   0.005292314155667555  >  1e-09   ----  iteration 1
calc_dirac_mu 323.9976077220963 18616.161408502205 137.035999139
Error 0.0007866712736035217
Delta E 0.0028895696996187326
Energy -162.70365152180602
Converged?  0.0007866712736035217  >  1e-07   ----   0.0028895696996187326  >  1e-09   ----  iteration 2
calc_dirac_mu 323.99891572612876 18616.160748784256 137.035999139
Error 0.0004221791738909289
Delta E 0.0006597179490199778
Energy -162.70431123975504
Converged?  0.0004221791738909289  >  1e-07   ----   0.0006597179490199778  >  1e-09   ----  iteration 3
calc_dirac_mu 323.9992339585788 18616.160588277362 137.035999139
Error 0.0002220488132426605
Delta E 0.00016050689373514615
Energy -162.70447174664878
Converged?  0.0002220488132426605  >  1e-07   ----   0.00016050689373514615  >  1e-09   ----  iteration 4
calc_dirac_mu 323.99931343937754 18616.160548189633 137.035999139
Error 0.00011521977305832673
Delta E 4.008772884844802e-05
Energy -162.70451183437763
Converged?  0.00011521977305832673  >  1e-07   ----   4.008772884844802e-05  >  1e-09   ----  iteration 5
calc_dirac_mu 323.99933350129805 18616.160538071003 137.035999139
Error 5.924045739451688e-05
Delta E 1.0118630598299205e-05
Energy -162.70452195300822
Converged?  5.924045739451688e-05  >  1e-07   ----   1.0118630598299205e-05  >  1e-09   ----  iteration 6
calc_dirac_mu 323.99933858763995 18616.160535505605 137.035999139
Error 3.0269667718202518e-05
Delta E 2.5653971533756703e-06
Energy -162.70452451840538
Converged?  3.0269667718202518e-05  >  1e-07   ----   2.5653971533756703e-06  >  1e-09   ----  iteration 7
calc_dirac_mu 323.9993398796471 18616.160534853956 137.035999139
Error 1.5401606243834495e-05
Delta E 6.51649315841496e-07
Energy -162.7045251700547
Converged?  1.5401606243834495e-05  >  1e-07   ----   6.51649315841496e-07  >  1e-09   ----  iteration 8
calc_dirac_mu 323.99934020805745 18616.160534688315 137.035999139
Error 7.814214418868679e-06
Delta E 1.6564081306569278e-07
Energy -162.7045253356955
Converged?  7.814214418868679e-06  >  1e-07   ----   1.6564081306569278e-07  >  1e-09   ----  iteration 9
calc_dirac_mu 323.9993402916994 18616.16053464613 137.035999139
Error 3.957009874803992e-06
Delta E 4.2186002247035503e-08
Energy -162.7045253778815
Converged?  3.957009874803992e-06  >  1e-07   ----   4.2186002247035503e-08  >  1e-09   ----  iteration 10
calc_dirac_mu 323.99934031283846 18616.160534635466 137.035999139
Error 2.001114425151897e-06
Delta E 1.066291588358581e-08
Energy -162.70452538854443
Converged?  2.001114425151897e-06  >  1e-07   ----   1.066291588358581e-08  >  1e-09   ----  iteration 11
calc_dirac_mu 323.99934031825654 18616.160534632734 137.035999139
Error 1.0111561758495706e-06
Delta E 2.7321220841258764e-09
Energy -162.70452539127655
Converged?  1.0111561758495706e-06  >  1e-07   ----   2.7321220841258764e-09  >  1e-09   ----  iteration 12
calc_dirac_mu 323.9993403196785 18616.160534632018 137.035999139
Error 5.106314615348425e-07
Delta E 7.166818249970675e-10
Energy -162.70452539199323
Converged?  5.106314615348425e-07  >  1e-07   ----   7.166818249970675e-10  >  1e-09   ----  iteration 13
calc_dirac_mu 323.99934032006576 18616.16053463182 137.035999139
Error 2.5776491064271666e-07
Delta E 1.964508555829525e-10
Energy -162.70452539218968
Converged?  2.5776491064271666e-07  >  1e-07   ----   1.964508555829525e-10  >  1e-09   ----  iteration 14
Classic-like energies: cke = 167.7271247382565, cpe = -329.72679370560036, cke + cpe = -161.99966896734387
Exact Energy = -162.70485811494655
Dirac Energy = -162.70452539223334
Kutze Energy = -162.7045241890777
Error Kutze  = 0.00033392586919944733
Error Dirac  = 0.00033272271321038716
Delta Energy = -4.3655745685100555e-11
Dirac - Kutzelnigg = -1.2031559890601784e-06

PARAMETERS:
molecule    = [['Ar', 18, 0.1, 0.2, 0.3, 54, 54]]
D2          = False
prec        = 8
derivative  = BS
box         = 1

-------------------------------
Ar 0 0 8 BS 1
-------------------------------
Now executing: python test.py Input_Making/input__Ar008PH.txt
Input file: Input_Making/input__Ar008PH.txt
Output file: outputs/output__Ar008PH.txt
light_speed = 137.03599913900001  # default 137.03599913900001
derivative = "PH"         # possible values: PH, ABGV, BS
order = 11
box = 1
prec = 1.0e-8                 # precision threshold for the MRA operations
thr  = 1.0e-7                  # error threshold for SCF convergence

readPotential    = False         # bool
computePotential = True         # bool 
savePotential    = False         # bool
potential = "fermi_dirac"       # possible values: point_charge coulomb_HFYGB homogeneus_charge_sphere gaussian

readOrbitals     = False         # bool
saveOrbitals     = False         # bool
saveGuess        = False

scf              = True
ktrs             = False
D2               = False         # bool
two_electrons    = False         # bool

runGaunt         = False
runGaugeA        = False
runGaugeB        = False
runGaugeC        = False
runGaugeD        = False
runGaugeDelta    = False

molecule = [ ["Ar", 18, 0.1, 0.2, 0.3, 54, 54] ]

# With the paramenters I got from Robert, the error is (1) higher than
#  what he gets and (2) dominated by the width of the Gaussian
# I get a much better agreement with the ideal value IF the Gaussian
#  size is reduced by one order of magnitude 3e4->3e5 for Ar
# It seems the position of the nucleus is also important: I get bad
#  results from D2 if I move the nucleus
# Higher prec with off centered nucleus is too demanding for my laptop

**************************************
18 [0.1, 0.2, 0.3]
Fermi Dirac potential
Using Half Charge Radius for Ar: 6.8888709658e-05
Integral of the Fermi-Dirac distribution via cartesian 3D integration: 1.6483679125180024
The normalization constant is: 10.919892254213858
Integral of the Fermi-Dirac distribution via 3D integration: 18.00000000000001
3D density

*FunctionTree: nn
  genNodes: 0
  square norm: 1.21406e+14
  root scale: 0
  order: 11
  nodes: 328
  endNodes: 288
  nodes per scale: 
    scale=0  nodes=8
    scale=1  nodes=8
    scale=2  nodes=8
    scale=3  nodes=8
    scale=4  nodes=8
    scale=5  nodes=8
    scale=6  nodes=8
    scale=7  nodes=8
    scale=8  nodes=8
    scale=9  nodes=8
    scale=10  nodes=8
    scale=11  nodes=32
    scale=12  nodes=144
    scale=13  nodes=32
    scale=14  nodes=32

3D potential

*FunctionTree: nn
  genNodes: 0
  square norm: 4812.71
  root scale: 0
  order: 11
  nodes: 1760
  endNodes: 1541
  nodes per scale: 
    scale=0  nodes=8
    scale=1  nodes=64
    scale=2  nodes=120
    scale=3  nodes=112
    scale=4  nodes=120
    scale=5  nodes=112
    scale=6  nodes=120
    scale=7  nodes=112
    scale=8  nodes=120
    scale=9  nodes=112
    scale=10  nodes=120
    scale=11  nodes=112
    scale=12  nodes=120
    scale=13  nodes=112
    scale=14  nodes=136
    scale=15  nodes=160

Potential

*FunctionTree: nn
  genNodes: 0
  square norm: 4812.71
  root scale: 0
  order: 11
  nodes: 1760
  endNodes: 1541
  nodes per scale: 
    scale=0  nodes=8
    scale=1  nodes=64
    scale=2  nodes=120
    scale=3  nodes=112
    scale=4  nodes=120
    scale=5  nodes=112
    scale=6  nodes=120
    scale=7  nodes=112
    scale=8  nodes=120
    scale=9  nodes=112
    scale=10  nodes=120
    scale=11  nodes=112
    scale=12  nodes=120
    scale=13  nodes=112
    scale=14  nodes=136
    scale=15  nodes=160

Number of Atoms =  1
[['Ar', 18, 0.1, 0.2, 0.3, 54, 54]]
Using derivative  PH
One-electron calculations 1e-08
calc_dirac_mu 323.9814013304151 18616.169582517487 137.035999139
Error 0.0024662488899756213
Delta E 18616.169582517487
Energy -162.69547750652418
Converged?  0.0024662488899756213  >  1e-07   ----   18616.169582517487  >  1e-09   ----  iteration 0
calc_dirac_mu 323.9918855479854 18616.16429459469 137.035999139
Error 0.0014265313335071717
Delta E 0.00528792279510526
Energy -162.7007654293193
Converged?  0.0014265313335071717  >  1e-07   ----   0.00528792279510526  >  1e-09   ----  iteration 1
calc_dirac_mu 323.99761501603183 18616.161404823364 137.035999139
Error 0.0007866712621931352
Delta E 0.002889771327318158
Energy -162.7036552006466
Converged?  0.0007866712621931352  >  1e-07   ----   0.002889771327318158  >  1e-09   ----  iteration 2
calc_dirac_mu 323.99892306543063 18616.160745082532 137.035999139
Error 0.00042217919907429184
Delta E 0.0006597408319066744
Energy -162.70431494147851
Converged?  0.00042217919907429184  >  1e-07   ----   0.0006597408319066744  >  1e-09   ----  iteration 3
calc_dirac_mu 323.99924130875814 18616.160584570152 137.035999139
Error 0.00022204883373960914
Delta E 0.00016051237980718724
Energy -162.70447545385832
Converged?  0.00022204883373960914  >  1e-07   ----   0.00016051237980718724  >  1e-09   ----  iteration 4
calc_dirac_mu 323.999320795067 18616.160544479644 137.035999139
Error 0.0001152197872721849
Delta E 4.009050826425664e-05
Energy -162.7045155443666
Converged?  0.0001152197872721849  >  1e-07   ----   4.009050826425664e-05  >  1e-09   ----  iteration 5
calc_dirac_mu 323.9993408625008 18616.160534358234 137.035999139
Error 5.9240468327759015e-05
Delta E 1.0121410014107823e-05
Energy -162.7045256657766
Converged?  5.9240468327759015e-05  >  1e-07   ----   1.0121410014107823e-05  >  1e-09   ----  iteration 6
calc_dirac_mu 323.9993459489696 18616.16053179277 137.035999139
Error 3.02696733338671e-05
Delta E 2.565462636994198e-06
Energy -162.70452823123924
Converged?  3.02696733338671e-05  >  1e-07   ----   2.565462636994198e-06  >  1e-09   ----  iteration 7
calc_dirac_mu 323.999347241437 18616.16053114089 137.035999139
Error 1.5401609391782093e-05
Delta E 6.518821464851499e-07
Energy -162.70452888312138
Converged?  1.5401609391782093e-05  >  1e-07   ----   6.518821464851499e-07  >  1e-09   ----  iteration 8
calc_dirac_mu 323.99934757008543 18616.16053097513 137.035999139
Error 7.814216168511864e-06
Delta E 1.657608663663268e-07
Energy -162.70452904888225
Converged?  7.814216168511864e-06  >  1e-07   ----   1.657608663663268e-07  >  1e-09   ----  iteration 9
calc_dirac_mu 323.9993476536258 18616.160530932993 137.035999139
Error 3.957010689529128e-06
Delta E 4.213507054373622e-08
Energy -162.70452909101732
Converged?  3.957010689529128e-06  >  1e-07   ----   4.213507054373622e-08  >  1e-09   ----  iteration 10
calc_dirac_mu 323.9993476750061 18616.16053092221 137.035999139
Error 2.0011149986730682e-06
Delta E 1.0782969184219837e-08
Energy -162.7045291018003
Converged?  2.0011149986730682e-06  >  1e-07   ----   1.0782969184219837e-08  >  1e-09   ----  iteration 11
calc_dirac_mu 323.99934768045273 18616.160530919464 137.035999139
Error 1.0111564841542954e-06
Delta E 2.7466739993542433e-09
Energy -162.70452910454696
Converged?  1.0111564841542954e-06  >  1e-07   ----   2.7466739993542433e-09  >  1e-09   ----  iteration 12
calc_dirac_mu 323.9993476818715 18616.160530918747 137.035999139
Error 5.106316150096008e-07
Delta E 7.166818249970675e-10
Energy -162.70452910526365
Converged?  5.106316150096008e-07  >  1e-07   ----   7.166818249970675e-10  >  1e-09   ----  iteration 13
calc_dirac_mu 323.99934768216036 18616.1605309186 137.035999139
Error 2.5776492184035606e-07
Delta E 1.4551915228366852e-10
Energy -162.70452910540916
Converged?  2.5776492184035606e-07  >  1e-07   ----   1.4551915228366852e-10  >  1e-09   ----  iteration 14
Classic-like energies: cke = 167.7271431117502, cpe = -329.7267902640383, cke + cpe = -161.9996471522881
Exact Energy = -162.70485811494655
Dirac Energy = -162.70452910545646
Kutze Energy = -162.70450218335958
Error Kutze  = 0.0003559315882739611
Error Dirac  = 0.00032900949008762836
Delta Energy = -4.729372449219227e-11
Dirac - Kutzelnigg = -2.6922098186332732e-05

PARAMETERS:
molecule    = [['Ar', 18, 0.1, 0.2, 0.3, 54, 54]]
D2          = False
prec        = 8
derivative  = PH
box         = 1

-------------------------------
Ar 0 0 8 PH 1
-------------------------------
Now executing: python test.py Input_Making/input__Ar014ABGV.txt
Input file: Input_Making/input__Ar014ABGV.txt
Output file: outputs/output__Ar014ABGV.txt
light_speed = 137.03599913900001  # default 137.03599913900001
derivative = "ABGV"         # possible values: PH, ABGV, BS
order = 7
box = 1
prec = 1.0e-4                 # precision threshold for the MRA operations
thr  = 1.0e-3                  # error threshold for SCF convergence

readPotential    = False        # bool
computePotential = True         # bool 
savePotential    = False         # bool
potential = "fermi_dirac"       # possible values: point_charge coulomb_HFYGB homogeneus_charge_sphere gaussian

readOrbitals     = False        # bool
saveOrbitals     = False         # bool
saveGuess        = False

scf              = True
ktrs             = False
D2               = True         # bool
two_electrons    = False         # bool

runGaunt         = False
runGaugeA        = False
runGaugeB        = False
runGaugeC        = False
runGaugeD        = False
runGaugeDelta    = False

molecule = [ ["Ar", 18, 0.1, 0.2, 0.3, 54, 54] ]

# With the paramenters I got from Robert, the error is (1) higher than
#  what he gets and (2) dominated by the width of the Gaussian
# I get a much better agreement with the ideal value IF the Gaussian
#  size is reduced by one order of magnitude 3e4->3e5 for Ar
# It seems the position of the nucleus is also important: I get bad
#  results from D2 if I move the nucleus
# Higher prec with off centered nucleus is too demanding for my laptop

**************************************
18 [0.1, 0.2, 0.3]
Fermi Dirac potential
Using Half Charge Radius for Ar: 6.8888709658e-05
Integral of the Fermi-Dirac distribution via cartesian 3D integration: 1.648298032380877
The normalization constant is: 10.92035520663698
Integral of the Fermi-Dirac distribution via 3D integration: 17.999999999999975
3D density

*FunctionTree: nn
  genNodes: 0
  square norm: 1.21425e+14
  root scale: 0
  order: 7
  nodes: 264
  endNodes: 232
  nodes per scale: 
    scale=0  nodes=8
    scale=1  nodes=8
    scale=2  nodes=8
    scale=3  nodes=8
    scale=4  nodes=8
    scale=5  nodes=8
    scale=6  nodes=8
    scale=7  nodes=8
    scale=8  nodes=8
    scale=9  nodes=8
    scale=10  nodes=8
    scale=11  nodes=32
    scale=12  nodes=144

3D potential

*FunctionTree: nn
  genNodes: 0
  square norm: 4812.71
  root scale: 0
  order: 7
  nodes: 736
  endNodes: 645
  nodes per scale: 
    scale=0  nodes=8
    scale=1  nodes=56
    scale=2  nodes=48
    scale=3  nodes=56
    scale=4  nodes=48
    scale=5  nodes=56
    scale=6  nodes=48
    scale=7  nodes=56
    scale=8  nodes=48
    scale=9  nodes=56
    scale=10  nodes=48
    scale=11  nodes=56
    scale=12  nodes=48
    scale=13  nodes=56
    scale=14  nodes=48

Potential

*FunctionTree: nn
  genNodes: 0
  square norm: 4812.71
  root scale: 0
  order: 7
  nodes: 736
  endNodes: 645
  nodes per scale: 
    scale=0  nodes=8
    scale=1  nodes=56
    scale=2  nodes=48
    scale=3  nodes=56
    scale=4  nodes=48
    scale=5  nodes=56
    scale=6  nodes=48
    scale=7  nodes=56
    scale=8  nodes=48
    scale=9  nodes=56
    scale=10  nodes=48
    scale=11  nodes=56
    scale=12  nodes=48
    scale=13  nodes=56
    scale=14  nodes=48

Number of Atoms =  1
[['Ar', 18, 0.1, 0.2, 0.3, 54, 54]]
Using derivative  ABGV
Hartree-Fock 1e D2
Classic-like energies: cke = 164.9070080007178 cpe = -326.69985591643683 cke + cpe = -161.79284791571902
mu = 17.988487869508045
Error = 0.00219122162704671
Delta E 162.49589669847032
Energy -162.49589669847032 0
Converged?  0.00219122162704671  >  0.001   ----   162.49589669847032  >  1e-05   ----  iteration 0
Classic-like energies: cke = 166.0043868253544 cpe = -327.99813514697087 cke + cpe = -161.99374832161647
mu = 17.999652681183406
Error = 0.0015338397442429545
Delta E 0.2026550996238825
Energy -162.6985517980942 -162.49589669847032
Converged?  0.0015338397442429545  >  0.001   ----   0.2026550996238825  >  1e-05   ----  iteration 1
Classic-like energies: cke = 166.82242449197264 cpe = -328.82083063942525 cke + cpe = -161.9984061474526
mu = 17.99991145241846
Error = 0.0008758288807098783
Delta E 0.00469853413900978
Energy -162.7032503322332 -162.6985517980942
Converged?  0.0008758288807098783  >  0.001   ----   0.00469853413900978  >  1e-05   ----  iteration 2
Classic-like energies: cke = 167.25376916394583 cpe = -329.2531745436839 cke + cpe = -161.99940537973805
mu = 17.99996696551069
Error = 0.0004821658841083089
Delta E 0.001007965495659846
Energy -162.70425829772887 -162.7032503322332
Converged?  0.0004821658841083089  >  0.001   ----   0.001007965495659846  >  1e-05   ----  iteration 3
Classic-like energies: cke = 167.47939598478723 cpe = -329.4790484112099 cke + cpe = -161.99965242642264
mu = 17.999980690346455
Error = 0.00026105420442825187
Delta E 0.0002492058613086101
Energy -162.70450750359018 -162.70425829772887
Converged?  0.00026105420442825187  >  0.001   ----   0.0002492058613086101  >  1e-05   ----  iteration 4
Classic-like energies: cke = 167.59624106276567 cpe = -329.5959574722881 cke + cpe = -161.99971640952242
mu = 17.999984244966573
Error = 0.00014016608762691752
Delta E 6.454230907593228e-05
Energy -162.70457204589925 -162.70450750359018
Converged?  0.00014016608762691752  >  0.001   ----   6.454230907593228e-05  >  1e-05   ----  iteration 5
Classic-like energies: cke = 167.6566766490239 cpe = -329.65641009335565 cke + cpe = -161.99973344433175
mu = 17.999985191345672
Error = 7.679700077343031e-05
Delta E 1.718369287573296e-05
Energy -162.70458922959213 -162.70457204589925
Converged?  7.679700077343031e-05  >  0.001   ----   1.718369287573296e-05  >  1e-05   ----  iteration 6
Classic-like energies: cke = 167.68781661824295 cpe = -329.6875551332842 cke + cpe = -161.99973851504126
mu = 17.999985473051986
Error = 4.583391534228642e-05
Delta E 5.115027022384311e-06
Energy -162.70459434461915 -162.70458922959213
Converged?  4.583391534228642e-05  >  0.001   ----   5.115027022384311e-06  >  1e-05   ----  iteration 7
Classic-like energies: cke = 167.7038634730188 cpe = -329.70360332081486 cke + cpe = -161.99973984779606
mu = 17.999985547093978
Error = 3.308746469684105e-05
Delta E 1.3444031594644912e-06
Energy -162.7045956890223 -162.70459434461915
Converged?  3.308746469684105e-05  >  0.001   ----   1.3444031594644912e-06  >  1e-05   ----  iteration 8
Classic-like energies: cke = 167.71211679857146 cpe = -329.7118570235165 cke + cpe = -161.99974022494501
mu = 17.999985568046714
Error = 2.9237731851828707e-05
Delta E 3.804454991040984e-07
Energy -162.7045960694678 -162.7045956890223
Converged?  2.9237731851828707e-05  >  0.001   ----   3.804454991040984e-07  >  1e-05   ----  iteration 9
Classic-like energies: cke = 167.71636368662746, cpe = -329.7161043762031, cke + cpe = -161.99974068957562
Exact Energy = -162.70485811494655
Dirac Energy = -162.70468246970995
Kutze Energy = -162.70459653815973
Error Kutze  = 0.0002615767880342901
Error Dirac  = 0.00017564523659530096
Delta Energy = -4.6869192260601267e-07
Dirac - Kutzelnigg = -8.593155143898912e-05

PARAMETERS:
molecule    = [['Ar', 18, 0.1, 0.2, 0.3, 54, 54]]
D2          = True
prec        = 4
derivative  = ABGV
box         = 1

-------------------------------
Ar 0 1 4 ABGV 1
-------------------------------
Now executing: python test.py Input_Making/input__Ar014BS.txt
Input file: Input_Making/input__Ar014BS.txt
Output file: outputs/output__Ar014BS.txt
light_speed = 137.03599913900001  # default 137.03599913900001
derivative = "BS"         # possible values: PH, ABGV, BS
order = 7
box = 1
prec = 1.0e-4                 # precision threshold for the MRA operations
thr  = 1.0e-3                  # error threshold for SCF convergence

readPotential    = False        # bool
computePotential = True         # bool 
savePotential    = False         # bool
potential = "fermi_dirac"       # possible values: point_charge coulomb_HFYGB homogeneus_charge_sphere gaussian

readOrbitals     = False        # bool
saveOrbitals     = False         # bool
saveGuess        = False

scf              = True
ktrs             = False
D2               = True         # bool
two_electrons    = False         # bool

runGaunt         = False
runGaugeA        = False
runGaugeB        = False
runGaugeC        = False
runGaugeD        = False
runGaugeDelta    = False

molecule = [ ["Ar", 18, 0.1, 0.2, 0.3, 54, 54] ]

# With the paramenters I got from Robert, the error is (1) higher than
#  what he gets and (2) dominated by the width of the Gaussian
# I get a much better agreement with the ideal value IF the Gaussian
#  size is reduced by one order of magnitude 3e4->3e5 for Ar
# It seems the position of the nucleus is also important: I get bad
#  results from D2 if I move the nucleus
# Higher prec with off centered nucleus is too demanding for my laptop

**************************************
18 [0.1, 0.2, 0.3]
Fermi Dirac potential
Using Half Charge Radius for Ar: 6.8888709658e-05
Integral of the Fermi-Dirac distribution via cartesian 3D integration: 1.648298032380877
The normalization constant is: 10.92035520663698
Integral of the Fermi-Dirac distribution via 3D integration: 17.999999999999975
3D density

*FunctionTree: nn
  genNodes: 0
  square norm: 1.21425e+14
  root scale: 0
  order: 7
  nodes: 264
  endNodes: 232
  nodes per scale: 
    scale=0  nodes=8
    scale=1  nodes=8
    scale=2  nodes=8
    scale=3  nodes=8
    scale=4  nodes=8
    scale=5  nodes=8
    scale=6  nodes=8
    scale=7  nodes=8
    scale=8  nodes=8
    scale=9  nodes=8
    scale=10  nodes=8
    scale=11  nodes=32
    scale=12  nodes=144

3D potential

*FunctionTree: nn
  genNodes: 0
  square norm: 4812.71
  root scale: 0
  order: 7
  nodes: 736
  endNodes: 645
  nodes per scale: 
    scale=0  nodes=8
    scale=1  nodes=56
    scale=2  nodes=48
    scale=3  nodes=56
    scale=4  nodes=48
    scale=5  nodes=56
    scale=6  nodes=48
    scale=7  nodes=56
    scale=8  nodes=48
    scale=9  nodes=56
    scale=10  nodes=48
    scale=11  nodes=56
    scale=12  nodes=48
    scale=13  nodes=56
    scale=14  nodes=48

Potential

*FunctionTree: nn
  genNodes: 0
  square norm: 4812.71
  root scale: 0
  order: 7
  nodes: 736
  endNodes: 645
  nodes per scale: 
    scale=0  nodes=8
    scale=1  nodes=56
    scale=2  nodes=48
    scale=3  nodes=56
    scale=4  nodes=48
    scale=5  nodes=56
    scale=6  nodes=48
    scale=7  nodes=56
    scale=8  nodes=48
    scale=9  nodes=56
    scale=10  nodes=48
    scale=11  nodes=56
    scale=12  nodes=48
    scale=13  nodes=56
    scale=14  nodes=48

Number of Atoms =  1
[['Ar', 18, 0.1, 0.2, 0.3, 54, 54]]
Using derivative  BS
Hartree-Fock 1e D2
Classic-like energies: cke = 164.9070080007178 cpe = -326.71806800308644 cke + cpe = -161.81106000236863
mu = 17.989500271123077
Error = 0.0022363048989303977
Delta E 162.51426776123859
Energy -162.51426776123859 0
Converged?  0.0022363048989303977  >  0.001   ----   162.51426776123859  >  1e-05   ----  iteration 0
Classic-like energies: cke = 166.03181457140403 cpe = -328.02581883376763 cke + cpe = -161.9940042623636
mu = 17.99966690038255
Error = 0.0015182590776169106
Delta E 0.18454221443346341
Energy -162.69880997567205 -162.51426776123859
Converged?  0.0015182590776169106  >  0.001   ----   0.18454221443346341  >  1e-05   ----  iteration 1
Classic-like energies: cke = 166.8373418542129 cpe = -328.83571367335594 cke + cpe = -161.99837181914305
mu = 17.99990954528067
Error = 0.0008648489316214887
Delta E 0.004405728226458905
Energy -162.7032157038985 -162.69880997567205
Converged?  0.0008648489316214887  >  0.001   ----   0.004405728226458905  >  1e-05   ----  iteration 2
Classic-like energies: cke = 167.26136191349332 cpe = -329.2606985080489 cke + cpe = -161.9993365945556
mu = 17.999963144104246
Error = 0.00047507691790031153
Delta E 0.0009732074672967883
Energy -162.7041889113658 -162.7032157038985
Converged?  0.00047507691790031153  >  0.001   ----   0.0009732074672967883  >  1e-05   ----  iteration 3
Classic-like energies: cke = 167.4831228836301 cpe = -329.4826946627034 cke + cpe = -161.9995717790733
mu = 17.999976209932797
Error = 0.0002563280884088628
Delta E 0.0002372400192882651
Energy -162.7044261513851 -162.7041889113658
Converged?  0.0002563280884088628  >  0.001   ----   0.0002372400192882651  >  1e-05   ----  iteration 4
Classic-like energies: cke = 167.59792843883972 cpe = -329.5975616314048 cke + cpe = -161.99963319256508
mu = 17.999979621797635
Error = 0.00013611311050405295
Delta E 6.195024295152507e-05
Energy -162.70448810162804 -162.7044261513851
Converged?  0.00013611311050405295  >  0.001   ----   6.195024295152507e-05  >  1e-05   ----  iteration 5
Classic-like energies: cke = 167.65730415061893 cpe = -329.65695360029844 cke + cpe = -161.9996494496795
mu = 17.999980524971658
Error = 7.164679875559377e-05
Delta E 1.6399201115291362e-05
Energy -162.70450450082916 -162.70448810162804
Converged?  7.164679875559377e-05  >  0.001   ----   1.6399201115291362e-05  >  1e-05   ----  iteration 6
Classic-like energies: cke = 167.68789484292304 cpe = -329.68754889714364 cke + cpe = -161.9996540542206
mu = 17.999980780779772
Error = 3.746335964874516e-05
Delta E 4.644786031349213e-06
Energy -162.7045091456152 -162.70450450082916
Converged?  3.746335964874516e-05  >  0.001   ----   4.644786031349213e-06  >  1e-05   ----  iteration 7
Classic-like energies: cke = 167.70365800421865 cpe = -329.70331332235315 cke + cpe = -161.9996553181345
mu = 17.999980850997286
Error = 1.9588915187892327e-05
Delta E 1.274960197861219e-06
Energy -162.7045104205754 -162.7045091456152
Converged?  1.9588915187892327e-05  >  0.001   ----   1.274960197861219e-06  >  1e-05   ----  iteration 8
Classic-like energies: cke = 167.71176488986166 cpe = -329.71142057237773 cke + cpe = -161.99965568251608
mu = 17.99998087124073
Error = 1.0374455833729216e-05
Delta E 3.6756517829417135e-07
Energy -162.70451078814057 -162.7045104205754
Converged?  1.0374455833729216e-05  >  0.001   ----   3.6756517829417135e-07  >  1e-05   ----  iteration 9
Classic-like energies: cke = 167.71593639939292, cpe = -329.7155000583608, cke + cpe = -161.9995636589679
Exact Energy = -162.70485811494655
Dirac Energy = -162.70453379807805
Kutze Energy = -162.70441796031167
Error Kutze  = 0.00044015463572577573
Error Dirac  = 0.0003243168685003184
Delta Energy = 9.282782889385999e-05
Dirac - Kutzelnigg = -0.00011583776722545736

PARAMETERS:
molecule    = [['Ar', 18, 0.1, 0.2, 0.3, 54, 54]]
D2          = True
prec        = 4
derivative  = BS
box         = 1

-------------------------------
Ar 0 1 4 BS 1
-------------------------------
Now executing: python test.py Input_Making/input__Ar014PH.txt
Input file: Input_Making/input__Ar014PH.txt
Output file: outputs/output__Ar014PH.txt
light_speed = 137.03599913900001  # default 137.03599913900001
derivative = "PH"         # possible values: PH, ABGV, BS
order = 7
box = 1
prec = 1.0e-4                 # precision threshold for the MRA operations
thr  = 1.0e-3                  # error threshold for SCF convergence

readPotential    = False        # bool
computePotential = True         # bool 
savePotential    = False         # bool
potential = "fermi_dirac"       # possible values: point_charge coulomb_HFYGB homogeneus_charge_sphere gaussian

readOrbitals     = False        # bool
saveOrbitals     = False         # bool
saveGuess        = False

scf              = True
ktrs             = False
D2               = True         # bool
two_electrons    = False         # bool

runGaunt         = False
runGaugeA        = False
runGaugeB        = False
runGaugeC        = False
runGaugeD        = False
runGaugeDelta    = False

molecule = [ ["Ar", 18, 0.1, 0.2, 0.3, 54, 54] ]

# With the paramenters I got from Robert, the error is (1) higher than
#  what he gets and (2) dominated by the width of the Gaussian
# I get a much better agreement with the ideal value IF the Gaussian
#  size is reduced by one order of magnitude 3e4->3e5 for Ar
# It seems the position of the nucleus is also important: I get bad
#  results from D2 if I move the nucleus
# Higher prec with off centered nucleus is too demanding for my laptop

**************************************
18 [0.1, 0.2, 0.3]
Fermi Dirac potential
Using Half Charge Radius for Ar: 6.8888709658e-05
Integral of the Fermi-Dirac distribution via cartesian 3D integration: 1.648298032380877
The normalization constant is: 10.92035520663698
Integral of the Fermi-Dirac distribution via 3D integration: 17.999999999999975
3D density

*FunctionTree: nn
  genNodes: 0
  square norm: 1.21425e+14
  root scale: 0
  order: 7
  nodes: 264
  endNodes: 232
  nodes per scale: 
    scale=0  nodes=8
    scale=1  nodes=8
    scale=2  nodes=8
    scale=3  nodes=8
    scale=4  nodes=8
    scale=5  nodes=8
    scale=6  nodes=8
    scale=7  nodes=8
    scale=8  nodes=8
    scale=9  nodes=8
    scale=10  nodes=8
    scale=11  nodes=32
    scale=12  nodes=144

3D potential

*FunctionTree: nn
  genNodes: 0
  square norm: 4812.71
  root scale: 0
  order: 7
  nodes: 736
  endNodes: 645
  nodes per scale: 
    scale=0  nodes=8
    scale=1  nodes=56
    scale=2  nodes=48
    scale=3  nodes=56
    scale=4  nodes=48
    scale=5  nodes=56
    scale=6  nodes=48
    scale=7  nodes=56
    scale=8  nodes=48
    scale=9  nodes=56
    scale=10  nodes=48
    scale=11  nodes=56
    scale=12  nodes=48
    scale=13  nodes=56
    scale=14  nodes=48

Potential

*FunctionTree: nn
  genNodes: 0
  square norm: 4812.71
  root scale: 0
  order: 7
  nodes: 736
  endNodes: 645
  nodes per scale: 
    scale=0  nodes=8
    scale=1  nodes=56
    scale=2  nodes=48
    scale=3  nodes=56
    scale=4  nodes=48
    scale=5  nodes=56
    scale=6  nodes=48
    scale=7  nodes=56
    scale=8  nodes=48
    scale=9  nodes=56
    scale=10  nodes=48
    scale=11  nodes=56
    scale=12  nodes=48
    scale=13  nodes=56
    scale=14  nodes=48

Number of Atoms =  1
[['Ar', 18, 0.1, 0.2, 0.3, 54, 54]]
Using derivative  PH
Hartree-Fock 1e D2
Classic-like energies: cke = 164.9070080007178 cpe = -326.735375104875 cke + cpe = -161.8283671041572
mu = 17.990462312245185
Error = 0.0022783554021937598
Delta E 162.53172595619327
Energy -162.53172595619327 0
Converged?  0.0022783554021937598  >  0.001   ----   162.53172595619327  >  1e-05   ----  iteration 0
Classic-like energies: cke = 166.05894781221343 cpe = -328.05332520708936 cke + cpe = -161.99437739487593
mu = 17.99968763033825
Error = 0.0015039643483330887
Delta E 0.16746041304293158
Energy -162.6991863692362 -162.53172595619327
Converged?  0.0015039643483330887  >  0.001   ----   0.16746041304293158  >  1e-05   ----  iteration 1
Classic-like energies: cke = 166.8532852129925 cpe = -328.85175584092025 cke + cpe = -161.99847062792776
mu = 17.999915034684346
Error = 0.0008561079422043763
Delta E 0.004129007024459952
Energy -162.70331537626066 -162.6991863692362
Converged?  0.0008561079422043763  >  0.001   ----   0.004129007024459952  >  1e-05   ----  iteration 2
Classic-like energies: cke = 167.26981464778683 cpe = -329.26920426659547 cke + cpe = -161.99938961880864
mu = 17.99996608990187
Error = 0.00046879215678957876
Delta E 0.0009270227888009686
Energy -162.70424239904946 -162.70331537626066
Converged?  0.00046879215678957876  >  0.001   ----   0.0009270227888009686  >  1e-05   ----  iteration 3
Classic-like energies: cke = 167.48775531203802 cpe = -329.48737320034417 cke + cpe = -161.99961788830615
mu = 17.999978771560045
Error = 0.0002527664303536343
Delta E 0.00023026456224783942
Energy -162.7044726636117 -162.70424239904946
Converged?  0.0002527664303536343  >  0.001   ----   0.00023026456224783942  >  1e-05   ----  iteration 4
Classic-like energies: cke = 167.60045189177828 cpe = -329.6001289558772 cke + cpe = -161.99967706409893
mu = 17.999982059107666
Error = 0.00013405334465598105
Delta E 5.969298658214939e-05
Energy -162.7045323565983 -162.7044726636117
Converged?  0.00013405334465598105  >  0.001   ----   5.969298658214939e-05  >  1e-05   ----  iteration 5
Classic-like energies: cke = 167.65874756810612 cpe = -329.65844041792946 cke + cpe = -161.99969284982333
mu = 17.999982936093208
Error = 7.053205720028046e-05
Delta E 1.592369164882257e-05
Energy -162.70454828028994 -162.7045323565983
Converged?  7.053205720028046e-05  >  0.001   ----   1.592369164882257e-05  >  1e-05   ----  iteration 6
Classic-like energies: cke = 167.68876917986503 cpe = -329.68846650356863 cke + cpe = -161.9996973237036
mu = 17.999983184642346
Error = 3.686420708681737e-05
Delta E 4.512980382287424e-06
Energy -162.70455279327032 -162.70454828028994
Converged?  3.686420708681737e-05  >  0.001   ----   4.512980382287424e-06  >  1e-05   ----  iteration 7
Classic-like energies: cke = 167.7042402929635 cpe = -329.7039388546335 cke + cpe = -161.99969856167002
mu = 17.99998325341832
Error = 1.9281047881775443e-05
Delta E 1.2487867024901789e-06
Energy -162.70455404205703 -162.70455279327032
Converged?  1.9281047881775443e-05  >  0.001   ----   1.2487867024901789e-06  >  1e-05   ----  iteration 8
Classic-like energies: cke = 167.7121956453228 cpe = -329.7118945701827 cke + cpe = -161.99969892485993
mu = 17.999983273595557
Error = 1.0230059669591478e-05
Delta E 3.663642758056085e-07
Energy -162.7045544084213 -162.70455404205703
Converged?  1.0230059669591478e-05  >  0.001   ----   3.663642758056085e-07  >  1e-05   ----  iteration 9
Classic-like energies: cke = 167.71628937278015, cpe = -329.7159484191598, cke + cpe = -161.99965904637966
Exact Energy = -162.70485811494655
Dirac Energy = -162.70464075436394
Kutze Energy = -162.70451418140453
Error Kutze  = 0.00034393354144413024
Error Dirac  = 0.00021736058261012658
Delta Energy = 4.022701676831275e-05
Dirac - Kutzelnigg = -0.00012657295883400366

PARAMETERS:
molecule    = [['Ar', 18, 0.1, 0.2, 0.3, 54, 54]]
D2          = True
prec        = 4
derivative  = PH
box         = 1

-------------------------------
Ar 0 1 4 PH 1
-------------------------------
Now executing: python test.py Input_Making/input__Ar015ABGV.txt
Input file: Input_Making/input__Ar015ABGV.txt
Output file: outputs/output__Ar015ABGV.txt
light_speed = 137.03599913900001  # default 137.03599913900001
derivative = "ABGV"         # possible values: PH, ABGV, BS
order = 8
box = 1
prec = 1.0e-5                 # precision threshold for the MRA operations
thr  = 1.0e-4                  # error threshold for SCF convergence

readPotential    = False        # bool
computePotential = True         # bool 
savePotential    = False         # bool
potential = "fermi_dirac"       # possible values: point_charge coulomb_HFYGB homogeneus_charge_sphere gaussian

readOrbitals     = False        # bool
saveOrbitals     = False         # bool
saveGuess        = False

scf              = True
ktrs             = False
D2               = True         # bool
two_electrons    = False         # bool

runGaunt         = False
runGaugeA        = False
runGaugeB        = False
runGaugeC        = False
runGaugeD        = False
runGaugeDelta    = False

molecule = [ ["Ar", 18, 0.1, 0.2, 0.3, 54, 54] ]

# With the paramenters I got from Robert, the error is (1) higher than
#  what he gets and (2) dominated by the width of the Gaussian
# I get a much better agreement with the ideal value IF the Gaussian
#  size is reduced by one order of magnitude 3e4->3e5 for Ar
# It seems the position of the nucleus is also important: I get bad
#  results from D2 if I move the nucleus
# Higher prec with off centered nucleus is too demanding for my laptop

**************************************
18 [0.1, 0.2, 0.3]
Fermi Dirac potential
Using Half Charge Radius for Ar: 6.8888709658e-05
Integral of the Fermi-Dirac distribution via cartesian 3D integration: 1.648384873536929
The normalization constant is: 10.919779894229139
Integral of the Fermi-Dirac distribution via 3D integration: 17.999999999999996
3D density

*FunctionTree: nn
  genNodes: 0
  square norm: 1.21399e+14
  root scale: 0
  order: 8
  nodes: 264
  endNodes: 232
  nodes per scale: 
    scale=0  nodes=8
    scale=1  nodes=8
    scale=2  nodes=8
    scale=3  nodes=8
    scale=4  nodes=8
    scale=5  nodes=8
    scale=6  nodes=8
    scale=7  nodes=8
    scale=8  nodes=8
    scale=9  nodes=8
    scale=10  nodes=8
    scale=11  nodes=32
    scale=12  nodes=144

3D potential

*FunctionTree: nn
  genNodes: 0
  square norm: 4812.71
  root scale: 0
  order: 8
  nodes: 848
  endNodes: 743
  nodes per scale: 
    scale=0  nodes=8
    scale=1  nodes=64
    scale=2  nodes=64
    scale=3  nodes=56
    scale=4  nodes=64
    scale=5  nodes=56
    scale=6  nodes=64
    scale=7  nodes=56
    scale=8  nodes=64
    scale=9  nodes=56
    scale=10  nodes=64
    scale=11  nodes=56
    scale=12  nodes=64
    scale=13  nodes=56
    scale=14  nodes=56

Potential

*FunctionTree: nn
  genNodes: 0
  square norm: 4812.71
  root scale: 0
  order: 8
  nodes: 848
  endNodes: 743
  nodes per scale: 
    scale=0  nodes=8
    scale=1  nodes=64
    scale=2  nodes=64
    scale=3  nodes=56
    scale=4  nodes=64
    scale=5  nodes=56
    scale=6  nodes=64
    scale=7  nodes=56
    scale=8  nodes=64
    scale=9  nodes=56
    scale=10  nodes=64
    scale=11  nodes=56
    scale=12  nodes=64
    scale=13  nodes=56
    scale=14  nodes=56

Number of Atoms =  1
[['Ar', 18, 0.1, 0.2, 0.3, 54, 54]]
Using derivative  ABGV
Hartree-Fock 1e D2
Classic-like energies: cke = 164.79802940292387 cpe = -326.7438983692939 cke + cpe = -161.94586896637003
mu = 17.996992469097165
Error = 0.0024116014402657997
Delta E 162.65025405727835
Energy -162.65025405727835 0
Converged?  0.0024116014402657997  >  0.0001   ----   162.65025405727835  >  1.0000000000000002e-06   ----  iteration 0
Classic-like energies: cke = 166.12400925503553 cpe = -328.11851352625206 cke + cpe = -161.99450427121653
mu = 17.999694679144785
Error = 0.001437000712442856
Delta E 0.049060297155818944
Energy -162.69931435443416 -162.65025405727835
Converged?  0.001437000712442856  >  0.0001   ----   0.049060297155818944  >  1.0000000000000002e-06   ----  iteration 1
Classic-like energies: cke = 166.8909088676537 cpe = -328.8892315292349 cke + cpe = -161.9983226615812
mu = 17.99990681429108
Error = 0.000821597310880065
Delta E 0.0038517622691927045
Energy -162.70316611670336 -162.69931435443416
Converged?  0.000821597310880065  >  0.0001   ----   0.0038517622691927045  >  1.0000000000000002e-06   ----  iteration 2
Classic-like energies: cke = 167.2925165967365 cpe = -329.2917003618745 cke + cpe = -161.999183765138
mu = 17.99995465356166
Error = 0.0004504336141777449
Delta E 0.0008686295265363242
Energy -162.7040347462299 -162.70316611670336
Converged?  0.0004504336141777449  >  0.0001   ----   0.0008686295265363242  >  1.0000000000000002e-06   ----  iteration 3
Classic-like energies: cke = 167.5028668956441 cpe = -329.5022635033586 cke + cpe = -161.99939660771452
mu = 17.999966478175146
Error = 0.00024337615554036432
Delta E 0.00021470280870516945
Energy -162.7042494490386 -162.7040347462299
Converged?  0.00024337615554036432  >  0.0001   ----   0.00021470280870516945  >  1.0000000000000002e-06   ----  iteration 4
Classic-like energies: cke = 167.61158568356234 cpe = -329.61103683407947 cke + cpe = -161.99945115051713
mu = 17.999969508336235
Error = 0.00012918760406149997
Delta E 5.5019502269715304e-05
Energy -162.70430446854087 -162.7042494490386
Converged?  0.00012918760406149997  >  0.0001   ----   5.5019502269715304e-05  >  1.0000000000000002e-06   ----  iteration 5
Classic-like energies: cke = 167.66784971621 cpe = -329.66731504642746 cke + cpe = -161.99946533021748
mu = 17.999970296098684
Error = 6.806144715330227e-05
Delta E 1.430363079180097e-05
Energy -162.70431877217166 -162.70430446854087
Converged?  6.806144715330227e-05  >  0.0001   ----   1.430363079180097e-05  >  1.0000000000000002e-06   ----  iteration 6
Classic-like energies: cke = 167.6968201991206 cpe = -329.6962892283229 cke + cpe = -161.9994690292023
mu = 17.999970501598177
Error = 3.564032522990497e-05
Delta E 3.731313597654662e-06
Energy -162.70432250348526 -162.70431877217166
Converged?  3.564032522990497e-05  >  0.0001   ----   3.731313597654662e-06  >  1.0000000000000002e-06   ----  iteration 7
Classic-like energies: cke = 167.71175253270854 cpe = -329.71122252311955 cke + cpe = -161.999469990411
mu = 17.99997055499875
Error = 1.8755535114078434e-05
Delta E 9.696097151845606e-07
Energy -162.70432347309497 -162.70432250348526
Converged?  1.8755535114078434e-05  >  0.0001   ----   9.696097151845606e-07  >  1.0000000000000002e-06   ----  iteration 8
Classic-like energies: cke = 167.71943031533533 cpe = -329.7189005543548 cke + cpe = -161.99947023901944
mu = 17.99997056881035
Error = 1.0162411870353675e-05
Delta E 2.507810279439582e-07
Energy -162.704323723876 -162.70432347309497
Converged?  1.0162411870353675e-05  >  0.0001   ----   2.507810279439582e-07  >  1.0000000000000002e-06   ----  iteration 9
Classic-like energies: cke = 167.72338160232982 cpe = -329.72285190236636 cke + cpe = -161.99947030003653
mu = 17.999970572200198
Error = 6.09261498632084e-06
Delta E 6.155170240162988e-08
Energy -162.7043237854277 -162.704323723876
Converged?  6.09261498632084e-06  >  0.0001   ----   6.155170240162988e-08  >  1.0000000000000002e-06   ----  iteration 10
Classic-like energies: cke = 167.72541202641963, cpe = -329.72488240852, cke + cpe = -161.99947038210036
Exact Energy = -162.70485811494655
Dirac Energy = -162.70446489189635
Kutze Energy = -162.70432386820758
Error Kutze  = 0.0005342467375157867
Error Dirac  = 0.0003932230501959566
Delta Energy = -8.277987717519864e-08
Dirac - Kutzelnigg = -0.00014102368731983006

PARAMETERS:
molecule    = [['Ar', 18, 0.1, 0.2, 0.3, 54, 54]]
D2          = True
prec        = 5
derivative  = ABGV
box         = 1

-------------------------------
Ar 0 1 5 ABGV 1
-------------------------------
Now executing: python test.py Input_Making/input__Ar015BS.txt
Input file: Input_Making/input__Ar015BS.txt
Output file: outputs/output__Ar015BS.txt
light_speed = 137.03599913900001  # default 137.03599913900001
derivative = "BS"         # possible values: PH, ABGV, BS
order = 8
box = 1
prec = 1.0e-5                 # precision threshold for the MRA operations
thr  = 1.0e-4                  # error threshold for SCF convergence

readPotential    = False        # bool
computePotential = True         # bool 
savePotential    = False         # bool
potential = "fermi_dirac"       # possible values: point_charge coulomb_HFYGB homogeneus_charge_sphere gaussian

readOrbitals     = False        # bool
saveOrbitals     = False         # bool
saveGuess        = False

scf              = True
ktrs             = False
D2               = True         # bool
two_electrons    = False         # bool

runGaunt         = False
runGaugeA        = False
runGaugeB        = False
runGaugeC        = False
runGaugeD        = False
runGaugeDelta    = False

molecule = [ ["Ar", 18, 0.1, 0.2, 0.3, 54, 54] ]

# With the paramenters I got from Robert, the error is (1) higher than
#  what he gets and (2) dominated by the width of the Gaussian
# I get a much better agreement with the ideal value IF the Gaussian
#  size is reduced by one order of magnitude 3e4->3e5 for Ar
# It seems the position of the nucleus is also important: I get bad
#  results from D2 if I move the nucleus
# Higher prec with off centered nucleus is too demanding for my laptop

**************************************
18 [0.1, 0.2, 0.3]
Fermi Dirac potential
Using Half Charge Radius for Ar: 6.8888709658e-05
Integral of the Fermi-Dirac distribution via cartesian 3D integration: 1.648384873536929
The normalization constant is: 10.919779894229139
Integral of the Fermi-Dirac distribution via 3D integration: 17.999999999999996
3D density

*FunctionTree: nn
  genNodes: 0
  square norm: 1.21399e+14
  root scale: 0
  order: 8
  nodes: 264
  endNodes: 232
  nodes per scale: 
    scale=0  nodes=8
    scale=1  nodes=8
    scale=2  nodes=8
    scale=3  nodes=8
    scale=4  nodes=8
    scale=5  nodes=8
    scale=6  nodes=8
    scale=7  nodes=8
    scale=8  nodes=8
    scale=9  nodes=8
    scale=10  nodes=8
    scale=11  nodes=32
    scale=12  nodes=144

3D potential

*FunctionTree: nn
  genNodes: 0
  square norm: 4812.71
  root scale: 0
  order: 8
  nodes: 848
  endNodes: 743
  nodes per scale: 
    scale=0  nodes=8
    scale=1  nodes=64
    scale=2  nodes=64
    scale=3  nodes=56
    scale=4  nodes=64
    scale=5  nodes=56
    scale=6  nodes=64
    scale=7  nodes=56
    scale=8  nodes=64
    scale=9  nodes=56
    scale=10  nodes=64
    scale=11  nodes=56
    scale=12  nodes=64
    scale=13  nodes=56
    scale=14  nodes=56

Potential

*FunctionTree: nn
  genNodes: 0
  square norm: 4812.71
  root scale: 0
  order: 8
  nodes: 848
  endNodes: 743
  nodes per scale: 
    scale=0  nodes=8
    scale=1  nodes=64
    scale=2  nodes=64
    scale=3  nodes=56
    scale=4  nodes=64
    scale=5  nodes=56
    scale=6  nodes=64
    scale=7  nodes=56
    scale=8  nodes=64
    scale=9  nodes=56
    scale=10  nodes=64
    scale=11  nodes=56
    scale=12  nodes=64
    scale=13  nodes=56
    scale=14  nodes=56

Number of Atoms =  1
[['Ar', 18, 0.1, 0.2, 0.3, 54, 54]]
Using derivative  BS
Hartree-Fock 1e D2
Classic-like energies: cke = 164.79802940292387 cpe = -326.7501300966108 cke + cpe = -161.95210069368693
mu = 17.997338730694988
Error = 0.0024269496823774764
Delta E 162.65654023238585
Energy -162.65654023238585 0
Converged?  0.0024269496823774764  >  0.0001   ----   162.65654023238585  >  1.0000000000000002e-06   ----  iteration 0
Classic-like energies: cke = 166.13376432475974 cpe = -328.12836776311116 cke + cpe = -161.99460343835142
mu = 17.999700188522663
Error = 0.00143186058766349
Delta E 0.0428741558732213
Energy -162.69941438825907 -162.65654023238585
Converged?  0.00143186058766349  >  0.0001   ----   0.0428741558732213  >  1.0000000000000002e-06   ----  iteration 1
Classic-like energies: cke = 166.89658465978607 cpe = -328.8949198640859 cke + cpe = -161.99833520429985
mu = 17.999907511112376
Error = 0.000818445823278163
Delta E 0.0037643807869756074
Energy -162.70317876904605 -162.69941438825907
Converged?  0.000818445823278163  >  0.0001   ----   0.0037643807869756074  >  1.0000000000000002e-06   ----  iteration 2
Classic-like energies: cke = 167.29546831575698 cpe = -329.2946522115576 cke + cpe = -161.99918389580063
mu = 17.999954660820713
Error = 0.0004481701020280181
Delta E 0.0008561089894953966
Energy -162.70403487803554 -162.70317876904605
Converged?  0.0004481701020280181  >  0.0001   ----   0.0008561089894953966  >  1.0000000000000002e-06   ----  iteration 3
Classic-like energies: cke = 167.50443163513 cpe = -329.50382535146 cke + cpe = -161.99939371633002
mu = 17.999966317542377
Error = 0.00024208009065392657
Delta E 0.00021165434728231958
Energy -162.70424653238283 -162.70403487803554
Converged?  0.00024208009065392657  >  0.0001   ----   0.00021165434728231958  >  1.0000000000000002e-06   ----  iteration 4
Classic-like energies: cke = 167.61238370819933 cpe = -329.6118311431714 cke + cpe = -161.99944743497207
mu = 17.999969301916714
Error = 0.0001284149882103779
Delta E 5.4188140467203993e-05
Energy -162.7043007205233 -162.70424653238283
Converged?  0.0001284149882103779  >  0.0001   ----   5.4188140467203993e-05  >  1.0000000000000002e-06   ----  iteration 5
Classic-like energies: cke = 167.66825470469138 cpe = -329.6677161221629 cke + cpe = -161.99946141747154
mu = 17.99997007872355
Error = 6.759375428071558e-05
Delta E 1.4104704717965433e-05
Energy -162.704314825228 -162.7043007205233
Converged?  6.759375428071558e-05  >  0.0001   ----   1.4104704717965433e-05  >  1.0000000000000002e-06   ----  iteration 6
Classic-like energies: cke = 167.69701789171648 cpe = -329.6964829728736 cke + cpe = -161.9994650811571
mu = 17.999970282261973
Error = 3.528609031456799e-05
Delta E 3.6957060558506782e-06
Energy -162.70431852093407 -162.704314825228
Converged?  3.528609031456799e-05  >  0.0001   ----   3.6957060558506782e-06  >  1.0000000000000002e-06   ----  iteration 7
Classic-like energies: cke = 167.71184378963767 cpe = -329.7113098194507 cke + cpe = -161.99946602981305
mu = 17.99997033496517
Error = 1.835976071259985e-05
Delta E 9.569482983806665e-07
Energy -162.70431947788236 -162.70431852093407
Converged?  1.835976071259985e-05  >  0.0001   ----   9.569482983806665e-07  >  1.0000000000000002e-06   ----  iteration 8
Classic-like energies: cke = 167.71946630828387 cpe = -329.7189325813629 cke + cpe = -161.999466273079
mu = 17.999970348479966
Error = 9.536846852239424e-06
Delta E 2.453916181366367e-07
Energy -162.70431972327398 -162.70431947788236
Converged?  9.536846852239424e-06  >  0.0001   ----   2.453916181366367e-07  >  1.0000000000000002e-06   ----  iteration 9
Classic-like energies: cke = 167.72338920983293 cpe = -329.7228555441282 cke + cpe = -161.99946633429528
mu = 17.999970351880876
Error = 4.992812550596371e-06
Delta E 6.175184807943879e-08
Energy -162.70431978502583 -162.70431972327398
Converged?  4.992812550596371e-06  >  0.0001   ----   6.175184807943879e-08  >  1.0000000000000002e-06   ----  iteration 10
Classic-like energies: cke = 167.72540497855232, cpe = -329.72486789417013, cke + cpe = -161.9994629156178
Exact Energy = -162.70485811494655
Dirac Energy = -162.70451599996522
Kutze Energy = -162.70431633646893
Error Kutze  = 0.0005417784777819179
Error Dirac  = 0.0003421149813220836
Delta Energy = 3.4485568960462842e-06
Dirac - Kutzelnigg = -0.00019966349645983428

PARAMETERS:
molecule    = [['Ar', 18, 0.1, 0.2, 0.3, 54, 54]]
D2          = True
prec        = 5
derivative  = BS
box         = 1

-------------------------------
Ar 0 1 5 BS 1
-------------------------------
Now executing: python test.py Input_Making/input__Ar015PH.txt
Input file: Input_Making/input__Ar015PH.txt
Output file: outputs/output__Ar015PH.txt
light_speed = 137.03599913900001  # default 137.03599913900001
derivative = "PH"         # possible values: PH, ABGV, BS
order = 8
box = 1
prec = 1.0e-5                 # precision threshold for the MRA operations
thr  = 1.0e-4                  # error threshold for SCF convergence

readPotential    = False        # bool
computePotential = True         # bool 
savePotential    = False         # bool
potential = "fermi_dirac"       # possible values: point_charge coulomb_HFYGB homogeneus_charge_sphere gaussian

readOrbitals     = False        # bool
saveOrbitals     = False         # bool
saveGuess        = False

scf              = True
ktrs             = False
D2               = True         # bool
two_electrons    = False         # bool

runGaunt         = False
runGaugeA        = False
runGaugeB        = False
runGaugeC        = False
runGaugeD        = False
runGaugeDelta    = False

molecule = [ ["Ar", 18, 0.1, 0.2, 0.3, 54, 54] ]

# With the paramenters I got from Robert, the error is (1) higher than
#  what he gets and (2) dominated by the width of the Gaussian
# I get a much better agreement with the ideal value IF the Gaussian
#  size is reduced by one order of magnitude 3e4->3e5 for Ar
# It seems the position of the nucleus is also important: I get bad
#  results from D2 if I move the nucleus
# Higher prec with off centered nucleus is too demanding for my laptop

**************************************
18 [0.1, 0.2, 0.3]
Fermi Dirac potential
Using Half Charge Radius for Ar: 6.8888709658e-05
Integral of the Fermi-Dirac distribution via cartesian 3D integration: 1.648384873536929
The normalization constant is: 10.919779894229139
Integral of the Fermi-Dirac distribution via 3D integration: 17.999999999999996
3D density

*FunctionTree: nn
  genNodes: 0
  square norm: 1.21399e+14
  root scale: 0
  order: 8
  nodes: 264
  endNodes: 232
  nodes per scale: 
    scale=0  nodes=8
    scale=1  nodes=8
    scale=2  nodes=8
    scale=3  nodes=8
    scale=4  nodes=8
    scale=5  nodes=8
    scale=6  nodes=8
    scale=7  nodes=8
    scale=8  nodes=8
    scale=9  nodes=8
    scale=10  nodes=8
    scale=11  nodes=32
    scale=12  nodes=144

3D potential

*FunctionTree: nn
  genNodes: 0
  square norm: 4812.71
  root scale: 0
  order: 8
  nodes: 848
  endNodes: 743
  nodes per scale: 
    scale=0  nodes=8
    scale=1  nodes=64
    scale=2  nodes=64
    scale=3  nodes=56
    scale=4  nodes=64
    scale=5  nodes=56
    scale=6  nodes=64
    scale=7  nodes=56
    scale=8  nodes=64
    scale=9  nodes=56
    scale=10  nodes=64
    scale=11  nodes=56
    scale=12  nodes=64
    scale=13  nodes=56
    scale=14  nodes=56

Potential

*FunctionTree: nn
  genNodes: 0
  square norm: 4812.71
  root scale: 0
  order: 8
  nodes: 848
  endNodes: 743
  nodes per scale: 
    scale=0  nodes=8
    scale=1  nodes=64
    scale=2  nodes=64
    scale=3  nodes=56
    scale=4  nodes=64
    scale=5  nodes=56
    scale=6  nodes=64
    scale=7  nodes=56
    scale=8  nodes=64
    scale=9  nodes=56
    scale=10  nodes=64
    scale=11  nodes=56
    scale=12  nodes=64
    scale=13  nodes=56
    scale=14  nodes=56

Number of Atoms =  1
[['Ar', 18, 0.1, 0.2, 0.3, 54, 54]]
Using derivative  PH
Hartree-Fock 1e D2
Classic-like energies: cke = 164.79802940292387 cpe = -326.7529830597016 cke + cpe = -161.95495365677772
mu = 17.997497251383468
Error = 0.0024339590367846785
Delta E 162.6594181230682
Energy -162.6594181230682 0
Converged?  0.0024339590367846785  >  0.0001   ----   162.6594181230682  >  1.0000000000000002e-06   ----  iteration 0
Classic-like energies: cke = 166.13833925365725 cpe = -328.1329666118515 cke + cpe = -161.99462735819424
mu = 17.999701517424906
Error = 0.001429463811410048
Delta E 0.04002039408510427
Energy -162.6994385171533 -162.6594181230682
Converged?  0.001429463811410048  >  0.0001   ----   0.04002039408510427  >  1.0000000000000002e-06   ----  iteration 1
Classic-like energies: cke = 166.89931661815447 cpe = -328.8976597186708 cke + cpe = -161.99834310051634
mu = 17.999907949793318
Error = 0.0008171495360582786
Delta E 0.0037482171202327663
Energy -162.70318673427354 -162.6994385171533
Converged?  0.0008171495360582786  >  0.0001   ----   0.0037482171202327663  >  1.0000000000000002e-06   ----  iteration 2
Classic-like energies: cke = 167.2968919240946 cpe = -329.29607904788674 cke + cpe = -161.99918712379213
mu = 17.99995484015402
Error = 0.0004471434792641915
Delta E 0.0008513999643469106
Energy -162.7040381342379 -162.70318673427354
Converged?  0.0004471434792641915  >  0.0001   ----   0.0008513999643469106  >  1.0000000000000002e-06   ----  iteration 3
Classic-like energies: cke = 167.50520594952724 cpe = -329.50460155616867 cke + cpe = -161.99939560664143
mu = 17.999966422559872
Error = 0.0002415057182119479
Delta E 0.0002103049779691446
Energy -162.70424843921586 -162.7040381342379
Converged?  0.0002415057182119479  >  0.0001   ----   0.0002103049779691446  >  1.0000000000000002e-06   ----  iteration 4
Classic-like energies: cke = 167.61278703656942 cpe = -329.61223603994966 cke + cpe = -161.99944900338025
mu = 17.99996938905065
Error = 0.00012807563670968789
Delta E 5.3863423602251714e-05
Energy -162.70430230263946 -162.70424843921586
Converged?  0.00012807563670968789  >  0.0001   ----   5.3863423602251714e-05  >  1.0000000000000002e-06   ----  iteration 5
Classic-like energies: cke = 167.6684698097904 cpe = -329.667932700779 cke + cpe = -161.99946289098858
mu = 17.999970160585743
Error = 6.741819125146502e-05
Delta E 1.400898403858264e-05
Energy -162.7043163116235 -162.70430230263946
Converged?  6.741819125146502e-05  >  0.0001   ----   1.400898403858264e-05  >  1.0000000000000002e-06   ----  iteration 6
Classic-like energies: cke = 167.6971324958978 cpe = -329.69659900440286 cke + cpe = -161.99946650850507
mu = 17.999970361559214
Error = 3.520789468061831e-05
Delta E 3.64913415751289e-06
Energy -162.70431996075766 -162.7043163116235
Converged?  3.520789468061831e-05  >  0.0001   ----   3.64913415751289e-06  >  1.0000000000000002e-06   ----  iteration 7
Classic-like energies: cke = 167.71190695841238 cpe = -329.71137440885377 cke + cpe = -161.9994674504414
mu = 17.999970413889095
Error = 1.8355968402534598e-05
Delta E 9.501682995960437e-07
Energy -162.70432091092596 -162.70431996075766
Converged?  1.8355968402534598e-05  >  0.0001   ----   9.501682995960437e-07  >  1.0000000000000002e-06   ----  iteration 8
Classic-like energies: cke = 167.71950264301205 cpe = -329.71897033561845 cke + cpe = -161.9994676926064
mu = 17.99997042734273
Error = 9.611488609077006e-06
Delta E 2.4428246092611516e-07
Energy -162.70432115520842 -162.70432091092596
Converged?  9.611488609077006e-06  >  0.0001   ----   2.4428246092611516e-07  >  1.0000000000000002e-06   ----  iteration 9
Classic-like energies: cke = 167.72341178367662 cpe = -329.722879536721 cke + cpe = -161.99946775304437
mu = 17.9999704307004
Error = 5.184447670097639e-06
Delta E 6.096584570514096e-08
Energy -162.70432121617426 -162.70432115520842
Converged?  5.184447670097639e-06  >  0.0001   ----   6.096584570514096e-08  >  1.0000000000000002e-06   ----  iteration 10
Classic-like energies: cke = 167.72542043283624, cpe = -329.7248863404065, cke + cpe = -161.99946590757025
Exact Energy = -162.70485811494655
Dirac Energy = -162.70452845365799
Kutze Energy = -162.70431935457046
Error Kutze  = 0.0005387603778217454
Error Dirac  = 0.00032966128856060095
Delta Energy = 1.8616038062191365e-06
Dirac - Kutzelnigg = -0.0002090990892611444

PARAMETERS:
molecule    = [['Ar', 18, 0.1, 0.2, 0.3, 54, 54]]
D2          = True
prec        = 5
derivative  = PH
box         = 1

-------------------------------
Ar 0 1 5 PH 1
-------------------------------
Now executing: python test.py Input_Making/input__Ar016ABGV.txt
Input file: Input_Making/input__Ar016ABGV.txt
Output file: outputs/output__Ar016ABGV.txt
light_speed = 137.03599913900001  # default 137.03599913900001
derivative = "ABGV"         # possible values: PH, ABGV, BS
order = 9
box = 1
prec = 1.0e-6                 # precision threshold for the MRA operations
thr  = 1.0e-5                  # error threshold for SCF convergence

readPotential    = False        # bool
computePotential = True         # bool 
savePotential    = False         # bool
potential = "fermi_dirac"       # possible values: point_charge coulomb_HFYGB homogeneus_charge_sphere gaussian

readOrbitals     = False        # bool
saveOrbitals     = False         # bool
saveGuess        = False

scf              = True
ktrs             = False
D2               = True         # bool
two_electrons    = False         # bool

runGaunt         = False
runGaugeA        = False
runGaugeB        = False
runGaugeC        = False
runGaugeD        = False
runGaugeDelta    = False

molecule = [ ["Ar", 18, 0.1, 0.2, 0.3, 54, 54] ]

# With the paramenters I got from Robert, the error is (1) higher than
#  what he gets and (2) dominated by the width of the Gaussian
# I get a much better agreement with the ideal value IF the Gaussian
#  size is reduced by one order of magnitude 3e4->3e5 for Ar
# It seems the position of the nucleus is also important: I get bad
#  results from D2 if I move the nucleus
# Higher prec with off centered nucleus is too demanding for my laptop

**************************************
18 [0.1, 0.2, 0.3]
Fermi Dirac potential
Using Half Charge Radius for Ar: 6.8888709658e-05
Integral of the Fermi-Dirac distribution via cartesian 3D integration: 1.6483692495809592
The normalization constant is: 10.919883396621161
Integral of the Fermi-Dirac distribution via 3D integration: 17.999999999999986
3D density

*FunctionTree: nn
  genNodes: 0
  square norm: 1.21406e+14
  root scale: 0
  order: 9
  nodes: 272
  endNodes: 239
  nodes per scale: 
    scale=0  nodes=8
    scale=1  nodes=8
    scale=2  nodes=8
    scale=3  nodes=8
    scale=4  nodes=8
    scale=5  nodes=8
    scale=6  nodes=8
    scale=7  nodes=8
    scale=8  nodes=8
    scale=9  nodes=8
    scale=10  nodes=8
    scale=11  nodes=32
    scale=12  nodes=144
    scale=13  nodes=8

3D potential

*FunctionTree: nn
  genNodes: 0
  square norm: 4812.71
  root scale: 0
  order: 9
  nodes: 1216
  endNodes: 1065
  nodes per scale: 
    scale=0  nodes=8
    scale=1  nodes=64
    scale=2  nodes=88
    scale=3  nodes=88
    scale=4  nodes=88
    scale=5  nodes=88
    scale=6  nodes=88
    scale=7  nodes=88
    scale=8  nodes=88
    scale=9  nodes=88
    scale=10  nodes=88
    scale=11  nodes=88
    scale=12  nodes=88
    scale=13  nodes=88
    scale=14  nodes=88

Potential

*FunctionTree: nn
  genNodes: 0
  square norm: 4812.71
  root scale: 0
  order: 9
  nodes: 1216
  endNodes: 1065
  nodes per scale: 
    scale=0  nodes=8
    scale=1  nodes=64
    scale=2  nodes=88
    scale=3  nodes=88
    scale=4  nodes=88
    scale=5  nodes=88
    scale=6  nodes=88
    scale=7  nodes=88
    scale=8  nodes=88
    scale=9  nodes=88
    scale=10  nodes=88
    scale=11  nodes=88
    scale=12  nodes=88
    scale=13  nodes=88
    scale=14  nodes=88

Number of Atoms =  1
[['Ar', 18, 0.1, 0.2, 0.3, 54, 54]]
Using derivative  ABGV
Hartree-Fock 1e D2
Classic-like energies: cke = 164.79646306997887 cpe = -326.7530283043591 cke + cpe = -161.9565652343802
mu = 17.99758679570015
Error = 0.002433554865100101
Delta E 162.66104378193054
Energy -162.66104378193054 0
Converged?  0.002433554865100101  >  9.999999999999999e-06   ----   162.66104378193054  >  1e-07   ----  iteration 0
Classic-like energies: cke = 166.1375672731227 cpe = -328.1323616388211 cke + cpe = -161.99479436569843
mu = 17.999710795771048
Error = 0.0014286418929191557
Delta E 0.03856320232156918
Energy -162.6996069842521 -162.66104378193054
Converged?  0.0014286418929191557  >  9.999999999999999e-06   ----   0.03856320232156918  >  1e-07   ----  iteration 1
Classic-like energies: cke = 166.89866218430228 cpe = -328.8972077379228 cke + cpe = -161.99854555362054
mu = 17.999919197242
Error = 0.0008169400224495695
Delta E 0.0037839725434025695
Energy -162.70339095679552 -162.6996069842521
Converged?  0.0008169400224495695  >  9.999999999999999e-06   ----   0.0037839725434025695  >  1e-07   ----  iteration 2
Classic-like energies: cke = 167.296378815511 cpe = -329.29577121119047 cke + cpe = -161.99939239567948
mu = 17.999966244172764
Error = 0.0004471195655751566
Delta E 0.0008542433952527517
Energy -162.70424520019077 -162.70339095679552
Converged?  0.0004471195655751566  >  9.999999999999999e-06   ----   0.0008542433952527517  >  1e-07   ----  iteration 3
Classic-like energies: cke = 167.5047764276303 cpe = -329.504377956955 cke + cpe = -161.9996015293247
mu = 17.99997786272665
Error = 0.00024152848015925458
Delta E 0.0002109614627272549
Energy -162.7044561616535 -162.70424520019077
Converged?  0.00024152848015925458  >  9.999999999999999e-06   ----   0.0002109614627272549  >  1e-07   ----  iteration 4
Classic-like energies: cke = 167.61240252281735 cpe = -329.61205768139126 cke + cpe = -161.99965515857392
mu = 17.9999808421328
Error = 0.00012809876965129015
Delta E 5.4097967620236886e-05
Energy -162.70451025962112 -162.7044561616535
Converged?  0.00012809876965129015  >  9.999999999999999e-06   ----   5.4097967620236886e-05  >  1e-07   ----  iteration 5
Classic-like energies: cke = 167.66810997790188 cpe = -329.66777911752064 cke + cpe = -161.99966913961876
mu = 17.999981618858325
Error = 6.743589170298537e-05
Delta E 1.4103236964047028e-05
Energy -162.70452436285808 -162.70451025962112
Converged?  6.743589170298537e-05  >  9.999999999999999e-06   ----   1.4103236964047028e-05  >  1e-07   ----  iteration 6
Classic-like energies: cke = 167.69678547525234 cpe = -329.69645828624044 cke + cpe = -161.9996728109881
mu = 17.999981822823493
Error = 3.5220365109178214e-05
Delta E 3.70345762235047e-06
Energy -162.7045280663157 -162.70452436285808
Converged?  3.5220365109178214e-05  >  9.999999999999999e-06   ----   3.70345762235047e-06  >  1e-07   ----  iteration 7
Classic-like energies: cke = 167.71156672628132 cpe = -329.7112405043808 cke + cpe = -161.99967377809946
mu = 17.999981876551956
Error = 1.8367052887432266e-05
Delta E 9.755641201536491e-07
Energy -162.70452904187982 -162.7045280663157
Converged?  1.8367052887432266e-05  >  9.999999999999999e-06   ----   9.755641201536491e-07  >  1e-07   ----  iteration 8
Classic-like energies: cke = 167.71916593244475 cpe = -329.71883996596677 cke + cpe = -161.999674033522
mu = 17.999981890742113
Error = 9.626015478235456e-06
Delta E 2.576548467914108e-07
Energy -162.70452929953467 -162.70452904187982
Converged?  9.626015478235456e-06  >  9.999999999999999e-06   ----   2.576548467914108e-07  >  1e-07   ----  iteration 9
Classic-like energies: cke = 167.72307690933005 cpe = -329.7227510101958 cke + cpe = -161.99967410086575
mu = 17.999981894483437
Error = 5.2096058633006245e-06
Delta E 6.793140983063495e-08
Energy -162.70452936746608 -162.70452929953467
Converged?  5.2096058633006245e-06  >  9.999999999999999e-06   ----   6.793140983063495e-08  >  1e-07   ----  iteration 10
Classic-like energies: cke = 167.72508651233827 cpe = -329.72476063122673 cke + cpe = -161.99967411888846
mu = 17.999981895484698
Error = 1.5623856215397217e-06
Delta E 1.8180088545705075e-08
Energy -162.70452938564617 -162.70452936746608
Converged?  1.5623856215397217e-06  >  9.999999999999999e-06   ----   1.8180088545705075e-08  >  1e-07   ----  iteration 11
Classic-like energies: cke = 167.72560330634792 cpe = -329.7252774284978 cke + cpe = -161.99967412214988
mu = 17.99998189566589
Error = 9.443174039158037e-07
Delta E 3.2899265534069855e-09
Energy -162.7045293889361 -162.70452938564617
Converged?  9.443174039158037e-07  >  9.999999999999999e-06   ----   3.2899265534069855e-09  >  1e-07   ----  iteration 12
Classic-like energies: cke = 167.7259944455223, cpe = -329.72566856827433, cke + cpe = -161.99967412275203
Exact Energy = -162.70485811494655
Dirac Energy = -162.70452263149127
Kutze Energy = -162.70452938954278
Error Kutze  = 0.0003287254039605614
Error Dirac  = 0.0003354834552737884
Delta Energy = -6.066898095014039e-10
Dirac - Kutzelnigg = 6.7580513132270426e-06

PARAMETERS:
molecule    = [['Ar', 18, 0.1, 0.2, 0.3, 54, 54]]
D2          = True
prec        = 6
derivative  = ABGV
box         = 1

-------------------------------
Ar 0 1 6 ABGV 1
-------------------------------
Now executing: python test.py Input_Making/input__Ar016BS.txt
Input file: Input_Making/input__Ar016BS.txt
Output file: outputs/output__Ar016BS.txt
light_speed = 137.03599913900001  # default 137.03599913900001
derivative = "BS"         # possible values: PH, ABGV, BS
order = 9
box = 1
prec = 1.0e-6                 # precision threshold for the MRA operations
thr  = 1.0e-5                  # error threshold for SCF convergence

readPotential    = False        # bool
computePotential = True         # bool 
savePotential    = False         # bool
potential = "fermi_dirac"       # possible values: point_charge coulomb_HFYGB homogeneus_charge_sphere gaussian

readOrbitals     = False        # bool
saveOrbitals     = False         # bool
saveGuess        = False

scf              = True
ktrs             = False
D2               = True         # bool
two_electrons    = False         # bool

runGaunt         = False
runGaugeA        = False
runGaugeB        = False
runGaugeC        = False
runGaugeD        = False
runGaugeDelta    = False

molecule = [ ["Ar", 18, 0.1, 0.2, 0.3, 54, 54] ]

# With the paramenters I got from Robert, the error is (1) higher than
#  what he gets and (2) dominated by the width of the Gaussian
# I get a much better agreement with the ideal value IF the Gaussian
#  size is reduced by one order of magnitude 3e4->3e5 for Ar
# It seems the position of the nucleus is also important: I get bad
#  results from D2 if I move the nucleus
# Higher prec with off centered nucleus is too demanding for my laptop

**************************************
18 [0.1, 0.2, 0.3]
Fermi Dirac potential
Using Half Charge Radius for Ar: 6.8888709658e-05
Integral of the Fermi-Dirac distribution via cartesian 3D integration: 1.6483692495809592
The normalization constant is: 10.919883396621161
Integral of the Fermi-Dirac distribution via 3D integration: 17.999999999999986
3D density

*FunctionTree: nn
  genNodes: 0
  square norm: 1.21406e+14
  root scale: 0
  order: 9
  nodes: 272
  endNodes: 239
  nodes per scale: 
    scale=0  nodes=8
    scale=1  nodes=8
    scale=2  nodes=8
    scale=3  nodes=8
    scale=4  nodes=8
    scale=5  nodes=8
    scale=6  nodes=8
    scale=7  nodes=8
    scale=8  nodes=8
    scale=9  nodes=8
    scale=10  nodes=8
    scale=11  nodes=32
    scale=12  nodes=144
    scale=13  nodes=8

3D potential

*FunctionTree: nn
  genNodes: 0
  square norm: 4812.71
  root scale: 0
  order: 9
  nodes: 1216
  endNodes: 1065
  nodes per scale: 
    scale=0  nodes=8
    scale=1  nodes=64
    scale=2  nodes=88
    scale=3  nodes=88
    scale=4  nodes=88
    scale=5  nodes=88
    scale=6  nodes=88
    scale=7  nodes=88
    scale=8  nodes=88
    scale=9  nodes=88
    scale=10  nodes=88
    scale=11  nodes=88
    scale=12  nodes=88
    scale=13  nodes=88
    scale=14  nodes=88

Potential

*FunctionTree: nn
  genNodes: 0
  square norm: 4812.71
  root scale: 0
  order: 9
  nodes: 1216
  endNodes: 1065
  nodes per scale: 
    scale=0  nodes=8
    scale=1  nodes=64
    scale=2  nodes=88
    scale=3  nodes=88
    scale=4  nodes=88
    scale=5  nodes=88
    scale=6  nodes=88
    scale=7  nodes=88
    scale=8  nodes=88
    scale=9  nodes=88
    scale=10  nodes=88
    scale=11  nodes=88
    scale=12  nodes=88
    scale=13  nodes=88
    scale=14  nodes=88

Number of Atoms =  1
[['Ar', 18, 0.1, 0.2, 0.3, 54, 54]]
Using derivative  BS
Hartree-Fock 1e D2
Classic-like energies: cke = 164.79646306997887 cpe = -326.754678055158 cke + cpe = -161.95821498517915
mu = 17.99767846057814
Error = 0.0024376140908835948
Delta E 162.66270794767493
Energy -162.66270794767493 0
Converged?  0.0024376140908835948  >  9.999999999999999e-06   ----   162.66270794767493  >  1e-07   ----  iteration 0
Classic-like energies: cke = 166.14017345847913 cpe = -328.13499628284177 cke + cpe = -161.99482282436264
mu = 17.999712376833283
Error = 0.0014272826960114798
Delta E 0.0369277439605753
Energy -162.6996356916355 -162.66270794767493
Converged?  0.0014272826960114798  >  9.999999999999999e-06   ----   0.0369277439605753  >  1e-07   ----  iteration 1
Classic-like energies: cke = 166.9002113059273 cpe = -328.8987606129735 cke + cpe = -161.9985493070462
mu = 17.999919405766583
Error = 0.0008161487407094691
Delta E 0.0037590513912562074
Energy -162.70339474302676 -162.6996356916355
Converged?  0.0008161487407094691  >  9.999999999999999e-06   ----   0.0037590513912562074  >  1e-07   ----  iteration 2
Classic-like energies: cke = 167.29718500393727 cpe = -329.2965784168024 cke + cpe = -161.99939341286512
mu = 17.999966300683184
Error = 0.0004465211496938344
Delta E 0.0008514832383355042
Energy -162.7042462262651 -162.70339474302676
Converged?  0.0004465211496938344  >  9.999999999999999e-06   ----   0.0008514832383355042  >  1e-07   ----  iteration 3
Classic-like energies: cke = 167.50520995139385 cpe = -329.5048117364997 cke + cpe = -161.99960178510582
mu = 17.99997787693673
Error = 0.0002411879548302474
Delta E 0.0002101934059908217
Energy -162.7044564196711 -162.7042462262651
Converged?  0.0002411879548302474  >  9.999999999999999e-06   ----   0.0002101934059908217  >  1e-07   ----  iteration 4
Classic-like energies: cke = 167.6126263736 cpe = -329.61228158082474 cke + cpe = -161.99965520722475
mu = 17.999980844835626
Error = 0.00012789226473700226
Delta E 5.388902584968491e-05
Energy -162.70451030869694 -162.7044564196711
Converged?  0.00012789226473700226  >  9.999999999999999e-06   ----   5.388902584968491e-05  >  1e-07   ----  iteration 5
Classic-like energies: cke = 167.66822693568056 cpe = -329.66789606912795 cke + cpe = -161.99966913344738
mu = 17.99998161851547
Error = 6.731067503133823e-05
Delta E 1.4047935735561623e-05
Energy -162.70452435663267 -162.70451030869694
Converged?  6.731067503133823e-05  >  9.999999999999999e-06   ----   1.4047935735561623e-05  >  1e-07   ----  iteration 6
Classic-like energies: cke = 167.6968456796431 cpe = -329.6965184691162 cke + cpe = -161.9996727894731
mu = 17.999981821628214
Error = 3.512483179885251e-05
Delta E 3.687979500455185e-06
Energy -162.70452804461218 -162.70452435663267
Converged?  3.512483179885251e-05  >  9.999999999999999e-06   ----   3.687979500455185e-06  >  1e-07   ----  iteration 7
Classic-like energies: cke = 167.7115978433176 cpe = -329.71127159636956 cke + cpe = -161.99967375305195
mu = 17.999981875160426
Error = 1.825966813425777e-05
Delta E 9.720010893943254e-07
Energy -162.70452901661326 -162.70452804461218
Converged?  1.825966813425777e-05  >  9.999999999999999e-06   ----   9.720010893943254e-07  >  1e-07   ----  iteration 8
Classic-like energies: cke = 167.7191819084879 cpe = -329.71885591590564 cke + cpe = -161.99967400741772
mu = 17.999981889291874
Error = 9.452829491816745e-06
Delta E 2.565894590134121e-07
Energy -162.70452927320272 -162.70452901661326
Converged?  9.452829491816745e-06  >  9.999999999999999e-06   ----   2.565894590134121e-07  >  1e-07   ----  iteration 9
Classic-like energies: cke = 167.7230851148981 cpe = -329.7227591895561 cke + cpe = -161.99967407465797
mu = 17.999981893027446
Error = 4.885350520946762e-06
Delta E 6.782715900044423e-08
Energy -162.70452934102988 -162.70452927320272
Converged?  4.885350520946762e-06  >  9.999999999999999e-06   ----   6.782715900044423e-08  >  1e-07   ----  iteration 10
Classic-like energies: cke = 167.72509070187675 cpe = -329.72476479439115 cke + cpe = -161.9996740925144
mu = 17.99998189401947
Error = 1.2600214167561327e-06
Delta E 1.8013309954767465e-08
Energy -162.7045293590432 -162.70452934102988
Converged?  1.2600214167561327e-06  >  9.999999999999999e-06   ----   1.8013309954767465e-08  >  1e-07   ----  iteration 11
Classic-like energies: cke = 167.72560646515294 cpe = -329.72528056042 cke + cpe = -161.99967409526707
mu = 17.999981894172397
Error = 9.423743685744846e-07
Delta E 2.7749536002374953e-09
Energy -162.70452936181815 -162.7045293590432
Converged?  9.423743685744846e-07  >  9.999999999999999e-06   ----   2.7749536002374953e-09  >  1e-07   ----  iteration 12
Classic-like energies: cke = 167.7259968231529, cpe = -329.7256708701856, cke + cpe = -161.99967404703267
Exact Energy = -162.70485811494655
Dirac Energy = -162.70452570799534
Kutze Energy = -162.70452931316348
Error Kutze  = 0.00032880178332561627
Error Dirac  = 0.0003324069512018468
Delta Energy = 4.8654669626557734e-08
Dirac - Kutzelnigg = 3.605167876230553e-06

PARAMETERS:
molecule    = [['Ar', 18, 0.1, 0.2, 0.3, 54, 54]]
D2          = True
prec        = 6
derivative  = BS
box         = 1

-------------------------------
Ar 0 1 6 BS 1
-------------------------------
Now executing: python test.py Input_Making/input__Ar016PH.txt
Input file: Input_Making/input__Ar016PH.txt
Output file: outputs/output__Ar016PH.txt
light_speed = 137.03599913900001  # default 137.03599913900001
derivative = "PH"         # possible values: PH, ABGV, BS
order = 9
box = 1
prec = 1.0e-6                 # precision threshold for the MRA operations
thr  = 1.0e-5                  # error threshold for SCF convergence

readPotential    = False        # bool
computePotential = True         # bool 
savePotential    = False         # bool
potential = "fermi_dirac"       # possible values: point_charge coulomb_HFYGB homogeneus_charge_sphere gaussian

readOrbitals     = False        # bool
saveOrbitals     = False         # bool
saveGuess        = False

scf              = True
ktrs             = False
D2               = True         # bool
two_electrons    = False         # bool

runGaunt         = False
runGaugeA        = False
runGaugeB        = False
runGaugeC        = False
runGaugeD        = False
runGaugeDelta    = False

molecule = [ ["Ar", 18, 0.1, 0.2, 0.3, 54, 54] ]

# With the paramenters I got from Robert, the error is (1) higher than
#  what he gets and (2) dominated by the width of the Gaussian
# I get a much better agreement with the ideal value IF the Gaussian
#  size is reduced by one order of magnitude 3e4->3e5 for Ar
# It seems the position of the nucleus is also important: I get bad
#  results from D2 if I move the nucleus
# Higher prec with off centered nucleus is too demanding for my laptop

**************************************
18 [0.1, 0.2, 0.3]
Fermi Dirac potential
Using Half Charge Radius for Ar: 6.8888709658e-05
Integral of the Fermi-Dirac distribution via cartesian 3D integration: 1.6483692495809592
The normalization constant is: 10.919883396621161
Integral of the Fermi-Dirac distribution via 3D integration: 17.999999999999986
3D density

*FunctionTree: nn
  genNodes: 0
  square norm: 1.21406e+14
  root scale: 0
  order: 9
  nodes: 272
  endNodes: 239
  nodes per scale: 
    scale=0  nodes=8
    scale=1  nodes=8
    scale=2  nodes=8
    scale=3  nodes=8
    scale=4  nodes=8
    scale=5  nodes=8
    scale=6  nodes=8
    scale=7  nodes=8
    scale=8  nodes=8
    scale=9  nodes=8
    scale=10  nodes=8
    scale=11  nodes=32
    scale=12  nodes=144
    scale=13  nodes=8

3D potential

*FunctionTree: nn
  genNodes: 0
  square norm: 4812.71
  root scale: 0
  order: 9
  nodes: 1216
  endNodes: 1065
  nodes per scale: 
    scale=0  nodes=8
    scale=1  nodes=64
    scale=2  nodes=88
    scale=3  nodes=88
    scale=4  nodes=88
    scale=5  nodes=88
    scale=6  nodes=88
    scale=7  nodes=88
    scale=8  nodes=88
    scale=9  nodes=88
    scale=10  nodes=88
    scale=11  nodes=88
    scale=12  nodes=88
    scale=13  nodes=88
    scale=14  nodes=88

Potential

*FunctionTree: nn
  genNodes: 0
  square norm: 4812.71
  root scale: 0
  order: 9
  nodes: 1216
  endNodes: 1065
  nodes per scale: 
    scale=0  nodes=8
    scale=1  nodes=64
    scale=2  nodes=88
    scale=3  nodes=88
    scale=4  nodes=88
    scale=5  nodes=88
    scale=6  nodes=88
    scale=7  nodes=88
    scale=8  nodes=88
    scale=9  nodes=88
    scale=10  nodes=88
    scale=11  nodes=88
    scale=12  nodes=88
    scale=13  nodes=88
    scale=14  nodes=88

Number of Atoms =  1
[['Ar', 18, 0.1, 0.2, 0.3, 54, 54]]
Using derivative  PH
Hartree-Fock 1e D2
Classic-like energies: cke = 164.79646306997887 cpe = -326.7551247469232 cke + cpe = -161.9586616769443
mu = 17.99770327997127
Error = 0.002438711138131291
Delta E 162.66315854250132
Energy -162.66315854250132 0
Converged?  0.002438711138131291  >  9.999999999999999e-06   ----   162.66315854250132  >  1e-07   ----  iteration 0
Classic-like energies: cke = 166.14090521573792 cpe = -328.13572158476546 cke + cpe = -161.99481636902755
mu = 17.999712018197823
Error = 0.0014268921445865666
Delta E 0.03647063738205247
Energy -162.69962917988337 -162.66315854250132
Converged?  0.0014268921445865666  >  9.999999999999999e-06   ----   0.03647063738205247  >  1e-07   ----  iteration 1
Classic-like energies: cke = 166.90064379327254 cpe = -328.89919378231167 cke + cpe = -161.99854998903913
mu = 17.999919443655248
Error = 0.0008159606712376695
Delta E 0.0037662510972040764
Energy -162.70339543098058 -162.69962917988337
Converged?  0.0008159606712376695  >  9.999999999999999e-06   ----   0.0037662510972040764  >  1e-07   ----  iteration 2
Classic-like energies: cke = 167.2974091747947 cpe = -329.2968029367259 cke + cpe = -161.9993937619312
mu = 17.999966320075778
Error = 0.00044636303763165297
Delta E 0.0008511474007946163
Energy -162.70424657838137 -162.70339543098058
Converged?  0.00044636303763165297  >  9.999999999999999e-06   ----   0.0008511474007946163  >  1e-07   ----  iteration 3
Classic-like energies: cke = 167.50533236045538 cpe = -329.5049343047426 cke + cpe = -161.99960194428724
mu = 17.99997788578015
Error = 0.00024109974937366885
Delta E 0.00021000186038122592
Energy -162.70445658024175 -162.70424657838137
Converged?  0.00024109974937366885  >  9.999999999999999e-06   ----   0.00021000186038122592  >  1e-07   ----  iteration 4
Classic-like energies: cke = 167.61268959406328 cpe = -329.61234490574515 cke + cpe = -161.99965531168186
mu = 17.999980850638806
Error = 0.00012783845286488043
Delta E 5.38338246656167e-05
Energy -162.70451041406642 -162.70445658024175
Converged?  0.00012783845286488043  >  9.999999999999999e-06   ----   5.38338246656167e-05  >  1e-07   ----  iteration 5
Classic-like energies: cke = 167.6682602751967 cpe = -329.6679294978746 cke + cpe = -161.99966922267788
mu = 17.999981623472724
Error = 6.728138117625062e-05
Delta E 1.4032576473255176e-05
Energy -162.7045244466429 -162.70451041406642
Converged?  6.728138117625062e-05  >  9.999999999999999e-06   ----   1.4032576473255176e-05  >  1e-07   ----  iteration 6
Classic-like energies: cke = 167.69686294649637 cpe = -329.69653582201227 cke + cpe = -161.9996728755159
mu = 17.999981826408376
Error = 3.510859112152881e-05
Delta E 3.684764635636384e-06
Energy -162.70452813140753 -162.7045244466429
Converged?  3.510859112152881e-05  >  9.999999999999999e-06   ----   3.684764635636384e-06  >  1e-07   ----  iteration 7
Classic-like energies: cke = 167.71160690401854 cpe = -329.71128074200254 cke + cpe = -161.999673837984
mu = 17.99998187987888
Error = 1.8250948816728622e-05
Delta E 9.70879398209945e-07
Energy -162.70452910228693 -162.70452813140753
Converged?  1.8250948816728622e-05  >  9.999999999999999e-06   ----   9.70879398209945e-07  >  1e-07   ----  iteration 8
Classic-like energies: cke = 167.71918667634642 cpe = -329.71886076838126 cke + cpe = -161.99967409203484
mu = 17.999981893992828
Error = 9.447987140640129e-06
Delta E 2.5627258537497255e-07
Energy -162.7045293585595 -162.70452910228693
Converged?  9.447987140640129e-06  >  9.999999999999999e-06   ----   2.5627258537497255e-07  >  1e-07   ----  iteration 9
Classic-like energies: cke = 167.7230876824659 cpe = -329.7227618416893 cke + cpe = -161.99967415922342
mu = 17.999981897725533
Error = 4.882391647690269e-06
Delta E 6.777503358534887e-08
Energy -162.70452942633455 -162.7045293585595
Converged?  4.882391647690269e-06  >  9.999999999999999e-06   ----   6.777503358534887e-08  >  1e-07   ----  iteration 10
Classic-like energies: cke = 167.72509213010161 cpe = -329.724766307132 cke + cpe = -161.99967417703036
mu = 17.999981898714807
Error = 1.258810065774312e-06
Delta E 1.7963259324460523e-08
Energy -162.7045294442978 -162.70452942633455
Converged?  1.258810065774312e-06  >  9.999999999999999e-06   ----   1.7963259324460523e-08  >  1e-07   ----  iteration 11
Classic-like energies: cke = 167.72560760107385 cpe = -329.7252817808687 cke + cpe = -161.99967417979488
mu = 17.99998189886839
Error = 9.418553520627273e-07
Delta E 2.7874875740963034e-09
Energy -162.7045294470853 -162.7045294442978
Converged?  9.418553520627273e-07  >  9.999999999999999e-06   ----   2.7874875740963034e-09  >  1e-07   ----  iteration 12
Classic-like energies: cke = 167.72599773754203, cpe = -329.72567193234755, cke + cpe = -161.99967419480552
Exact Energy = -162.70485811494655
Dirac Energy = -162.7045237823222
Kutze Energy = -162.70452946222773
Error Kutze  = 0.0003286527171439957
Error Dirac  = 0.00033433262433391064
Delta Energy = -1.5142433085202356e-08
Dirac - Kutzelnigg = 5.679907189914957e-06

PARAMETERS:
molecule    = [['Ar', 18, 0.1, 0.2, 0.3, 54, 54]]
D2          = True
prec        = 6
derivative  = PH
box         = 1

-------------------------------
Ar 0 1 6 PH 1
-------------------------------
Now executing: python test.py Input_Making/input__Ar017ABGV.txt
Input file: Input_Making/input__Ar017ABGV.txt
Output file: outputs/output__Ar017ABGV.txt
light_speed = 137.03599913900001  # default 137.03599913900001
derivative = "ABGV"         # possible values: PH, ABGV, BS
order = 10
box = 1
prec = 1.0e-7                 # precision threshold for the MRA operations
thr  = 1.0e-6                  # error threshold for SCF convergence

readPotential    = False        # bool
computePotential = True         # bool 
savePotential    = False         # bool
potential = "fermi_dirac"       # possible values: point_charge coulomb_HFYGB homogeneus_charge_sphere gaussian

readOrbitals     = False        # bool
saveOrbitals     = False         # bool
saveGuess        = False

scf              = True
ktrs             = False
D2               = True         # bool
two_electrons    = False         # bool

runGaunt         = False
runGaugeA        = False
runGaugeB        = False
runGaugeC        = False
runGaugeD        = False
runGaugeDelta    = False

molecule = [ ["Ar", 18, 0.1, 0.2, 0.3, 54, 54] ]

# With the paramenters I got from Robert, the error is (1) higher than
#  what he gets and (2) dominated by the width of the Gaussian
# I get a much better agreement with the ideal value IF the Gaussian
#  size is reduced by one order of magnitude 3e4->3e5 for Ar
# It seems the position of the nucleus is also important: I get bad
#  results from D2 if I move the nucleus
# Higher prec with off centered nucleus is too demanding for my laptop

**************************************
18 [0.1, 0.2, 0.3]
Fermi Dirac potential
Using Half Charge Radius for Ar: 6.8888709658e-05
Integral of the Fermi-Dirac distribution via cartesian 3D integration: 1.6483679074262425
The normalization constant is: 10.919892287945084
Integral of the Fermi-Dirac distribution via 3D integration: 18.000000000000014
3D density

*FunctionTree: nn
  genNodes: 0
  square norm: 1.21406e+14
  root scale: 0
  order: 10
  nodes: 296
  endNodes: 260
  nodes per scale: 
    scale=0  nodes=8
    scale=1  nodes=8
    scale=2  nodes=8
    scale=3  nodes=8
    scale=4  nodes=8
    scale=5  nodes=8
    scale=6  nodes=8
    scale=7  nodes=8
    scale=8  nodes=8
    scale=9  nodes=8
    scale=10  nodes=8
    scale=11  nodes=32
    scale=12  nodes=144
    scale=13  nodes=24
    scale=14  nodes=8

3D potential

*FunctionTree: nn
  genNodes: 0
  square norm: 4812.71
  root scale: 0
  order: 10
  nodes: 1512
  endNodes: 1324
  nodes per scale: 
    scale=0  nodes=8
    scale=1  nodes=64
    scale=2  nodes=104
    scale=3  nodes=104
    scale=4  nodes=104
    scale=5  nodes=104
    scale=6  nodes=104
    scale=7  nodes=104
    scale=8  nodes=104
    scale=9  nodes=104
    scale=10  nodes=96
    scale=11  nodes=104
    scale=12  nodes=96
    scale=13  nodes=104
    scale=14  nodes=120
    scale=15  nodes=88

Potential

*FunctionTree: nn
  genNodes: 0
  square norm: 4812.71
  root scale: 0
  order: 10
  nodes: 1512
  endNodes: 1324
  nodes per scale: 
    scale=0  nodes=8
    scale=1  nodes=64
    scale=2  nodes=104
    scale=3  nodes=104
    scale=4  nodes=104
    scale=5  nodes=104
    scale=6  nodes=104
    scale=7  nodes=104
    scale=8  nodes=104
    scale=9  nodes=104
    scale=10  nodes=96
    scale=11  nodes=104
    scale=12  nodes=96
    scale=13  nodes=104
    scale=14  nodes=120
    scale=15  nodes=88

Number of Atoms =  1
[['Ar', 18, 0.1, 0.2, 0.3, 54, 54]]
Using derivative  ABGV
Hartree-Fock 1e D2
Classic-like energies: cke = 164.7849962928599 cpe = -326.7546869587814 cke + cpe = -161.96969066592152
mu = 17.99831606933946
Error = 0.0024503425198795247
Delta E 162.67428390301947
Energy -162.67428390301947 0
Converged?  0.0024503425198795247  >  1e-06   ----   162.67428390301947  >  1e-08   ----  iteration 0
Classic-like energies: cke = 166.14625397902523 cpe = -328.1410835059732 cke + cpe = -161.99482952694797
mu = 17.99971274920508
Error = 0.001420353218531009
Delta E 0.025358549781515194
Energy -162.699642452801 -162.67428390301947
Converged?  0.001420353218531009  >  1e-06   ----   0.025358549781515194  >  1e-08   ----  iteration 1
Classic-like energies: cke = 166.90336531313923 cpe = -328.90191955842994 cke + cpe = -161.9985542452907
mu = 17.999919680114726
Error = 0.0008125202736834047
Delta E 0.003757271629126535
Energy -162.7033997244301 -162.699642452801
Converged?  0.0008125202736834047  >  1e-06   ----   0.003757271629126535  >  1e-08   ----  iteration 2
Classic-like energies: cke = 167.29881896746645 cpe = -329.2982123846422 cke + cpe = -161.99939341717578
mu = 17.999966300922665
Error = 0.0004446242888504782
Delta E 0.0008465061840468024
Energy -162.70424623061416 -162.7033997244301
Converged?  0.0004446242888504782  >  1e-06   ----   0.0008465061840468024  >  1e-08   ----  iteration 3
Classic-like energies: cke = 167.50606101062294 cpe = -329.5056613723501 cke + cpe = -161.99960036172718
mu = 17.99997779786004
Error = 0.00024021286147971185
Delta E 0.0002087532362793354
Energy -162.70445498385044 -162.70424623061416
Converged?  0.00024021286147971185  >  1e-06   ----   0.0002087532362793354  >  1e-08   ----  iteration 4
Classic-like energies: cke = 167.6130719296771 cpe = -329.6127253291098 cke + cpe = -161.99965339943273
mu = 17.99998074440263
Error = 0.00012739001530603648
Delta E 5.350125411496265e-05
Energy -162.70450848510455 -162.70445498385044
Converged?  0.00012739001530603648  >  1e-06   ----   5.350125411496265e-05  >  1e-08   ----  iteration 5
Classic-like energies: cke = 167.66846417715155 cpe = -329.6681313980205 cke + cpe = -161.99966722086893
mu = 17.999981512261
Error = 6.705308908924309e-05
Delta E 1.3942234744490634e-05
Energy -162.7045224273393 -162.70450848510455
Converged?  6.705308908924309e-05  >  1e-06   ----   1.3942234744490634e-05  >  1e-08   ----  iteration 6
Classic-like energies: cke = 167.6969755940315 cpe = -329.69664644301963 cke + cpe = -161.99967084898813
mu = 17.999981713823384
Error = 3.499252838537586e-05
Delta E 3.6598295594103547e-06
Energy -162.70452608716886 -162.7045224273393
Converged?  3.499252838537586e-05  >  1e-06   ----   3.6598295594103547e-06  >  1e-08   ----  iteration 7
Classic-like energies: cke = 167.7116726312309 cpe = -329.7113444356791 cke + cpe = -161.9996718044482
mu = 17.999981766904554
Error = 1.8191817463117494e-05
Delta E 9.638096116759698e-07
Energy -162.70452705097847 -162.70452608716886
Converged?  1.8191817463117494e-05  >  1e-06   ----   9.638096116759698e-07  >  1e-08   ----  iteration 8
Classic-like energies: cke = 167.7192283450715 cpe = -329.718900401518 cke + cpe = -161.99967205644649
mu = 17.999981780904474
Error = 9.418073826532593e-06
Delta E 2.542001880101452e-07
Energy -162.70452730517866 -162.70452705097847
Converged?  9.418073826532593e-06  >  1e-06   ----   2.542001880101452e-07  >  1e-08   ----  iteration 9
Classic-like energies: cke = 167.72311698670012 cpe = -329.7227891096551 cke + cpe = -161.99967212295496
mu = 17.99998178459939
Error = 4.867697998413805e-06
Delta E 6.709120725645334e-08
Energy -162.70452737226987 -162.70452730517866
Converged?  4.867697998413805e-06  >  1e-06   ----   6.709120725645334e-08  >  1e-08   ----  iteration 10
Classic-like energies: cke = 167.72511508744083 cpe = -329.7247872279564 cke + cpe = -161.9996721405156
mu = 17.999981785574985
Error = 1.2556900563997496e-06
Delta E 1.7713091438054107e-08
Energy -162.70452738998296 -162.70452737226987
Converged?  1.2556900563997496e-06  >  1e-06   ----   1.7713091438054107e-08  >  1e-08   ----  iteration 11
Classic-like energies: cke = 167.72562892754723 cpe = -329.725301070778 cke + cpe = -161.99967214323078
mu = 17.99998178572583
Error = 9.388445677838923e-07
Delta E 2.7395117285777815e-09
Energy -162.70452739272247 -162.70452738998296
Converged?  9.388445677838923e-07  >  1e-06   ----   2.7395117285777815e-09  >  1e-08   ----  iteration 12
Classic-like energies: cke = 167.72601782981363 cpe = -329.7256899745755 cke + cpe = -161.9996721447619
mu = 17.99998178581089
Error = 7.102784595693547e-07
Delta E 1.5448904377990402e-09
Energy -162.70452739426736 -162.70452739272247
Converged?  7.102784595693547e-07  >  1e-06   ----   1.5448904377990402e-09  >  1e-08   ----  iteration 13
Classic-like energies: cke = 167.72631220376326 cpe = -329.72598434940215 cke + cpe = -161.9996721456389
mu = 17.999981785859614
Error = 5.379303105686135e-07
Delta E 8.840004284138558e-10
Energy -162.70452739515136 -162.70452739426736
Converged?  5.379303105686135e-07  >  1e-06   ----   8.840004284138558e-10  >  1e-08   ----  iteration 14
Classic-like energies: cke = 167.72653503248335, cpe = -329.7262071785228, cke + cpe = -161.99967214603947
Exact Energy = -162.70485811494655
Dirac Energy = -162.70452643522367
Kutze Energy = -162.70452739555373
Error Kutze  = 0.00033071939105866477
Error Dirac  = 0.000331679722876288
Delta Energy = -4.0236614040622953e-10
Dirac - Kutzelnigg = 9.603318176232278e-07

PARAMETERS:
molecule    = [['Ar', 18, 0.1, 0.2, 0.3, 54, 54]]
D2          = True
prec        = 7
derivative  = ABGV
box         = 1

-------------------------------
Ar 0 1 7 ABGV 1
-------------------------------
Now executing: python test.py Input_Making/input__Ar017BS.txt
Input file: Input_Making/input__Ar017BS.txt
Output file: outputs/output__Ar017BS.txt
light_speed = 137.03599913900001  # default 137.03599913900001
derivative = "BS"         # possible values: PH, ABGV, BS
order = 10
box = 1
prec = 1.0e-7                 # precision threshold for the MRA operations
thr  = 1.0e-6                  # error threshold for SCF convergence

readPotential    = False        # bool
computePotential = True         # bool 
savePotential    = False         # bool
potential = "fermi_dirac"       # possible values: point_charge coulomb_HFYGB homogeneus_charge_sphere gaussian

readOrbitals     = False        # bool
saveOrbitals     = False         # bool
saveGuess        = False

scf              = True
ktrs             = False
D2               = True         # bool
two_electrons    = False         # bool

runGaunt         = False
runGaugeA        = False
runGaugeB        = False
runGaugeC        = False
runGaugeD        = False
runGaugeDelta    = False

molecule = [ ["Ar", 18, 0.1, 0.2, 0.3, 54, 54] ]

# With the paramenters I got from Robert, the error is (1) higher than
#  what he gets and (2) dominated by the width of the Gaussian
# I get a much better agreement with the ideal value IF the Gaussian
#  size is reduced by one order of magnitude 3e4->3e5 for Ar
# It seems the position of the nucleus is also important: I get bad
#  results from D2 if I move the nucleus
# Higher prec with off centered nucleus is too demanding for my laptop

**************************************
18 [0.1, 0.2, 0.3]
Fermi Dirac potential
Using Half Charge Radius for Ar: 6.8888709658e-05
Integral of the Fermi-Dirac distribution via cartesian 3D integration: 1.6483679074262425
The normalization constant is: 10.919892287945084
Integral of the Fermi-Dirac distribution via 3D integration: 18.000000000000014
3D density

*FunctionTree: nn
  genNodes: 0
  square norm: 1.21406e+14
  root scale: 0
  order: 10
  nodes: 296
  endNodes: 260
  nodes per scale: 
    scale=0  nodes=8
    scale=1  nodes=8
    scale=2  nodes=8
    scale=3  nodes=8
    scale=4  nodes=8
    scale=5  nodes=8
    scale=6  nodes=8
    scale=7  nodes=8
    scale=8  nodes=8
    scale=9  nodes=8
    scale=10  nodes=8
    scale=11  nodes=32
    scale=12  nodes=144
    scale=13  nodes=24
    scale=14  nodes=8

3D potential

*FunctionTree: nn
  genNodes: 0
  square norm: 4812.71
  root scale: 0
  order: 10
  nodes: 1512
  endNodes: 1324
  nodes per scale: 
    scale=0  nodes=8
    scale=1  nodes=64
    scale=2  nodes=104
    scale=3  nodes=104
    scale=4  nodes=104
    scale=5  nodes=104
    scale=6  nodes=104
    scale=7  nodes=104
    scale=8  nodes=104
    scale=9  nodes=104
    scale=10  nodes=96
    scale=11  nodes=104
    scale=12  nodes=96
    scale=13  nodes=104
    scale=14  nodes=120
    scale=15  nodes=88

Potential

*FunctionTree: nn
  genNodes: 0
  square norm: 4812.71
  root scale: 0
  order: 10
  nodes: 1512
  endNodes: 1324
  nodes per scale: 
    scale=0  nodes=8
    scale=1  nodes=64
    scale=2  nodes=104
    scale=3  nodes=104
    scale=4  nodes=104
    scale=5  nodes=104
    scale=6  nodes=104
    scale=7  nodes=104
    scale=8  nodes=104
    scale=9  nodes=104
    scale=10  nodes=96
    scale=11  nodes=104
    scale=12  nodes=96
    scale=13  nodes=104
    scale=14  nodes=120
    scale=15  nodes=88

Number of Atoms =  1
[['Ar', 18, 0.1, 0.2, 0.3, 54, 54]]
Using derivative  BS
Hartree-Fock 1e D2
Classic-like energies: cke = 164.7849962928599 cpe = -326.75507009687607 cke + cpe = -161.97007380401618
mu = 17.99833735676805
Error = 0.0024512852247023983
Delta E 162.67467038910277
Energy -162.67467038910277 0
Converged?  0.0024512852247023983  >  1e-06   ----   162.67467038910277  >  1e-08   ----  iteration 0
Classic-like energies: cke = 166.14687214494705 cpe = -328.1417015941078 cke + cpe = -161.99482944916076
mu = 17.9997127448835
Error = 0.0014200269214603603
Delta E 0.024971985229854
Energy -162.69964237433263 -162.67467038910277
Converged?  0.0014200269214603603  >  1e-06   ----   0.024971985229854  >  1e-08   ----  iteration 1
Classic-like energies: cke = 166.90373211302838 cpe = -328.9022870426106 cke + cpe = -161.99855492958224
mu = 17.999919718131093
Error = 0.000812349764475577
Delta E 0.0037580403696892972
Energy -162.70340041470232 -162.69964237433263
Converged?  0.000812349764475577  >  1e-06   ----   0.0037580403696892972  >  1e-08   ----  iteration 2
Classic-like energies: cke = 167.29900937347554 cpe = -329.29840306342317 cke + cpe = -161.99939368994762
mu = 17.999966316076684
Error = 0.0004444873498653956
Delta E 0.0008460910671033162
Energy -162.70424650576942 -162.70340041470232
Converged?  0.0004444873498653956  >  1e-06   ----   0.0008460910671033162  >  1e-08   ----  iteration 3
Classic-like energies: cke = 167.50616435736828 cpe = -329.5057648243105 cke + cpe = -161.99960046694224
mu = 17.999977803705328
Error = 0.00024013612221766517
Delta E 0.00020858421564184937
Energy -162.70445508998506 -162.70424650576942
Converged?  0.00024013612221766517  >  1e-06   ----   0.00020858421564184937  >  1e-08   ----  iteration 4
Classic-like energies: cke = 167.61312530819006 cpe = -329.6127787649218 cke + cpe = -161.99965345673175
mu = 17.999980747585912
Error = 0.00012734387137288596
Delta E 5.345291842218103e-05
Energy -162.70450854290348 -162.70445508998506
Converged?  0.00012734387137288596  >  1e-06   ----   5.345291842218103e-05  >  1e-08   ----  iteration 5
Classic-like energies: cke = 167.6684922320611 cpe = -329.66815949756193 cke + cpe = -161.99966726550082
mu = 17.999981514740554
Error = 6.702797994553652e-05
Delta E 1.392945654288269e-05
Energy -162.70452247236003 -162.70450854290348
Converged?  6.702797994553652e-05  >  1e-06   ----   1.392945654288269e-05  >  1e-08   ----  iteration 6
Classic-like energies: cke = 167.69699009826385 cpe = -329.6966609884233 cke + cpe = -161.99967089015942
mu = 17.999981716110682
Error = 3.497865609479264e-05
Delta E 3.656339487179139e-06
Energy -162.7045261286995 -162.70452247236003
Converged?  3.497865609479264e-05  >  1e-06   ----   3.656339487179139e-06  >  1e-08   ----  iteration 7
Classic-like energies: cke = 167.7116802060372 cpe = -329.7113520507561 cke + cpe = -161.9996718447189
mu = 17.99998176914182
Error = 1.818431537201798e-05
Delta E 9.629006001432572e-07
Energy -162.7045270916001 -162.7045261286995
Converged?  1.818431537201798e-05  >  1e-06   ----   9.629006001432572e-07  >  1e-08   ----  iteration 8
Classic-like energies: cke = 167.71923230195102 cpe = -329.71890439850984 cke + cpe = -161.9996720965588
mu = 17.999981783132938
Error = 9.413786113052997e-06
Delta E 2.5404176540178014e-07
Energy -162.70452734564188 -162.7045270916001
Converged?  9.413786113052997e-06  >  1e-06   ----   2.5404176540178014e-07  >  1e-08   ----  iteration 9
Classic-like energies: cke = 167.72311908838097 cpe = -329.7227912513851 cke + cpe = -161.99967216300413
mu = 17.99998178682435
Error = 4.864815989228515e-06
Delta E 6.70265762892086e-08
Energy -162.70452741266845 -162.70452734564188
Converged?  4.864815989228515e-06  >  1e-06   ----   6.70265762892086e-08  >  1e-08   ----  iteration 10
Classic-like energies: cke = 167.7251162291787 cpe = -329.7247884097259 cke + cpe = -161.99967218054718
mu = 17.999981787798962
Error = 1.2542757415589445e-06
Delta E 1.769640789461846e-08
Energy -162.70452743036486 -162.70452741266845
Converged?  1.2542757415589445e-06  >  1e-06   ----   1.769640789461846e-08  >  1e-08   ----  iteration 11
Classic-like energies: cke = 167.7256298229759 cpe = -329.72530200623186 cke + cpe = -161.99967218325597
mu = 17.99998178794945
Error = 9.38406243683631e-07
Delta E 2.731184167714673e-09
Energy -162.70452743309605 -162.70452743036486
Converged?  9.38406243683631e-07  >  1e-06   ----   2.731184167714673e-09  >  1e-08   ----  iteration 12
Classic-like energies: cke = 167.72601853857785 cpe = -329.72569072336427 cke + cpe = -161.99967218478642
mu = 17.999981788034475
Error = 7.099430989722706e-07
Delta E 1.5448904377990402e-09
Energy -162.70452743464094 -162.70452743309605
Converged?  7.099430989722706e-07  >  1e-06   ----   1.5448904377990402e-09  >  1e-08   ----  iteration 13
Classic-like energies: cke = 167.72631277114328 cpe = -329.7259849568063 cke + cpe = -161.99967218566303
mu = 17.99998178808318
Error = 5.376756253739218e-07
Delta E 8.839720067044254e-10
Energy -162.7045274355249 -162.70452743464094
Converged?  5.376756253739218e-07  >  1e-06   ----   8.839720067044254e-10  >  1e-08   ----  iteration 14
Classic-like energies: cke = 167.72653549280017, cpe = -329.7262076792558, cke + cpe = -161.99967218645565
Exact Energy = -162.70485811494655
Dirac Energy = -162.70452551108974
Kutze Energy = -162.70452743632342
Error Kutze  = 0.0003306786238681525
Error Dirac  = 0.00033260385680478066
Delta Energy = -7.985079264472006e-10
Dirac - Kutzelnigg = 1.925232936628163e-06

PARAMETERS:
molecule    = [['Ar', 18, 0.1, 0.2, 0.3, 54, 54]]
D2          = True
prec        = 7
derivative  = BS
box         = 1

-------------------------------
Ar 0 1 7 BS 1
-------------------------------
Now executing: python test.py Input_Making/input__Ar017PH.txt
./run_all.sh: line 4: 75566 Killed: 9               python test.py "$file"
Now executing: python test.py Input_Making/input__Ar018ABGV.txt
Input file: Input_Making/input__Ar018ABGV.txt
Output file: outputs/output__Ar018ABGV.txt
light_speed = 137.03599913900001  # default 137.03599913900001
derivative = "ABGV"         # possible values: PH, ABGV, BS
order = 11
box = 1
prec = 1.0e-8                 # precision threshold for the MRA operations
thr  = 1.0e-7                  # error threshold for SCF convergence

readPotential    = False        # bool
computePotential = True         # bool 
savePotential    = False         # bool
potential = "fermi_dirac"       # possible values: point_charge coulomb_HFYGB homogeneus_charge_sphere gaussian

readOrbitals     = False        # bool
saveOrbitals     = False         # bool
saveGuess        = False

scf              = True
ktrs             = False
D2               = True         # bool
two_electrons    = False         # bool

runGaunt         = False
runGaugeA        = False
runGaugeB        = False
runGaugeC        = False
runGaugeD        = False
runGaugeDelta    = False

molecule = [ ["Ar", 18, 0.1, 0.2, 0.3, 54, 54] ]

# With the paramenters I got from Robert, the error is (1) higher than
#  what he gets and (2) dominated by the width of the Gaussian
# I get a much better agreement with the ideal value IF the Gaussian
#  size is reduced by one order of magnitude 3e4->3e5 for Ar
# It seems the position of the nucleus is also important: I get bad
#  results from D2 if I move the nucleus
# Higher prec with off centered nucleus is too demanding for my laptop

**************************************
18 [0.1, 0.2, 0.3]
Fermi Dirac potential
Using Half Charge Radius for Ar: 6.8888709658e-05
Integral of the Fermi-Dirac distribution via cartesian 3D integration: 1.6483679125180024
The normalization constant is: 10.919892254213858
Integral of the Fermi-Dirac distribution via 3D integration: 18.00000000000001
3D density

*FunctionTree: nn
  genNodes: 0
  square norm: 1.21406e+14
  root scale: 0
  order: 11
  nodes: 328
  endNodes: 288
  nodes per scale: 
    scale=0  nodes=8
    scale=1  nodes=8
    scale=2  nodes=8
    scale=3  nodes=8
    scale=4  nodes=8
    scale=5  nodes=8
    scale=6  nodes=8
    scale=7  nodes=8
    scale=8  nodes=8
    scale=9  nodes=8
    scale=10  nodes=8
    scale=11  nodes=32
    scale=12  nodes=144
    scale=13  nodes=32
    scale=14  nodes=32

3D potential

*FunctionTree: nn
  genNodes: 0
  square norm: 4812.71
  root scale: 0
  order: 11
  nodes: 1760
  endNodes: 1541
  nodes per scale: 
    scale=0  nodes=8
    scale=1  nodes=64
    scale=2  nodes=120
    scale=3  nodes=112
    scale=4  nodes=120
    scale=5  nodes=112
    scale=6  nodes=120
    scale=7  nodes=112
    scale=8  nodes=120
    scale=9  nodes=112
    scale=10  nodes=120
    scale=11  nodes=112
    scale=12  nodes=120
    scale=13  nodes=112
    scale=14  nodes=136
    scale=15  nodes=160

Potential

*FunctionTree: nn
  genNodes: 0
  square norm: 4812.71
  root scale: 0
  order: 11
  nodes: 1760
  endNodes: 1541
  nodes per scale: 
    scale=0  nodes=8
    scale=1  nodes=64
    scale=2  nodes=120
    scale=3  nodes=112
    scale=4  nodes=120
    scale=5  nodes=112
    scale=6  nodes=120
    scale=7  nodes=112
    scale=8  nodes=120
    scale=9  nodes=112
    scale=10  nodes=120
    scale=11  nodes=112
    scale=12  nodes=120
    scale=13  nodes=112
    scale=14  nodes=136
    scale=15  nodes=160

Number of Atoms =  1
[['Ar', 18, 0.1, 0.2, 0.3, 54, 54]]
Using derivative  ABGV
Hartree-Fock 1e D2
Classic-like energies: cke = 164.78552662383925 cpe = -326.75515499199315 cke + cpe = -161.9696283681539
mu = 17.998312608028225
Error = 0.002450905294258924
Delta E 162.67422106087417
Energy -162.67422106087417 0
Converged?  0.002450905294258924  >  1e-07   ----   162.67422106087417  >  1e-09   ----  iteration 0
Classic-like energies: cke = 166.14673490649986 cpe = -328.14155814041465 cke + cpe = -161.9948232339148
mu = 17.999712399586542
Error = 0.0014202675845472548
Delta E 0.025415043893474376
Energy -162.69963610476765 -162.67422106087417
Converged?  0.0014202675845472548  >  1e-07   ----   0.025415043893474376  >  1e-09   ----  iteration 1
Classic-like energies: cke = 166.90366878659827 cpe = -328.90222167195117 cke + cpe = -161.9985528853529
mu = 17.999919604562287
Error = 0.0008124829528196546
Delta E 0.003762247839063093
Energy -162.7033983526067 -162.69963610476765
Converged?  0.0008124829528196546  >  1e-07   ----   0.003762247839063093  >  1e-09   ----  iteration 2
Classic-like energies: cke = 167.2989769972332 cpe = -329.29836882838566 cke + cpe = -161.99939183115245
mu = 17.999966212810094
Error = 0.00044454547978899924
Delta E 0.00084627812188387
Energy -162.7042446307286 -162.7033983526067
Converged?  0.00044454547978899924  >  1e-07   ----   0.00084627812188387  >  1e-09   ----  iteration 3
Classic-like energies: cke = 167.50614905209005 cpe = -329.5057476891385 cke + cpe = -161.99959863704845
mu = 17.999977702044436
Error = 0.00024016474004895686
Delta E 0.00020861337051769624
Energy -162.7044532440991 -162.7042446307286
Converged?  0.00024016474004895686  >  1e-07   ----   0.00020861337051769624  >  1e-09   ----  iteration 4
Classic-like energies: cke = 167.61311757243553 cpe = -329.61276920518435 cke + cpe = -161.99965163274882
mu = 17.99998064625342
Error = 0.00012735699410275312
Delta E 5.345888115471098e-05
Energy -162.70450670298027 -162.7044532440991
Converged?  0.00012735699410275312  >  1e-07   ----   5.345888115471098e-05  >  1e-09   ----  iteration 5
Classic-like energies: cke = 167.66848849138216 cpe = -329.6681539341185 cke + cpe = -161.99966544273633
mu = 17.999981413475755
Error = 6.70343966071262e-05
Delta E 1.393068455968205e-05
Energy -162.70452063366483 -162.70450670298027
Converged?  6.70343966071262e-05  >  1e-07   ----   1.393068455968205e-05  >  1e-09   ----  iteration 6
Classic-like energies: cke = 167.696988282027 cpe = -329.69665734970175 cke + cpe = -161.99966906767474
mu = 17.99998161486143
Error = 3.4981735023910907e-05
Delta E 3.6566209189459187e-06
Energy -162.70452429028575 -162.70452063366483
Converged?  3.4981735023910907e-05  >  1e-07   ----   3.6566209189459187e-06  >  1e-09   ----  iteration 7
Classic-like energies: cke = 167.7116793881269 cpe = -329.7113494103411 cke + cpe = -161.9996700222142
mu = 17.999981667891454
Error = 1.8185849288827425e-05
Delta E 9.628818418150331e-07
Energy -162.7045252531676 -162.70452429028575
Converged?  1.8185849288827425e-05  >  1e-07   ----   9.628818418150331e-07  >  1e-09   ----  iteration 8
Classic-like energies: cke = 167.71923198320246 cpe = -329.71890225712855 cke + cpe = -161.99967027392609
mu = 17.99998168187546
Error = 9.414560009044345e-06
Delta E 2.5391250346729066e-07
Energy -162.7045255070801 -162.7045252531676
Converged?  9.414560009044345e-06  >  1e-07   ----   2.5391250346729066e-07  >  1e-09   ----  iteration 9
Classic-like energies: cke = 167.72311902696617 cpe = -329.7227893673034 cke + cpe = -161.99967034033722
mu = 17.999981685564972
Error = 4.865237629579076e-06
Delta E 6.699113441754889e-08
Energy -162.70452557407123 -162.7045255070801
Converged?  4.865237629579076e-06  >  1e-07   ----   6.699113441754889e-08  >  1e-09   ----  iteration 10
Classic-like energies: cke = 167.72511629833866 cpe = -329.72478665620446 cke + cpe = -161.9996703578658
mu = 17.999981686538785
Error = 1.2544148414004352e-06
Delta E 1.7681799135971232e-08
Energy -162.70452559175303 -162.70452557407123
Converged?  1.2544148414004352e-06  >  1e-07   ----   1.7681799135971232e-08  >  1e-09   ----  iteration 11
Classic-like energies: cke = 167.72562992575655 cpe = -329.7253002863289 cke + cpe = -161.99967036057234
mu = 17.999981686689146
Error = 9.384713942960879e-07
Delta E 2.731184167714673e-09
Energy -162.7045255944842 -162.70452559175303
Converged?  9.384713942960879e-07  >  1e-07   ----   2.731184167714673e-09  >  1e-09   ----  iteration 12
Classic-like energies: cke = 167.7260186667458 cpe = -329.725689028848 cke + cpe = -161.99967036210222
mu = 17.99998168677414
Error = 7.0999165556746e-07
Delta E 1.5428156530106207e-09
Energy -162.70452559602703 -162.7045255944842
Converged?  7.0999165556746e-07  >  1e-07   ----   1.5428156530106207e-09  >  1e-09   ----  iteration 13
Classic-like energies: cke = 167.7263129185054 cpe = -329.72598328148234 cke + cpe = -161.99967036297693
mu = 17.999981686822736
Error = 5.377121736839412e-07
Delta E 8.818972219160059e-10
Energy -162.70452559690892 -162.70452559602703
Converged?  5.377121736839412e-07  >  1e-07   ----   8.818972219160059e-10  >  1e-09   ----  iteration 14
Classic-like energies: cke = 167.72653565467903, cpe = -329.7262060180698, cke + cpe = -161.99967036339075
Exact Energy = -162.70485811494655
Dirac Energy = -162.704525625315
Kutze Energy = -162.7045255973259
Error Kutze  = 0.00033251762215513736
Error Dirac  = 0.0003324896315461956
Delta Energy = -4.169748990534572e-10
Dirac - Kutzelnigg = -2.799060894176364e-08

PARAMETERS:
molecule    = [['Ar', 18, 0.1, 0.2, 0.3, 54, 54]]
D2          = True
prec        = 8
derivative  = ABGV
box         = 1

-------------------------------
Ar 0 1 8 ABGV 1
-------------------------------
Now executing: python test.py Input_Making/input__Ar018BS.txt
Input file: Input_Making/input__Ar018BS.txt
Output file: outputs/output__Ar018BS.txt
light_speed = 137.03599913900001  # default 137.03599913900001
derivative = "BS"         # possible values: PH, ABGV, BS
order = 11
box = 1
prec = 1.0e-8                 # precision threshold for the MRA operations
thr  = 1.0e-7                  # error threshold for SCF convergence

readPotential    = False        # bool
computePotential = True         # bool 
savePotential    = False         # bool
potential = "fermi_dirac"       # possible values: point_charge coulomb_HFYGB homogeneus_charge_sphere gaussian

readOrbitals     = False        # bool
saveOrbitals     = False         # bool
saveGuess        = False

scf              = True
ktrs             = False
D2               = True         # bool
two_electrons    = False         # bool

runGaunt         = False
runGaugeA        = False
runGaugeB        = False
runGaugeC        = False
runGaugeD        = False
runGaugeDelta    = False

molecule = [ ["Ar", 18, 0.1, 0.2, 0.3, 54, 54] ]

# With the paramenters I got from Robert, the error is (1) higher than
#  what he gets and (2) dominated by the width of the Gaussian
# I get a much better agreement with the ideal value IF the Gaussian
#  size is reduced by one order of magnitude 3e4->3e5 for Ar
# It seems the position of the nucleus is also important: I get bad
#  results from D2 if I move the nucleus
# Higher prec with off centered nucleus is too demanding for my laptop

**************************************
18 [0.1, 0.2, 0.3]
Fermi Dirac potential
Using Half Charge Radius for Ar: 6.8888709658e-05
Integral of the Fermi-Dirac distribution via cartesian 3D integration: 1.6483679125180024
The normalization constant is: 10.919892254213858
Integral of the Fermi-Dirac distribution via 3D integration: 18.00000000000001
3D density

*FunctionTree: nn
  genNodes: 0
  square norm: 1.21406e+14
  root scale: 0
  order: 11
  nodes: 328
  endNodes: 288
  nodes per scale: 
    scale=0  nodes=8
    scale=1  nodes=8
    scale=2  nodes=8
    scale=3  nodes=8
    scale=4  nodes=8
    scale=5  nodes=8
    scale=6  nodes=8
    scale=7  nodes=8
    scale=8  nodes=8
    scale=9  nodes=8
    scale=10  nodes=8
    scale=11  nodes=32
    scale=12  nodes=144
    scale=13  nodes=32
    scale=14  nodes=32

3D potential

*FunctionTree: nn
  genNodes: 0
  square norm: 4812.71
  root scale: 0
  order: 11
  nodes: 1760
  endNodes: 1541
  nodes per scale: 
    scale=0  nodes=8
    scale=1  nodes=64
    scale=2  nodes=120
    scale=3  nodes=112
    scale=4  nodes=120
    scale=5  nodes=112
    scale=6  nodes=120
    scale=7  nodes=112
    scale=8  nodes=120
    scale=9  nodes=112
    scale=10  nodes=120
    scale=11  nodes=112
    scale=12  nodes=120
    scale=13  nodes=112
    scale=14  nodes=136
    scale=15  nodes=160

Potential

*FunctionTree: nn
  genNodes: 0
  square norm: 4812.71
  root scale: 0
  order: 11
  nodes: 1760
  endNodes: 1541
  nodes per scale: 
    scale=0  nodes=8
    scale=1  nodes=64
    scale=2  nodes=120
    scale=3  nodes=112
    scale=4  nodes=120
    scale=5  nodes=112
    scale=6  nodes=120
    scale=7  nodes=112
    scale=8  nodes=120
    scale=9  nodes=112
    scale=10  nodes=120
    scale=11  nodes=112
    scale=12  nodes=120
    scale=13  nodes=112
    scale=14  nodes=136
    scale=15  nodes=160

Number of Atoms =  1
[['Ar', 18, 0.1, 0.2, 0.3, 54, 54]]
Using derivative  BS
Hartree-Fock 1e D2
Classic-like energies: cke = 164.78552662383925 cpe = -326.7550613838687 cke + cpe = -161.96953476002943
mu = 17.998307407088557
Error = 0.0024506751965457825
Delta E 162.67412663477344
Energy -162.67412663477344 0
Converged?  0.0024506751965457825  >  1e-07   ----   162.67412663477344  >  1e-09   ----  iteration 0
Classic-like energies: cke = 166.146580743454 cpe = -328.1414067560644 cke + cpe = -161.9948260126104
mu = 17.999712553960986
Error = 0.0014203510483050334
Delta E 0.025512272974395955
Energy -162.69963890774784 -162.67412663477344
Converged?  0.0014203510483050334  >  1e-07   ----   0.025512272974395955  >  1e-09   ----  iteration 1
Classic-like energies: cke = 166.90357973776838 cpe = -328.9021325008046 cke + cpe = -161.99855276303623
mu = 17.999919597766887
Error = 0.0008125220905232481
Delta E 0.003759321474007038
Energy -162.70339822922185 -162.69963890774784
Converged?  0.0008125220905232481  >  1e-07   ----   0.003759321474007038  >  1e-09   ----  iteration 2
Classic-like energies: cke = 167.2989308415179 cpe = -329.2983226159682 cke + cpe = -161.9993917744503
mu = 17.999966209659966
Error = 0.00044457808027025377
Delta E 0.0008463443082860067
Energy -162.70424457353013 -162.70339822922185
Converged?  0.00044457808027025377  >  1e-07   ----   0.0008463443082860067  >  1e-09   ----  iteration 3
Classic-like energies: cke = 167.50612390771454 cpe = -329.5057225273143 cke + cpe = -161.99959861959974
mu = 17.99997770107506
Error = 0.00024018297761071837
Delta E 0.00020865296849592596
Energy -162.70445322649863 -162.70424457353013
Converged?  0.00024018297761071837  >  1e-07   ----   0.00020865296849592596  >  1e-09   ----  iteration 4
Classic-like energies: cke = 167.61310460017208 cpe = -329.6127562270834 cke + cpe = -161.99965162691134
mu = 17.999980645929114
Error = 0.00012736808038963117
Delta E 5.347059186533443e-05
Energy -162.7045066970905 -162.70445322649863
Converged?  0.00012736808038963117  >  1e-07   ----   5.347059186533443e-05  >  1e-09   ----  iteration 5
Classic-like energies: cke = 167.66848167223526 cpe = -329.6681471122718 cke + cpe = -161.99966544003655
mu = 17.999981413325767
Error = 6.704042652204092e-05
Delta E 1.3933851477077042e-05
Energy -162.70452063094197 -162.7045066970905
Converged?  6.704042652204092e-05  >  1e-07   ----   1.3933851477077042e-05  >  1e-09   ----  iteration 6
Classic-like energies: cke = 167.69698476739183 cpe = -329.69665383319716 cke + cpe = -161.99966906580534
mu = 17.999981614757573
Error = 3.498505956302293e-05
Delta E 3.6574569719505234e-06
Energy -162.70452428839894 -162.70452063094197
Converged?  3.498505956302293e-05  >  1e-07   ----   3.6574569719505234e-06  >  1e-09   ----  iteration 7
Classic-like energies: cke = 167.7116775617044 cpe = -329.7113475822674 cke + cpe = -161.99967002056303
mu = 17.999981667799723
Error = 1.818760459071335e-05
Delta E 9.63102849027564e-07
Energy -162.7045252515018 -162.70452428839894
Converged?  1.818760459071335e-05  >  1e-07   ----   9.63102849027564e-07  >  1e-09   ----  iteration 8
Classic-like energies: cke = 167.71923103940688 cpe = -329.7189013117393 cke + cpe = -161.9996702723324
mu = 17.999981681786924
Error = 9.415475090106093e-06
Delta E 2.539708532367513e-07
Energy -162.70452550547265 -162.7045252515018
Converged?  9.415475090106093e-06  >  1e-07   ----   2.539708532367513e-07  >  1e-09   ----  iteration 9
Classic-like energies: cke = 167.7231185356224 cpe = -329.7227888743861 cke + cpe = -161.99967033876368
mu = 17.999981685477554
Error = 4.865680653677467e-06
Delta E 6.701199595227081e-08
Energy -162.70452557248464 -162.70452550547265
Converged?  4.865680653677467e-06  >  1e-07   ----   6.701199595227081e-08  >  1e-09   ----  iteration 10
Classic-like energies: cke = 167.72511604124776 cpe = -329.72478639754223 cke + cpe = -161.99967035629447
mu = 17.999981686451488
Error = 1.2544947934040308e-06
Delta E 1.7683873920759652e-08
Energy -162.70452559016852 -162.70452557248464
Converged?  1.2544947934040308e-06  >  1e-07   ----   1.7683873920759652e-08  >  1e-09   ----  iteration 11
Classic-like energies: cke = 167.7256297287646 cpe = -329.72530008776306 cke + cpe = -161.99967035899846
mu = 17.99998168660171
Error = 9.385780552522017e-07
Delta E 2.727034598137834e-09
Energy -162.70452559289555 -162.70452559016852
Converged?  9.385780552522017e-07  >  1e-07   ----   2.727034598137834e-09  >  1e-09   ----  iteration 12
Classic-like energies: cke = 167.72601851530152 cpe = -329.7256888758287 cke + cpe = -161.9996703605272
mu = 17.99998168668664
Error = 7.100733733404542e-07
Delta E 1.5407124465127708e-09
Energy -162.70452559443626 -162.70452559289555
Converged?  7.100733733404542e-07  >  1e-07   ----   1.5407124465127708e-09  >  1e-09   ----  iteration 13
Classic-like energies: cke = 167.72631280156074 cpe = -329.7259831629632 cke + cpe = -161.99967036140245
mu = 17.999981686735264
Error = 5.377742506879712e-07
Delta E 8.839720067044254e-10
Energy -162.70452559532023 -162.70452559443626
Converged?  5.377742506879712e-07  >  1e-07   ----   8.839720067044254e-10  >  1e-09   ----  iteration 14
Classic-like energies: cke = 167.72653556386015, cpe = -329.72620592584116, cke + cpe = -161.999670361981
Exact Energy = -162.70485811494655
Dirac Energy = -162.7045255826306
Kutze Energy = -162.70452559590402
Error Kutze  = 0.0003325190409668721
Error Dirac  = 0.0003325323159515392
Delta Energy = -5.837819117004983e-10
Dirac - Kutzelnigg = 1.327498466707766e-08

PARAMETERS:
molecule    = [['Ar', 18, 0.1, 0.2, 0.3, 54, 54]]
D2          = True
prec        = 8
derivative  = BS
box         = 1

-------------------------------
Ar 0 1 8 BS 1
-------------------------------
Now executing: python test.py Input_Making/input__Ar018PH.txt
./run_all.sh: line 4: 78899 Killed: 9               python test.py "$file"
Now executing: python test.py Input_Making/input__Ar104ABGV.txt
Input file: Input_Making/input__Ar104ABGV.txt
Output file: outputs/output__Ar104ABGV.txt
light_speed = 137.03599913900001  # default 137.03599913900001
derivative = "ABGV"         # possible values: PH, ABGV, BS
order = 7
box = 1
prec = 1.0e-4                 # precision threshold for the MRA operations
thr  = 1.0e-3                  # error threshold for SCF convergence

readPotential    = False         # bool
computePotential = True         # bool 
savePotential    = False         # bool
potential = "fermi_dirac"       # possible values: point_charge coulomb_HFYGB homogeneus_charge_sphere gaussian

readOrbitals     = False         # bool
saveOrbitals     = False         # bool
saveGuess        = False

scf              = True
ktrs             = False
D2               = False         # bool
two_electrons    = False         # bool

runGaunt         = False
runGaugeA        = False
runGaugeB        = False
runGaugeC        = False
runGaugeD        = False
runGaugeDelta    = False

molecule = [ ["Ar", 18, 0.0, 0.0, 0.0, 54, 54] ]

# With the paramenters I got from Robert, the error is (1) higher than
#  what he gets and (2) dominated by the width of the Gaussian
# I get a much better agreement with the ideal value IF the Gaussian
#  size is reduced by one order of magnitude 3e4->3e5 for Ar
# It seems the position of the nucleus is also important: I get bad
#  results from D2 if I move the nucleus
# Higher prec with off centered nucleus is too demanding for my laptop

**************************************
18 [0.0, 0.0, 0.0]
Fermi Dirac potential
Using Half Charge Radius for Ar: 6.8888709658e-05
Integral of the Fermi-Dirac distribution via cartesian 3D integration: 1.648133401468386
The normalization constant is: 10.921446033411556
Integral of the Fermi-Dirac distribution via 3D integration: 18.000000000000043
3D density

*FunctionTree: nn
  genNodes: 0
  square norm: 1.21479e+14
  root scale: 0
  order: 7
  nodes: 776
  endNodes: 680
  nodes per scale: 
    scale=0  nodes=8
    scale=1  nodes=64
    scale=2  nodes=64
    scale=3  nodes=64
    scale=4  nodes=64
    scale=5  nodes=64
    scale=6  nodes=64
    scale=7  nodes=64
    scale=8  nodes=64
    scale=9  nodes=64
    scale=10  nodes=64
    scale=11  nodes=64
    scale=12  nodes=64

3D potential

*FunctionTree: nn
  genNodes: 0
  square norm: 4972.67
  root scale: 0
  order: 7
  nodes: 904
  endNodes: 792
  nodes per scale: 
    scale=0  nodes=8
    scale=1  nodes=64
    scale=2  nodes=64
    scale=3  nodes=64
    scale=4  nodes=64
    scale=5  nodes=64
    scale=6  nodes=64
    scale=7  nodes=64
    scale=8  nodes=64
    scale=9  nodes=64
    scale=10  nodes=64
    scale=11  nodes=64
    scale=12  nodes=64
    scale=13  nodes=64
    scale=14  nodes=64

Potential

*FunctionTree: nn
  genNodes: 0
  square norm: 4972.67
  root scale: 0
  order: 7
  nodes: 904
  endNodes: 792
  nodes per scale: 
    scale=0  nodes=8
    scale=1  nodes=64
    scale=2  nodes=64
    scale=3  nodes=64
    scale=4  nodes=64
    scale=5  nodes=64
    scale=6  nodes=64
    scale=7  nodes=64
    scale=8  nodes=64
    scale=9  nodes=64
    scale=10  nodes=64
    scale=11  nodes=64
    scale=12  nodes=64
    scale=13  nodes=64
    scale=14  nodes=64

Number of Atoms =  1
[['Ar', 18, 0.0, 0.0, 0.0, 54, 54]]
Using derivative  ABGV
One-electron calculations 0.0001
calc_dirac_mu 324.00586898909415 18616.157241766858 137.035999139
Error 0.0024730613396462516
Delta E 18616.157241766858
Energy -162.70781825715312
Converged?  0.0024730613396462516  >  0.001   ----   18616.157241766858  >  1e-05   ----  iteration 0
calc_dirac_mu 324.1080957192399 18616.105681592424 137.035999139
Error 0.0014872802149041974
Delta E 0.0515601744336891
Energy -162.7593784315868
Converged?  0.0014872802149041974  >  0.001   ----   0.0515601744336891  >  1e-05   ----  iteration 1
calc_dirac_mu 324.12296171402147 18616.09818360732 137.035999139
Error 0.0008243396945074784
Delta E 0.007497985105146654
Energy -162.76687641669196
Converged?  0.0008243396945074784  >  0.001   ----   0.007497985105146654  >  1e-05   ----  iteration 2
calc_dirac_mu 324.1244066446852 18616.097454825212 137.035999139
Error 0.0004415512134458273
Delta E 0.0007287821063073352
Energy -162.76760519879826
Converged?  0.0004415512134458273  >  0.001   ----   0.0007287821063073352  >  1e-05   ----  iteration 3
calc_dirac_mu 324.12511438636903 18616.09709786034 137.035999139
Error 0.00023214633848653998
Delta E 0.00035696487248060293
Energy -162.76796216367075
Converged?  0.00023214633848653998  >  0.001   ----   0.00035696487248060293  >  1e-05   ----  iteration 4
calc_dirac_mu 324.1252998187671 18616.097004333486 137.035999139
Error 0.00012039954239523006
Delta E 9.352685447083786e-05
Energy -162.76805569052522
Converged?  0.00012039954239523006  >  0.001   ----   9.352685447083786e-05  >  1e-05   ----  iteration 5
calc_dirac_mu 324.12536793226036 18616.096969978968 137.035999139
Error 6.188896804622966e-05
Delta E 3.435451799305156e-05
Energy -162.7680900450432
Converged?  6.188896804622966e-05  >  0.001   ----   3.435451799305156e-05  >  1e-05   ----  iteration 6
calc_dirac_mu 324.1253950521021 18616.096956300487 137.035999139
Error 3.162133063746069e-05
Delta E 1.3678480172529817e-05
Energy -162.76810372352338
Converged?  3.162133063746069e-05  >  0.001   ----   1.3678480172529817e-05  >  1e-05   ----  iteration 7
calc_dirac_mu 324.1254065994161 18616.09695047635 137.035999139
Error 1.6090500115732047e-05
Delta E 5.824138497700915e-06
Energy -162.76810954766188
Converged?  1.6090500115732047e-05  >  0.001   ----   5.824138497700915e-06  >  1e-05   ----  iteration 8
calc_dirac_mu 324.1254114916757 18616.09694800883 137.035999139
Error 8.164816692180878e-06
Delta E 2.4675173335708678e-06
Energy -162.7681120151792
Converged?  8.164816692180878e-06  >  0.001   ----   2.4675173335708678e-06  >  1e-05   ----  iteration 9
calc_dirac_mu 324.1254138132741 18616.096946837883 137.035999139
Error 4.1353740156759955e-06
Delta E 1.1709489626809955e-06
Energy -162.76811318612818
Converged?  4.1353740156759955e-06  >  0.001   ----   1.1709489626809955e-06  >  1e-05   ----  iteration 10
calc_dirac_mu 324.1254149420696 18616.09694626855 137.035999139
Error 2.0918289820627185e-06
Delta E 5.693327693734318e-07
Energy -162.76811375546094
Converged?  2.0918289820627185e-06  >  0.001   ----   5.693327693734318e-07  >  1e-05   ----  iteration 11
Classic-like energies: cke = 167.7538376669757, cpe = -329.4864922714229, cke + cpe = -161.7326546044472
Exact Energy = -162.70485811494655
Dirac Energy = -162.76811403736792
Kutze Energy = -162.43517807946586
Error Kutze  = 0.2696800354824518
Error Dirac  = -0.06325592242137645
Delta Energy = -2.8190697776153684e-07
Dirac - Kutzelnigg = -0.33293595790382824

PARAMETERS:
molecule    = [['Ar', 18, 0.0, 0.0, 0.0, 54, 54]]
D2          = False
prec        = 4
derivative  = ABGV
box         = 1

-------------------------------
Ar 1 0 4 ABGV 1
-------------------------------
Now executing: python test.py Input_Making/input__Ar104BS.txt
Input file: Input_Making/input__Ar104BS.txt
Output file: outputs/output__Ar104BS.txt
light_speed = 137.03599913900001  # default 137.03599913900001
derivative = "BS"         # possible values: PH, ABGV, BS
order = 7
box = 1
prec = 1.0e-4                 # precision threshold for the MRA operations
thr  = 1.0e-3                  # error threshold for SCF convergence

readPotential    = False         # bool
computePotential = True         # bool 
savePotential    = False         # bool
potential = "fermi_dirac"       # possible values: point_charge coulomb_HFYGB homogeneus_charge_sphere gaussian

readOrbitals     = False         # bool
saveOrbitals     = False         # bool
saveGuess        = False

scf              = True
ktrs             = False
D2               = False         # bool
two_electrons    = False         # bool

runGaunt         = False
runGaugeA        = False
runGaugeB        = False
runGaugeC        = False
runGaugeD        = False
runGaugeDelta    = False

molecule = [ ["Ar", 18, 0.0, 0.0, 0.0, 54, 54] ]

# With the paramenters I got from Robert, the error is (1) higher than
#  what he gets and (2) dominated by the width of the Gaussian
# I get a much better agreement with the ideal value IF the Gaussian
#  size is reduced by one order of magnitude 3e4->3e5 for Ar
# It seems the position of the nucleus is also important: I get bad
#  results from D2 if I move the nucleus
# Higher prec with off centered nucleus is too demanding for my laptop

**************************************
18 [0.0, 0.0, 0.0]
Fermi Dirac potential
Using Half Charge Radius for Ar: 6.8888709658e-05
Integral of the Fermi-Dirac distribution via cartesian 3D integration: 1.648133401468386
The normalization constant is: 10.921446033411556
Integral of the Fermi-Dirac distribution via 3D integration: 18.000000000000043
3D density

*FunctionTree: nn
  genNodes: 0
  square norm: 1.21479e+14
  root scale: 0
  order: 7
  nodes: 776
  endNodes: 680
  nodes per scale: 
    scale=0  nodes=8
    scale=1  nodes=64
    scale=2  nodes=64
    scale=3  nodes=64
    scale=4  nodes=64
    scale=5  nodes=64
    scale=6  nodes=64
    scale=7  nodes=64
    scale=8  nodes=64
    scale=9  nodes=64
    scale=10  nodes=64
    scale=11  nodes=64
    scale=12  nodes=64

3D potential

*FunctionTree: nn
  genNodes: 0
  square norm: 4972.67
  root scale: 0
  order: 7
  nodes: 904
  endNodes: 792
  nodes per scale: 
    scale=0  nodes=8
    scale=1  nodes=64
    scale=2  nodes=64
    scale=3  nodes=64
    scale=4  nodes=64
    scale=5  nodes=64
    scale=6  nodes=64
    scale=7  nodes=64
    scale=8  nodes=64
    scale=9  nodes=64
    scale=10  nodes=64
    scale=11  nodes=64
    scale=12  nodes=64
    scale=13  nodes=64
    scale=14  nodes=64

Potential

*FunctionTree: nn
  genNodes: 0
  square norm: 4972.67
  root scale: 0
  order: 7
  nodes: 904
  endNodes: 792
  nodes per scale: 
    scale=0  nodes=8
    scale=1  nodes=64
    scale=2  nodes=64
    scale=3  nodes=64
    scale=4  nodes=64
    scale=5  nodes=64
    scale=6  nodes=64
    scale=7  nodes=64
    scale=8  nodes=64
    scale=9  nodes=64
    scale=10  nodes=64
    scale=11  nodes=64
    scale=12  nodes=64
    scale=13  nodes=64
    scale=14  nodes=64

Number of Atoms =  1
[['Ar', 18, 0.0, 0.0, 0.0, 54, 54]]
Using derivative  BS
One-electron calculations 0.0001
calc_dirac_mu 324.2252488453659 18616.046592804574 137.035999139
Error 0.002623808255402927
Delta E 18616.046592804574
Energy -162.81846721943657
Converged?  0.002623808255402927  >  0.001   ----   18616.046592804574  >  1e-05   ----  iteration 0
calc_dirac_mu 323.98622396745105 18616.167150125162 137.035999139
Error 0.0013424749137935415
Delta E 0.1205573205879773
Energy -162.6979098988486
Converged?  0.0013424749137935415  >  0.001   ----   0.1205573205879773  >  1e-05   ----  iteration 1
calc_dirac_mu 323.98961634219086 18616.16543911371 137.035999139
Error 0.0007394192263078967
Delta E 0.0017110114531533327
Energy -162.69962091030175
Converged?  0.0007394192263078967  >  0.001   ----   0.0017110114531533327  >  1e-05   ----  iteration 2
calc_dirac_mu 323.9907845098398 18616.16484992516 137.035999139
Error 0.00039747374184458145
Delta E 0.0005891885484743398
Energy -162.70021009885022
Converged?  0.00039747374184458145  >  0.001   ----   0.0005891885484743398  >  1e-05   ----  iteration 3
calc_dirac_mu 323.99107095698247 18616.164705449853 137.035999139
Error 0.0002093417983938736
Delta E 0.0001444753070245497
Energy -162.70035457415725
Converged?  0.0002093417983938736  >  0.001   ----   0.0001444753070245497  >  1e-05   ----  iteration 4
calc_dirac_mu 323.9911433451901 18616.164668939422 137.035999139
Error 0.0001087366534434704
Delta E 3.65104315278586e-05
Energy -162.70039108458877
Converged?  0.0001087366534434704  >  0.001   ----   3.65104315278586e-05  >  1e-05   ----  iteration 5
calc_dirac_mu 323.9911619262393 18616.1646595677 137.035999139
Error 5.594691282414176e-05
Delta E 9.371720807394013e-06
Energy -162.70040045630958
Converged?  5.594691282414176e-05  >  0.001   ----   9.371720807394013e-06  >  1e-05   ----  iteration 6
calc_dirac_mu 323.9911667823657 18616.164657118417 137.035999139
Error 2.8600515210948347e-05
Delta E 2.449283783789724e-06
Energy -162.70040290559336
Converged?  2.8600515210948347e-05  >  0.001   ----   2.449283783789724e-06  >  1e-05   ----  iteration 7
calc_dirac_mu 323.9911680956992 18616.16465645601 137.035999139
Error 1.4556909325487908e-05
Delta E 6.624068191740662e-07
Energy -162.70040356800018
Converged?  1.4556909325487908e-05  >  0.001   ----   6.624068191740662e-07  >  1e-05   ----  iteration 8
Classic-like energies: cke = 167.5695482926372, cpe = -329.4281865435745, cke + cpe = -161.8586382509373
Exact Energy = -162.70485811494655
Dirac Energy = -162.7004037477709
Kutze Energy = -162.5622614132354
Error Kutze  = 0.14259670170940808
Error Dirac  = 0.004454367175640073
Delta Energy = -1.79770722752437e-07
Dirac - Kutzelnigg = -0.138142334533768

PARAMETERS:
molecule    = [['Ar', 18, 0.0, 0.0, 0.0, 54, 54]]
D2          = False
prec        = 4
derivative  = BS
box         = 1

-------------------------------
Ar 1 0 4 BS 1
-------------------------------
Now executing: python test.py Input_Making/input__Ar104PH.txt
Input file: Input_Making/input__Ar104PH.txt
Output file: outputs/output__Ar104PH.txt
light_speed = 137.03599913900001  # default 137.03599913900001
derivative = "PH"         # possible values: PH, ABGV, BS
order = 7
box = 1
prec = 1.0e-4                 # precision threshold for the MRA operations
thr  = 1.0e-3                  # error threshold for SCF convergence

readPotential    = False         # bool
computePotential = True         # bool 
savePotential    = False         # bool
potential = "fermi_dirac"       # possible values: point_charge coulomb_HFYGB homogeneus_charge_sphere gaussian

readOrbitals     = False         # bool
saveOrbitals     = False         # bool
saveGuess        = False

scf              = True
ktrs             = False
D2               = False         # bool
two_electrons    = False         # bool

runGaunt         = False
runGaugeA        = False
runGaugeB        = False
runGaugeC        = False
runGaugeD        = False
runGaugeDelta    = False

molecule = [ ["Ar", 18, 0.0, 0.0, 0.0, 54, 54] ]

# With the paramenters I got from Robert, the error is (1) higher than
#  what he gets and (2) dominated by the width of the Gaussian
# I get a much better agreement with the ideal value IF the Gaussian
#  size is reduced by one order of magnitude 3e4->3e5 for Ar
# It seems the position of the nucleus is also important: I get bad
#  results from D2 if I move the nucleus
# Higher prec with off centered nucleus is too demanding for my laptop

**************************************
18 [0.0, 0.0, 0.0]
Fermi Dirac potential
Using Half Charge Radius for Ar: 6.8888709658e-05
Integral of the Fermi-Dirac distribution via cartesian 3D integration: 1.648133401468386
The normalization constant is: 10.921446033411556
Integral of the Fermi-Dirac distribution via 3D integration: 18.000000000000043
3D density

*FunctionTree: nn
  genNodes: 0
  square norm: 1.21479e+14
  root scale: 0
  order: 7
  nodes: 776
  endNodes: 680
  nodes per scale: 
    scale=0  nodes=8
    scale=1  nodes=64
    scale=2  nodes=64
    scale=3  nodes=64
    scale=4  nodes=64
    scale=5  nodes=64
    scale=6  nodes=64
    scale=7  nodes=64
    scale=8  nodes=64
    scale=9  nodes=64
    scale=10  nodes=64
    scale=11  nodes=64
    scale=12  nodes=64

3D potential

*FunctionTree: nn
  genNodes: 0
  square norm: 4972.67
  root scale: 0
  order: 7
  nodes: 904
  endNodes: 792
  nodes per scale: 
    scale=0  nodes=8
    scale=1  nodes=64
    scale=2  nodes=64
    scale=3  nodes=64
    scale=4  nodes=64
    scale=5  nodes=64
    scale=6  nodes=64
    scale=7  nodes=64
    scale=8  nodes=64
    scale=9  nodes=64
    scale=10  nodes=64
    scale=11  nodes=64
    scale=12  nodes=64
    scale=13  nodes=64
    scale=14  nodes=64

Potential

*FunctionTree: nn
  genNodes: 0
  square norm: 4972.67
  root scale: 0
  order: 7
  nodes: 904
  endNodes: 792
  nodes per scale: 
    scale=0  nodes=8
    scale=1  nodes=64
    scale=2  nodes=64
    scale=3  nodes=64
    scale=4  nodes=64
    scale=5  nodes=64
    scale=6  nodes=64
    scale=7  nodes=64
    scale=8  nodes=64
    scale=9  nodes=64
    scale=10  nodes=64
    scale=11  nodes=64
    scale=12  nodes=64
    scale=13  nodes=64
    scale=14  nodes=64

Number of Atoms =  1
[['Ar', 18, 0.0, 0.0, 0.0, 54, 54]]
Using derivative  PH
One-electron calculations 0.0001
calc_dirac_mu 324.7041164446664 18615.80506331762 137.035999139
Error 0.0028892015607302015
Delta E 18615.80506331762
Energy -163.05999670638994
Converged?  0.0028892015607302015  >  0.001   ----   18615.80506331762  >  1e-05   ----  iteration 0
calc_dirac_mu 323.9004254351875 18616.21042426355 137.035999139
Error 0.0011452186633807515
Delta E 0.40536094592971494
Energy -162.65463576046022
Converged?  0.0011452186633807515  >  0.001   ----   0.40536094592971494  >  1e-05   ----  iteration 1
calc_dirac_mu 323.90068264875083 18616.2102945331 137.035999139
Error 0.0006332056758300964
Delta E 0.00012973045159014873
Energy -162.6547654909118
Converged?  0.0006332056758300964  >  0.001   ----   0.00012973045159014873  >  1e-05   ----  iteration 2
calc_dirac_mu 323.90124979947996 18616.21000848006 137.035999139
Error 0.00034254703221482186
Delta E 0.0002860530403268058
Energy -162.65505154395214
Converged?  0.00034254703221482186  >  0.001   ----   0.0002860530403268058  >  1e-05   ----  iteration 3
calc_dirac_mu 323.90127314860484 18616.209996703492 137.035999139
Error 0.00018129727104798313
Delta E 1.1776566680055112e-05
Energy -162.65506332051882
Converged?  0.00018129727104798313  >  0.001   ----   1.1776566680055112e-05  >  1e-05   ----  iteration 4
calc_dirac_mu 323.9012411343833 18616.21001285046 137.035999139
Error 9.450105630289505e-05
Delta E 1.6146968846442178e-05
Energy -162.65504717354997
Converged?  9.450105630289505e-05  >  0.001   ----   1.6146968846442178e-05  >  1e-05   ----  iteration 5
calc_dirac_mu 323.9012151671297 18616.21002594753 137.035999139
Error 4.873839368551872e-05
Delta E 1.309706931351684e-05
Energy -162.65503407648066
Converged?  4.873839368551872e-05  >  0.001   ----   1.309706931351684e-05  >  1e-05   ----  iteration 6
calc_dirac_mu 323.9011998591637 18616.210033668387 137.035999139
Error 2.4953799733874003e-05
Delta E 7.720856956439093e-06
Energy -162.6550263556237
Converged?  2.4953799733874003e-05  >  0.001   ----   7.720856956439093e-06  >  1e-05   ----  iteration 7
calc_dirac_mu 323.9011915460477 18616.210037861263 137.035999139
Error 1.2712842225975429e-05
Delta E 4.192876076558605e-06
Energy -162.65502216274763
Converged?  1.2712842225975429e-05  >  0.001   ----   4.192876076558605e-06  >  1e-05   ----  iteration 8
calc_dirac_mu 323.901187346488 18616.21003997939 137.035999139
Error 6.454740249223969e-06
Delta E 2.1181258489377797e-06
Energy -162.65502004462178
Converged?  6.454740249223969e-06  >  0.001   ----   2.1181258489377797e-06  >  1e-05   ----  iteration 9
calc_dirac_mu 323.9011851872094 18616.21004106846 137.035999139
Error 3.269711381446918e-06
Delta E 1.0890726116485894e-06
Energy -162.65501895554917
Converged?  3.269711381446918e-06  >  0.001   ----   1.0890726116485894e-06  >  1e-05   ----  iteration 10
calc_dirac_mu 323.9011840992954 18616.21004161717 137.035999139
Error 1.6536738229590406e-06
Delta E 5.487090675160289e-07
Energy -162.6550184068401
Converged?  1.6536738229590406e-06  >  0.001   ----   5.487090675160289e-07  >  1e-05   ----  iteration 11
Classic-like energies: cke = 167.55415228708046, cpe = -329.45203693698977, cke + cpe = -161.89788464990932
Exact Energy = -162.70485811494655
Dirac Energy = -162.65501813054652
Kutze Energy = -162.6018505637772
Error Kutze  = 0.10300755116986693
Error Dirac  = 0.04983998440002324
Delta Energy = 2.762935764621943e-07
Dirac - Kutzelnigg = -0.05316756676984369

PARAMETERS:
molecule    = [['Ar', 18, 0.0, 0.0, 0.0, 54, 54]]
D2          = False
prec        = 4
derivative  = PH
box         = 1

-------------------------------
Ar 1 0 4 PH 1
-------------------------------
Now executing: python test.py Input_Making/input__Ar105ABGV.txt
Input file: Input_Making/input__Ar105ABGV.txt
Output file: outputs/output__Ar105ABGV.txt
light_speed = 137.03599913900001  # default 137.03599913900001
derivative = "ABGV"         # possible values: PH, ABGV, BS
order = 8
box = 1
prec = 1.0e-5                 # precision threshold for the MRA operations
thr  = 1.0e-4                  # error threshold for SCF convergence

readPotential    = False         # bool
computePotential = True         # bool 
savePotential    = False         # bool
potential = "fermi_dirac"       # possible values: point_charge coulomb_HFYGB homogeneus_charge_sphere gaussian

readOrbitals     = False         # bool
saveOrbitals     = False         # bool
saveGuess        = False

scf              = True
ktrs             = False
D2               = False         # bool
two_electrons    = False         # bool

runGaunt         = False
runGaugeA        = False
runGaugeB        = False
runGaugeC        = False
runGaugeD        = False
runGaugeDelta    = False

molecule = [ ["Ar", 18, 0.0, 0.0, 0.0, 54, 54] ]

# With the paramenters I got from Robert, the error is (1) higher than
#  what he gets and (2) dominated by the width of the Gaussian
# I get a much better agreement with the ideal value IF the Gaussian
#  size is reduced by one order of magnitude 3e4->3e5 for Ar
# It seems the position of the nucleus is also important: I get bad
#  results from D2 if I move the nucleus
# Higher prec with off centered nucleus is too demanding for my laptop

**************************************
18 [0.0, 0.0, 0.0]
Fermi Dirac potential
Using Half Charge Radius for Ar: 6.8888709658e-05
Integral of the Fermi-Dirac distribution via cartesian 3D integration: 1.6484584648456482
The normalization constant is: 10.919292407943935
Integral of the Fermi-Dirac distribution via 3D integration: 18.000000000001094
3D density

*FunctionTree: nn
  genNodes: 0
  square norm: 1.21385e+14
  root scale: 0
  order: 8
  nodes: 776
  endNodes: 680
  nodes per scale: 
    scale=0  nodes=8
    scale=1  nodes=64
    scale=2  nodes=64
    scale=3  nodes=64
    scale=4  nodes=64
    scale=5  nodes=64
    scale=6  nodes=64
    scale=7  nodes=64
    scale=8  nodes=64
    scale=9  nodes=64
    scale=10  nodes=64
    scale=11  nodes=64
    scale=12  nodes=64

3D potential

*FunctionTree: nn
  genNodes: 0
  square norm: 4972.66
  root scale: 0
  order: 8
  nodes: 904
  endNodes: 792
  nodes per scale: 
    scale=0  nodes=8
    scale=1  nodes=64
    scale=2  nodes=64
    scale=3  nodes=64
    scale=4  nodes=64
    scale=5  nodes=64
    scale=6  nodes=64
    scale=7  nodes=64
    scale=8  nodes=64
    scale=9  nodes=64
    scale=10  nodes=64
    scale=11  nodes=64
    scale=12  nodes=64
    scale=13  nodes=64
    scale=14  nodes=64

Potential

*FunctionTree: nn
  genNodes: 0
  square norm: 4972.66
  root scale: 0
  order: 8
  nodes: 904
  endNodes: 792
  nodes per scale: 
    scale=0  nodes=8
    scale=1  nodes=64
    scale=2  nodes=64
    scale=3  nodes=64
    scale=4  nodes=64
    scale=5  nodes=64
    scale=6  nodes=64
    scale=7  nodes=64
    scale=8  nodes=64
    scale=9  nodes=64
    scale=10  nodes=64
    scale=11  nodes=64
    scale=12  nodes=64
    scale=13  nodes=64
    scale=14  nodes=64

Number of Atoms =  1
[['Ar', 18, 0.0, 0.0, 0.0, 54, 54]]
Using derivative  ABGV
One-electron calculations 1e-05
calc_dirac_mu 323.9834609067769 18616.168543729473 137.035999139
Error 0.002467911662540642
Delta E 18616.168543729473
Energy -162.69651629453801
Converged?  0.002467911662540642  >  0.0001   ----   18616.168543729473  >  1.0000000000000002e-06   ----  iteration 0
calc_dirac_mu 323.99098142574127 18616.164750606713 137.035999139
Error 0.0014256029909103724
Delta E 0.0037931227598164696
Energy -162.70030941729783
Converged?  0.0014256029909103724  >  0.0001   ----   0.0037931227598164696  >  1.0000000000000002e-06   ----  iteration 1
calc_dirac_mu 323.99756554560184 18616.161429774762 137.035999139
Error 0.0007867257447976905
Delta E 0.003320831950986758
Energy -162.70363024924882
Converged?  0.0007867257447976905  >  0.0001   ----   0.003320831950986758  >  1.0000000000000002e-06   ----  iteration 2
calc_dirac_mu 323.9987347671011 18616.160840054556 137.035999139
Error 0.00042210766999582316
Delta E 0.000589720206335187
Energy -162.70421996945515
Converged?  0.00042210766999582316  >  0.0001   ----   0.000589720206335187  >  1.0000000000000002e-06   ----  iteration 3
calc_dirac_mu 323.99908295142893 18616.160664440835 137.035999139
Error 0.00022202904290414416
Delta E 0.00017561372078489512
Energy -162.70439558317594
Converged?  0.00022202904290414416  >  0.0001   ----   0.00017561372078489512  >  1.0000000000000002e-06   ----  iteration 4
calc_dirac_mu 323.99916289282356 18616.160624120796 137.035999139
Error 0.00011520858886723263
Delta E 4.032003926113248e-05
Energy -162.7044359032152
Converged?  0.00011520858886723263  >  0.0001   ----   4.032003926113248e-05  >  1.0000000000000002e-06   ----  iteration 5
calc_dirac_mu 323.99918382387864 18616.1606135638 137.035999139
Error 5.923480054778522e-05
Delta E 1.0556996130617335e-05
Energy -162.70444646021133
Converged?  5.923480054778522e-05  >  0.0001   ----   1.0556996130617335e-05  >  1.0000000000000002e-06   ----  iteration 6
calc_dirac_mu 323.99918910683573 18616.160610899235 137.035999139
Error 3.026671528668025e-05
Delta E 2.6645648176781833e-06
Energy -162.70444912477615
Converged?  3.026671528668025e-05  >  0.0001   ----   2.6645648176781833e-06  >  1.0000000000000002e-06   ----  iteration 7
calc_dirac_mu 323.99919202782394 18616.160609425977 137.035999139
Error 1.5401119097356445e-05
Delta E 1.4732577255927026e-06
Energy -162.70445059803387
Converged?  1.5401119097356445e-05  >  0.0001   ----   1.4732577255927026e-06  >  1.0000000000000002e-06   ----  iteration 8
calc_dirac_mu 323.999192383204 18616.160609246734 137.035999139
Error 7.813940735810468e-06
Delta E 1.792432158254087e-07
Energy -162.7044507772771
Converged?  7.813940735810468e-06  >  0.0001   ----   1.792432158254087e-07  >  1.0000000000000002e-06   ----  iteration 9
calc_dirac_mu 323.9991924797135 18616.160609198058 137.035999139
Error 3.956863036628863e-06
Delta E 4.867615643888712e-08
Energy -162.70445082595324
Converged?  3.956863036628863e-06  >  0.0001   ----   4.867615643888712e-08  >  1.0000000000000002e-06   ----  iteration 10
Classic-like energies: cke = 167.71703999125657, cpe = -329.62413664367915, cke + cpe = -161.90709665242258
Exact Energy = -162.70485811494655
Dirac Energy = -162.70445083971208
Kutze Energy = -162.6111430299049
Error Kutze  = 0.09371508504045778
Error Dirac  = 0.0004072752344654873
Delta Energy = -1.3758835848420858e-08
Dirac - Kutzelnigg = -0.09330780980599229

PARAMETERS:
molecule    = [['Ar', 18, 0.0, 0.0, 0.0, 54, 54]]
D2          = False
prec        = 5
derivative  = ABGV
box         = 1

-------------------------------
Ar 1 0 5 ABGV 1
-------------------------------
Now executing: python test.py Input_Making/input__Ar105BS.txt
Input file: Input_Making/input__Ar105BS.txt
Output file: outputs/output__Ar105BS.txt
light_speed = 137.03599913900001  # default 137.03599913900001
derivative = "BS"         # possible values: PH, ABGV, BS
order = 8
box = 1
prec = 1.0e-5                 # precision threshold for the MRA operations
thr  = 1.0e-4                  # error threshold for SCF convergence

readPotential    = False         # bool
computePotential = True         # bool 
savePotential    = False         # bool
potential = "fermi_dirac"       # possible values: point_charge coulomb_HFYGB homogeneus_charge_sphere gaussian

readOrbitals     = False         # bool
saveOrbitals     = False         # bool
saveGuess        = False

scf              = True
ktrs             = False
D2               = False         # bool
two_electrons    = False         # bool

runGaunt         = False
runGaugeA        = False
runGaugeB        = False
runGaugeC        = False
runGaugeD        = False
runGaugeDelta    = False

molecule = [ ["Ar", 18, 0.0, 0.0, 0.0, 54, 54] ]

# With the paramenters I got from Robert, the error is (1) higher than
#  what he gets and (2) dominated by the width of the Gaussian
# I get a much better agreement with the ideal value IF the Gaussian
#  size is reduced by one order of magnitude 3e4->3e5 for Ar
# It seems the position of the nucleus is also important: I get bad
#  results from D2 if I move the nucleus
# Higher prec with off centered nucleus is too demanding for my laptop

**************************************
18 [0.0, 0.0, 0.0]
Fermi Dirac potential
Using Half Charge Radius for Ar: 6.8888709658e-05
Integral of the Fermi-Dirac distribution via cartesian 3D integration: 1.6484584648456482
The normalization constant is: 10.919292407943935
Integral of the Fermi-Dirac distribution via 3D integration: 18.000000000001094
3D density

*FunctionTree: nn
  genNodes: 0
  square norm: 1.21385e+14
  root scale: 0
  order: 8
  nodes: 776
  endNodes: 680
  nodes per scale: 
    scale=0  nodes=8
    scale=1  nodes=64
    scale=2  nodes=64
    scale=3  nodes=64
    scale=4  nodes=64
    scale=5  nodes=64
    scale=6  nodes=64
    scale=7  nodes=64
    scale=8  nodes=64
    scale=9  nodes=64
    scale=10  nodes=64
    scale=11  nodes=64
    scale=12  nodes=64

3D potential

*FunctionTree: nn
  genNodes: 0
  square norm: 4972.66
  root scale: 0
  order: 8
  nodes: 904
  endNodes: 792
  nodes per scale: 
    scale=0  nodes=8
    scale=1  nodes=64
    scale=2  nodes=64
    scale=3  nodes=64
    scale=4  nodes=64
    scale=5  nodes=64
    scale=6  nodes=64
    scale=7  nodes=64
    scale=8  nodes=64
    scale=9  nodes=64
    scale=10  nodes=64
    scale=11  nodes=64
    scale=12  nodes=64
    scale=13  nodes=64
    scale=14  nodes=64

Potential

*FunctionTree: nn
  genNodes: 0
  square norm: 4972.66
  root scale: 0
  order: 8
  nodes: 904
  endNodes: 792
  nodes per scale: 
    scale=0  nodes=8
    scale=1  nodes=64
    scale=2  nodes=64
    scale=3  nodes=64
    scale=4  nodes=64
    scale=5  nodes=64
    scale=6  nodes=64
    scale=7  nodes=64
    scale=8  nodes=64
    scale=9  nodes=64
    scale=10  nodes=64
    scale=11  nodes=64
    scale=12  nodes=64
    scale=13  nodes=64
    scale=14  nodes=64

Number of Atoms =  1
[['Ar', 18, 0.0, 0.0, 0.0, 54, 54]]
Using derivative  BS
One-electron calculations 1e-05
calc_dirac_mu 324.04903995219985 18616.135467612443 137.035999139
Error 0.0025074565291138586
Delta E 18616.135467612443
Energy -162.72959241156786
Converged?  0.0025074565291138586  >  0.0001   ----   18616.135467612443  >  1.0000000000000002e-06   ----  iteration 0
calc_dirac_mu 323.9974182427617 18616.16150406989 137.035999139
Error 0.0014091518855419544
Delta E 0.02603645744602545
Energy -162.70355595412184
Converged?  0.0014091518855419544  >  0.0001   ----   0.02603645744602545  >  1.0000000000000002e-06   ----  iteration 1
calc_dirac_mu 324.00255269486127 18616.158914406336 137.035999139
Error 0.0007767609645684125
Delta E 0.0025896635524986777
Energy -162.70614561767434
Converged?  0.0007767609645684125  >  0.0001   ----   0.0025896635524986777  >  1.0000000000000002e-06   ----  iteration 2
calc_dirac_mu 324.0038733898164 18616.15824828738 137.035999139
Error 0.00041699656013231037
Delta E 0.0006661189581791405
Energy -162.70681173663252
Converged?  0.00041699656013231037  >  0.0001   ----   0.0006661189581791405  >  1.0000000000000002e-06   ----  iteration 3
calc_dirac_mu 324.00420377421386 18616.158081651385 137.035999139
Error 0.00021938017942569864
Delta E 0.00016663599308230914
Energy -162.7069783726256
Converged?  0.00021938017942569864  >  0.0001   ----   0.00016663599308230914  >  1.0000000000000002e-06   ----  iteration 4
calc_dirac_mu 324.00428966730476 18616.158038329482 137.035999139
Error 0.00011385724073038821
Delta E 4.332190292188898e-05
Energy -162.70702169452852
Converged?  0.00011385724073038821  >  0.0001   ----   4.332190292188898e-05  >  1.0000000000000002e-06   ----  iteration 5
calc_dirac_mu 324.0043130423392 18616.158026539815 137.035999139
Error 5.854820685901893e-05
Delta E 1.1789667041739449e-05
Energy -162.70703348419556
Converged?  5.854820685901893e-05  >  0.0001   ----   1.1789667041739449e-05  >  1.0000000000000002e-06   ----  iteration 6
calc_dirac_mu 324.0043197801184 18616.15802314148 137.035999139
Error 2.9919016124886734e-05
Delta E 3.3983342291321605e-06
Energy -162.7070368825298
Converged?  2.9919016124886734e-05  >  0.0001   ----   3.3983342291321605e-06  >  1.0000000000000002e-06   ----  iteration 7
calc_dirac_mu 324.0043219050159 18616.158022069747 137.035999139
Error 1.5224341220093036e-05
Delta E 1.0717340046539903e-06
Energy -162.7070379542638
Converged?  1.5224341220093036e-05  >  0.0001   ----   1.0717340046539903e-06  >  1.0000000000000002e-06   ----  iteration 8
calc_dirac_mu 324.00432264346625 18616.158021697294 137.035999139
Error 7.724713469992765e-06
Delta E 3.724526322912425e-07
Energy -162.70703832671643
Converged?  7.724713469992765e-06  >  0.0001   ----   3.724526322912425e-07  >  1.0000000000000002e-06   ----  iteration 9
calc_dirac_mu 324.00432293163624 18616.15802155195 137.035999139
Error 3.911859770116807e-06
Delta E 1.4534452930092812e-07
Energy -162.70703847206096
Converged?  3.911859770116807e-06  >  0.0001   ----   1.4534452930092812e-07  >  1.0000000000000002e-06   ----  iteration 10
calc_dirac_mu 324.0043230554456 18616.158021489504 137.035999139
Error 1.9783519146725368e-06
Delta E 6.244590622372925e-08
Energy -162.70703853450686
Converged?  1.9783519146725368e-06  >  0.0001   ----   6.244590622372925e-08  >  1.0000000000000002e-06   ----  iteration 11
Classic-like energies: cke = 167.66372819459502, cpe = -329.6022072802803, cke + cpe = -161.9384790856853
Exact Energy = -162.70485811494655
Dirac Energy = -162.7070385631814
Kutze Energy = -162.64279961254363
Error Kutze  = 0.062058502404397586
Error Dirac  = -0.0021804482348670717
Delta Energy = -2.867454895749688e-08
Dirac - Kutzelnigg = -0.06423895063926466

PARAMETERS:
molecule    = [['Ar', 18, 0.0, 0.0, 0.0, 54, 54]]
D2          = False
prec        = 5
derivative  = BS
box         = 1

-------------------------------
Ar 1 0 5 BS 1
-------------------------------
Now executing: python test.py Input_Making/input__Ar105PH.txt
Input file: Input_Making/input__Ar105PH.txt
Output file: outputs/output__Ar105PH.txt
light_speed = 137.03599913900001  # default 137.03599913900001
derivative = "PH"         # possible values: PH, ABGV, BS
order = 8
box = 1
prec = 1.0e-5                 # precision threshold for the MRA operations
thr  = 1.0e-4                  # error threshold for SCF convergence

readPotential    = False         # bool
computePotential = True         # bool 
savePotential    = False         # bool
potential = "fermi_dirac"       # possible values: point_charge coulomb_HFYGB homogeneus_charge_sphere gaussian

readOrbitals     = False         # bool
saveOrbitals     = False         # bool
saveGuess        = False

scf              = True
ktrs             = False
D2               = False         # bool
two_electrons    = False         # bool

runGaunt         = False
runGaugeA        = False
runGaugeB        = False
runGaugeC        = False
runGaugeD        = False
runGaugeDelta    = False

molecule = [ ["Ar", 18, 0.0, 0.0, 0.0, 54, 54] ]

# With the paramenters I got from Robert, the error is (1) higher than
#  what he gets and (2) dominated by the width of the Gaussian
# I get a much better agreement with the ideal value IF the Gaussian
#  size is reduced by one order of magnitude 3e4->3e5 for Ar
# It seems the position of the nucleus is also important: I get bad
#  results from D2 if I move the nucleus
# Higher prec with off centered nucleus is too demanding for my laptop

**************************************
18 [0.0, 0.0, 0.0]
Fermi Dirac potential
Using Half Charge Radius for Ar: 6.8888709658e-05
Integral of the Fermi-Dirac distribution via cartesian 3D integration: 1.6484584648456482
The normalization constant is: 10.919292407943935
Integral of the Fermi-Dirac distribution via 3D integration: 18.000000000001094
3D density

*FunctionTree: nn
  genNodes: 0
  square norm: 1.21385e+14
  root scale: 0
  order: 8
  nodes: 776
  endNodes: 680
  nodes per scale: 
    scale=0  nodes=8
    scale=1  nodes=64
    scale=2  nodes=64
    scale=3  nodes=64
    scale=4  nodes=64
    scale=5  nodes=64
    scale=6  nodes=64
    scale=7  nodes=64
    scale=8  nodes=64
    scale=9  nodes=64
    scale=10  nodes=64
    scale=11  nodes=64
    scale=12  nodes=64

3D potential

*FunctionTree: nn
  genNodes: 0
  square norm: 4972.66
  root scale: 0
  order: 8
  nodes: 904
  endNodes: 792
  nodes per scale: 
    scale=0  nodes=8
    scale=1  nodes=64
    scale=2  nodes=64
    scale=3  nodes=64
    scale=4  nodes=64
    scale=5  nodes=64
    scale=6  nodes=64
    scale=7  nodes=64
    scale=8  nodes=64
    scale=9  nodes=64
    scale=10  nodes=64
    scale=11  nodes=64
    scale=12  nodes=64
    scale=13  nodes=64
    scale=14  nodes=64

Potential

*FunctionTree: nn
  genNodes: 0
  square norm: 4972.66
  root scale: 0
  order: 8
  nodes: 904
  endNodes: 792
  nodes per scale: 
    scale=0  nodes=8
    scale=1  nodes=64
    scale=2  nodes=64
    scale=3  nodes=64
    scale=4  nodes=64
    scale=5  nodes=64
    scale=6  nodes=64
    scale=7  nodes=64
    scale=8  nodes=64
    scale=9  nodes=64
    scale=10  nodes=64
    scale=11  nodes=64
    scale=12  nodes=64
    scale=13  nodes=64
    scale=14  nodes=64

Number of Atoms =  1
[['Ar', 18, 0.0, 0.0, 0.0, 54, 54]]
Using derivative  PH
One-electron calculations 1e-05
calc_dirac_mu 324.01180558622957 18616.154247524704 137.035999139
Error 0.0024849572635362695
Delta E 18616.154247524704
Energy -162.71081249930648
Converged?  0.0024849572635362695  >  0.0001   ----   18616.154247524704  >  1.0000000000000002e-06   ----  iteration 0
calc_dirac_mu 323.97682514424184 18616.171890607155 137.035999139
Error 0.0014077577603488023
Delta E 0.017643082450376824
Energy -162.6931694168561
Converged?  0.0014077577603488023  >  0.0001   ----   0.017643082450376824  >  1.0000000000000002e-06   ----  iteration 1
calc_dirac_mu 323.98175026246776 18616.16940652672 137.035999139
Error 0.000776080434812422
Delta E 0.002484080436261138
Energy -162.69565349729237
Converged?  0.000776080434812422  >  0.0001   ----   0.002484080436261138  >  1.0000000000000002e-06   ----  iteration 2
calc_dirac_mu 323.982947942947 18616.168802452918 137.035999139
Error 0.00041660880229424493
Delta E 0.000604073800786864
Energy -162.69625757109316
Converged?  0.00041660880229424493  >  0.0001   ----   0.000604073800786864  >  1.0000000000000002e-06   ----  iteration 3
calc_dirac_mu 323.983215632682 18616.16866743831 137.035999139
Error 0.00021915866105581675
Delta E 0.00013501460853149183
Energy -162.6963925857017
Converged?  0.00021915866105581675  >  0.0001   ----   0.00013501460853149183  >  1.0000000000000002e-06   ----  iteration 4
calc_dirac_mu 323.98327589057965 18616.16863704605 137.035999139
Error 0.00011373443260924395
Delta E 3.0392260669032112e-05
Energy -162.69642297796236
Converged?  0.00011373443260924395  >  0.0001   ----   3.0392260669032112e-05  >  1.0000000000000002e-06   ----  iteration 5
calc_dirac_mu 323.98328738107864 18616.168631250588 137.035999139
Error 5.848062697288363e-05
Delta E 5.795460310764611e-06
Energy -162.69642877342267
Converged?  5.848062697288363e-05  >  0.0001   ----   5.795460310764611e-06  >  1.0000000000000002e-06   ----  iteration 6
calc_dirac_mu 323.9832885217672 18616.16863067526 137.035999139
Error 2.988206420836172e-05
Delta E 5.753281584475189e-07
Energy -162.69642934875083
Converged?  2.988206420836172e-05  >  0.0001   ----   5.753281584475189e-07  >  1.0000000000000002e-06   ----  iteration 7
calc_dirac_mu 323.9832879388093 18616.168630969285 137.035999139
Error 1.520422410842003e-05
Delta E 2.9402508516795933e-07
Energy -162.69642905472574
Converged?  1.520422410842003e-05  >  0.0001   ----   2.9402508516795933e-07  >  1.0000000000000002e-06   ----  iteration 8
calc_dirac_mu 323.98328734299344 18616.168631269797 137.035999139
Error 7.713801835378756e-06
Delta E 3.0051160138100386e-07
Energy -162.69642875421414
Converged?  7.713801835378756e-06  >  0.0001   ----   3.0051160138100386e-07  >  1.0000000000000002e-06   ----  iteration 9
calc_dirac_mu 323.9832869691406 18616.168631458357 137.035999139
Error 3.9059631471648764e-06
Delta E 1.8856007955037057e-07
Energy -162.69642856565406
Converged?  3.9059631471648764e-06  >  0.0001   ----   1.8856007955037057e-07  >  1.0000000000000002e-06   ----  iteration 10
calc_dirac_mu 323.98328676243517 18616.168631562614 137.035999139
Error 1.975176704746565e-06
Delta E 1.0425719665363431e-07
Energy -162.69642846139686
Converged?  1.975176704746565e-06  >  0.0001   ----   1.0425719665363431e-07  >  1.0000000000000002e-06   ----  iteration 11
calc_dirac_mu 323.9832866537279 18616.168631617442 137.035999139
Error 9.979802560720098e-07
Delta E 5.4827978601679206e-08
Energy -162.69642840656888
Converged?  9.979802560720098e-07  >  0.0001   ----   5.4827978601679206e-08  >  1.0000000000000002e-06   ----  iteration 12
Classic-like energies: cke = 167.61849585476236, cpe = -329.62236450882926, cke + cpe = -162.0038686540669
Exact Energy = -162.70485811494655
Dirac Energy = -162.69642837838182
Kutze Energy = -162.70876058138256
Error Kutze  = -0.003902466436557006
Error Dirac  = 0.00842973656472168
Delta Energy = 2.8187059797346592e-08
Dirac - Kutzelnigg = 0.012332203001278685

PARAMETERS:
molecule    = [['Ar', 18, 0.0, 0.0, 0.0, 54, 54]]
D2          = False
prec        = 5
derivative  = PH
box         = 1

-------------------------------
Ar 1 0 5 PH 1
-------------------------------
Now executing: python test.py Input_Making/input__Ar106ABGV.txt
Input file: Input_Making/input__Ar106ABGV.txt
Output file: outputs/output__Ar106ABGV.txt
light_speed = 137.03599913900001  # default 137.03599913900001
derivative = "ABGV"         # possible values: PH, ABGV, BS
order = 9
box = 1
prec = 1.0e-6                 # precision threshold for the MRA operations
thr  = 1.0e-5                  # error threshold for SCF convergence

readPotential    = False         # bool
computePotential = True         # bool 
savePotential    = False         # bool
potential = "fermi_dirac"       # possible values: point_charge coulomb_HFYGB homogeneus_charge_sphere gaussian

readOrbitals     = False         # bool
saveOrbitals     = False         # bool
saveGuess        = False

scf              = True
ktrs             = False
D2               = False         # bool
two_electrons    = False         # bool

runGaunt         = False
runGaugeA        = False
runGaugeB        = False
runGaugeC        = False
runGaugeD        = False
runGaugeDelta    = False

molecule = [ ["Ar", 18, 0.0, 0.0, 0.0, 54, 54] ]

# With the paramenters I got from Robert, the error is (1) higher than
#  what he gets and (2) dominated by the width of the Gaussian
# I get a much better agreement with the ideal value IF the Gaussian
#  size is reduced by one order of magnitude 3e4->3e5 for Ar
# It seems the position of the nucleus is also important: I get bad
#  results from D2 if I move the nucleus
# Higher prec with off centered nucleus is too demanding for my laptop

**************************************
18 [0.0, 0.0, 0.0]
Fermi Dirac potential
Using Half Charge Radius for Ar: 6.8888709658e-05
Integral of the Fermi-Dirac distribution via cartesian 3D integration: 1.648367912101698
The normalization constant is: 10.919892256971735
Integral of the Fermi-Dirac distribution via 3D integration: 17.999999999999922
3D density

*FunctionTree: nn
  genNodes: 0
  square norm: 1.21406e+14
  root scale: 0
  order: 9
  nodes: 840
  endNodes: 736
  nodes per scale: 
    scale=0  nodes=8
    scale=1  nodes=64
    scale=2  nodes=64
    scale=3  nodes=64
    scale=4  nodes=64
    scale=5  nodes=64
    scale=6  nodes=64
    scale=7  nodes=64
    scale=8  nodes=64
    scale=9  nodes=64
    scale=10  nodes=64
    scale=11  nodes=64
    scale=12  nodes=64
    scale=13  nodes=64

3D potential

*FunctionTree: nn
  genNodes: 0
  square norm: 4972.66
  root scale: 0
  order: 9
  nodes: 904
  endNodes: 792
  nodes per scale: 
    scale=0  nodes=8
    scale=1  nodes=64
    scale=2  nodes=64
    scale=3  nodes=64
    scale=4  nodes=64
    scale=5  nodes=64
    scale=6  nodes=64
    scale=7  nodes=64
    scale=8  nodes=64
    scale=9  nodes=64
    scale=10  nodes=64
    scale=11  nodes=64
    scale=12  nodes=64
    scale=13  nodes=64
    scale=14  nodes=64

Potential

*FunctionTree: nn
  genNodes: 0
  square norm: 4972.66
  root scale: 0
  order: 9
  nodes: 904
  endNodes: 792
  nodes per scale: 
    scale=0  nodes=8
    scale=1  nodes=64
    scale=2  nodes=64
    scale=3  nodes=64
    scale=4  nodes=64
    scale=5  nodes=64
    scale=6  nodes=64
    scale=7  nodes=64
    scale=8  nodes=64
    scale=9  nodes=64
    scale=10  nodes=64
    scale=11  nodes=64
    scale=12  nodes=64
    scale=13  nodes=64
    scale=14  nodes=64

Number of Atoms =  1
[['Ar', 18, 0.0, 0.0, 0.0, 54, 54]]
Using derivative  ABGV
One-electron calculations 1e-06
calc_dirac_mu 323.9814221580699 18616.169572012648 137.035999139
Error 0.0024662384427277793
Delta E 18616.169572012648
Energy -162.6954880113626
Converged?  0.0024662384427277793  >  9.999999999999999e-06   ----   18616.169572012648  >  1e-07   ----  iteration 0
calc_dirac_mu 323.99040925068755 18616.165039194566 137.035999139
Error 0.0014255870466792476
Delta E 0.004532818082225276
Energy -162.70002082944484
Converged?  0.0014255870466792476  >  9.999999999999999e-06   ----   0.004532818082225276  >  1e-07   ----  iteration 1
calc_dirac_mu 323.99600352379207 18616.162217611618 137.035999139
Error 0.0007860878764071991
Delta E 0.0028215829479449894
Energy -162.70284241239278
Converged?  0.0007860878764071991  >  9.999999999999999e-06   ----   0.0028215829479449894  >  1e-07   ----  iteration 2
calc_dirac_mu 323.99728327376295 18616.161572144196 137.035999139
Error 0.0004218619023549101
Delta E 0.0006454674221458845
Energy -162.70348787981493
Converged?  0.0004218619023549101  >  9.999999999999999e-06   ----   0.0006454674221458845  >  1e-07   ----  iteration 3
calc_dirac_mu 323.99759813882 18616.16141333572 137.035999139
Error 0.0002218856569553665
Delta E 0.00015880847422522493
Energy -162.70364668828915
Converged?  0.0002218856569553665  >  9.999999999999999e-06   ----   0.00015880847422522493  >  1e-07   ----  iteration 4
calc_dirac_mu 323.997675355848 18616.161374389772 137.035999139
Error 0.00011513583274346517
Delta E 3.894594919984229e-05
Energy -162.70368563423835
Converged?  0.00011513583274346517  >  9.999999999999999e-06   ----   3.894594919984229e-05  >  1e-07   ----  iteration 5
calc_dirac_mu 323.99769450152814 18616.161364733267 137.035999139
Error 5.919749794717448e-05
Delta E 9.65650542639196e-06
Energy -162.70369529074378
Converged?  5.919749794717448e-05  >  9.999999999999999e-06   ----   9.65650542639196e-06  >  1e-07   ----  iteration 6
calc_dirac_mu 323.9976999719116 18616.16136197417 137.035999139
Error 3.0248266018062364e-05
Delta E 2.7590976969804615e-06
Energy -162.70369804984148
Converged?  3.0248266018062364e-05  >  9.999999999999999e-06   ----   2.7590976969804615e-06  >  1e-07   ----  iteration 7
calc_dirac_mu 323.99770106757654 18616.16136142155 137.035999139
Error 1.5390683972974243e-05
Delta E 5.526198947336525e-07
Energy -162.70369860246137
Converged?  1.5390683972974243e-05  >  9.999999999999999e-06   ----   5.526198947336525e-07  >  1e-07   ----  iteration 8
calc_dirac_mu 323.9977043895651 18616.16135974604 137.035999139
Error 7.810720796134159e-06
Delta E 1.6755111573729664e-06
Energy -162.70370027797253
Converged?  7.810720796134159e-06  >  9.999999999999999e-06   ----   1.6755111573729664e-06  >  1e-07   ----  iteration 9
calc_dirac_mu 323.9977044087743 18616.16135973635 137.035999139
Error 3.955200275182126e-06
Delta E 9.687937563285232e-09
Energy -162.70370028766047
Converged?  3.955200275182126e-06  >  9.999999999999999e-06   ----   9.687937563285232e-09  >  1e-07   ----  iteration 10
Classic-like energies: cke = 167.72695351766714, cpe = -329.7278002719686, cke + cpe = -162.00084675430145
Exact Energy = -162.70485811494655
Dirac Energy = -162.70370028650723
Kutze Energy = -162.70571226988588
Error Kutze  = -0.000854154939588625
Error Dirac  = 0.0011578284393181093
Delta Energy = 1.153239281848073e-09
Dirac - Kutzelnigg = 0.0020119833789067343

PARAMETERS:
molecule    = [['Ar', 18, 0.0, 0.0, 0.0, 54, 54]]
D2          = False
prec        = 6
derivative  = ABGV
box         = 1

-------------------------------
Ar 1 0 6 ABGV 1
-------------------------------
Now executing: python test.py Input_Making/input__Ar106BS.txt
Input file: Input_Making/input__Ar106BS.txt
Output file: outputs/output__Ar106BS.txt
light_speed = 137.03599913900001  # default 137.03599913900001
derivative = "BS"         # possible values: PH, ABGV, BS
order = 9
box = 1
prec = 1.0e-6                 # precision threshold for the MRA operations
thr  = 1.0e-5                  # error threshold for SCF convergence

readPotential    = False         # bool
computePotential = True         # bool 
savePotential    = False         # bool
potential = "fermi_dirac"       # possible values: point_charge coulomb_HFYGB homogeneus_charge_sphere gaussian

readOrbitals     = False         # bool
saveOrbitals     = False         # bool
saveGuess        = False

scf              = True
ktrs             = False
D2               = False         # bool
two_electrons    = False         # bool

runGaunt         = False
runGaugeA        = False
runGaugeB        = False
runGaugeC        = False
runGaugeD        = False
runGaugeDelta    = False

molecule = [ ["Ar", 18, 0.0, 0.0, 0.0, 54, 54] ]

# With the paramenters I got from Robert, the error is (1) higher than
#  what he gets and (2) dominated by the width of the Gaussian
# I get a much better agreement with the ideal value IF the Gaussian
#  size is reduced by one order of magnitude 3e4->3e5 for Ar
# It seems the position of the nucleus is also important: I get bad
#  results from D2 if I move the nucleus
# Higher prec with off centered nucleus is too demanding for my laptop

**************************************
18 [0.0, 0.0, 0.0]
Fermi Dirac potential
Using Half Charge Radius for Ar: 6.8888709658e-05
Integral of the Fermi-Dirac distribution via cartesian 3D integration: 1.648367912101698
The normalization constant is: 10.919892256971735
Integral of the Fermi-Dirac distribution via 3D integration: 17.999999999999922
3D density

*FunctionTree: nn
  genNodes: 0
  square norm: 1.21406e+14
  root scale: 0
  order: 9
  nodes: 840
  endNodes: 736
  nodes per scale: 
    scale=0  nodes=8
    scale=1  nodes=64
    scale=2  nodes=64
    scale=3  nodes=64
    scale=4  nodes=64
    scale=5  nodes=64
    scale=6  nodes=64
    scale=7  nodes=64
    scale=8  nodes=64
    scale=9  nodes=64
    scale=10  nodes=64
    scale=11  nodes=64
    scale=12  nodes=64
    scale=13  nodes=64

3D potential

*FunctionTree: nn
  genNodes: 0
  square norm: 4972.66
  root scale: 0
  order: 9
  nodes: 904
  endNodes: 792
  nodes per scale: 
    scale=0  nodes=8
    scale=1  nodes=64
    scale=2  nodes=64
    scale=3  nodes=64
    scale=4  nodes=64
    scale=5  nodes=64
    scale=6  nodes=64
    scale=7  nodes=64
    scale=8  nodes=64
    scale=9  nodes=64
    scale=10  nodes=64
    scale=11  nodes=64
    scale=12  nodes=64
    scale=13  nodes=64
    scale=14  nodes=64

Potential

*FunctionTree: nn
  genNodes: 0
  square norm: 4972.66
  root scale: 0
  order: 9
  nodes: 904
  endNodes: 792
  nodes per scale: 
    scale=0  nodes=8
    scale=1  nodes=64
    scale=2  nodes=64
    scale=3  nodes=64
    scale=4  nodes=64
    scale=5  nodes=64
    scale=6  nodes=64
    scale=7  nodes=64
    scale=8  nodes=64
    scale=9  nodes=64
    scale=10  nodes=64
    scale=11  nodes=64
    scale=12  nodes=64
    scale=13  nodes=64
    scale=14  nodes=64

Number of Atoms =  1
[['Ar', 18, 0.0, 0.0, 0.0, 54, 54]]
Using derivative  BS
One-electron calculations 1e-06
calc_dirac_mu 323.9823389658314 18616.169109602553 137.035999139
Error 0.0024667735872578945
Delta E 18616.169109602553
Energy -162.69595042145738
Converged?  0.0024667735872578945  >  9.999999999999999e-06   ----   18616.169109602553  >  1e-07   ----  iteration 0
calc_dirac_mu 323.9919495560956 18616.16426231093 137.035999139
Error 0.0014262631285841068
Delta E 0.004847291624173522
Energy -162.70079771308156
Converged?  0.0014262631285841068  >  9.999999999999999e-06   ----   0.004847291624173522  >  1e-07   ----  iteration 1
calc_dirac_mu 323.9976511997169 18616.1613865734 137.035999139
Error 0.0007864933698671858
Delta E 0.0028757375293935183
Energy -162.70367345061095
Converged?  0.0007864933698671858  >  9.999999999999999e-06   ----   0.0028757375293935183  >  1e-07   ----  iteration 2
calc_dirac_mu 323.9989607341768 18616.160726083548 137.035999139
Error 0.0004220840088399808
Delta E 0.0006604898517252877
Energy -162.70433394046267
Converged?  0.0004220840088399808  >  9.999999999999999e-06   ----   0.0006604898517252877  >  1e-07   ----  iteration 3
calc_dirac_mu 323.99927934073054 18616.160565387967 137.035999139
Error 0.00022199862583110002
Delta E 0.00016069558114395477
Energy -162.70449463604382
Converged?  0.00022199862583110002  >  9.999999999999999e-06   ----   0.00016069558114395477  >  1e-07   ----  iteration 4
calc_dirac_mu 323.99935900311544 18616.160525208652 137.035999139
Error 0.00011519371699030226
Delta E 4.017931496491656e-05
Energy -162.70453481535878
Converged?  0.00011519371699030226  >  9.999999999999999e-06   ----   4.017931496491656e-05  >  1e-07   ----  iteration 5
calc_dirac_mu 323.99937915774296 18616.160515043262 137.035999139
Error 5.922706410809999e-05
Delta E 1.0165389539906755e-05
Energy -162.70454498074832
Converged?  5.922706410809999e-05  >  9.999999999999999e-06   ----   1.0165389539906755e-05  >  1e-07   ----  iteration 6
calc_dirac_mu 323.9993843115393 18616.160512443843 137.035999139
Error 3.026284606851383e-05
Delta E 2.599419531179592e-06
Energy -162.70454758016785
Converged?  3.026284606851383e-05  >  9.999999999999999e-06   ----   2.599419531179592e-06  >  1e-07   ----  iteration 7
calc_dirac_mu 323.9993856305225 18616.160511778588 137.035999139
Error 1.539814701419349e-05
Delta E 6.65255356580019e-07
Energy -162.7045482454232
Converged?  1.539814701419349e-05  >  9.999999999999999e-06   ----   6.65255356580019e-07  >  1e-07   ----  iteration 8
calc_dirac_mu 323.9993859568761 18616.160511613984 137.035999139
Error 7.81245400095382e-06
Delta E 1.6460398910567164e-07
Energy -162.7045484100272
Converged?  7.81245400095382e-06  >  9.999999999999999e-06   ----   1.6460398910567164e-07  >  1e-07   ----  iteration 9
calc_dirac_mu 323.99938604535214 18616.16051156936 137.035999139
Error 3.956119726696755e-06
Delta E 4.462344804778695e-08
Energy -162.70454845465065
Converged?  3.956119726696755e-06  >  9.999999999999999e-06   ----   4.462344804778695e-08  >  1e-07   ----  iteration 10
calc_dirac_mu 323.9993860690526 18616.160511557406 137.035999139
Error 2.0006649405729924e-06
Delta E 1.1954398360103369e-08
Energy -162.70454846660505
Converged?  2.0006649405729924e-06  >  9.999999999999999e-06   ----   1.1954398360103369e-08  >  1e-07   ----  iteration 11
calc_dirac_mu 323.9993860756514 18616.160511554077 137.035999139
Error 1.0109293017520257e-06
Delta E 3.3287506084889174e-09
Energy -162.7045484699338
Converged?  1.0109293017520257e-06  >  9.999999999999999e-06   ----   3.3287506084889174e-09  >  1e-07   ----  iteration 12
Classic-like energies: cke = 167.71441892484754, cpe = -329.70996097810627, cke + cpe = -161.99554205325873
Exact Energy = -162.70485811494655
Dirac Energy = -162.70454847097426
Kutze Energy = -162.70036120638798
Error Kutze  = 0.004496908557484858
Error Dirac  = 0.0003096439722867217
Delta Energy = -1.04046193882823e-09
Dirac - Kutzelnigg = -0.004187264585198136

PARAMETERS:
molecule    = [['Ar', 18, 0.0, 0.0, 0.0, 54, 54]]
D2          = False
prec        = 6
derivative  = BS
box         = 1

-------------------------------
Ar 1 0 6 BS 1
-------------------------------
Now executing: python test.py Input_Making/input__Ar106PH.txt
Input file: Input_Making/input__Ar106PH.txt
Output file: outputs/output__Ar106PH.txt
light_speed = 137.03599913900001  # default 137.03599913900001
derivative = "PH"         # possible values: PH, ABGV, BS
order = 9
box = 1
prec = 1.0e-6                 # precision threshold for the MRA operations
thr  = 1.0e-5                  # error threshold for SCF convergence

readPotential    = False         # bool
computePotential = True         # bool 
savePotential    = False         # bool
potential = "fermi_dirac"       # possible values: point_charge coulomb_HFYGB homogeneus_charge_sphere gaussian

readOrbitals     = False         # bool
saveOrbitals     = False         # bool
saveGuess        = False

scf              = True
ktrs             = False
D2               = False         # bool
two_electrons    = False         # bool

runGaunt         = False
runGaugeA        = False
runGaugeB        = False
runGaugeC        = False
runGaugeD        = False
runGaugeDelta    = False

molecule = [ ["Ar", 18, 0.0, 0.0, 0.0, 54, 54] ]

# With the paramenters I got from Robert, the error is (1) higher than
#  what he gets and (2) dominated by the width of the Gaussian
# I get a much better agreement with the ideal value IF the Gaussian
#  size is reduced by one order of magnitude 3e4->3e5 for Ar
# It seems the position of the nucleus is also important: I get bad
#  results from D2 if I move the nucleus
# Higher prec with off centered nucleus is too demanding for my laptop

**************************************
18 [0.0, 0.0, 0.0]
Fermi Dirac potential
Using Half Charge Radius for Ar: 6.8888709658e-05
Integral of the Fermi-Dirac distribution via cartesian 3D integration: 1.648367912101698
The normalization constant is: 10.919892256971735
Integral of the Fermi-Dirac distribution via 3D integration: 17.999999999999922
3D density

*FunctionTree: nn
  genNodes: 0
  square norm: 1.21406e+14
  root scale: 0
  order: 9
  nodes: 840
  endNodes: 736
  nodes per scale: 
    scale=0  nodes=8
    scale=1  nodes=64
    scale=2  nodes=64
    scale=3  nodes=64
    scale=4  nodes=64
    scale=5  nodes=64
    scale=6  nodes=64
    scale=7  nodes=64
    scale=8  nodes=64
    scale=9  nodes=64
    scale=10  nodes=64
    scale=11  nodes=64
    scale=12  nodes=64
    scale=13  nodes=64

3D potential

*FunctionTree: nn
  genNodes: 0
  square norm: 4972.66
  root scale: 0
  order: 9
  nodes: 904
  endNodes: 792
  nodes per scale: 
    scale=0  nodes=8
    scale=1  nodes=64
    scale=2  nodes=64
    scale=3  nodes=64
    scale=4  nodes=64
    scale=5  nodes=64
    scale=6  nodes=64
    scale=7  nodes=64
    scale=8  nodes=64
    scale=9  nodes=64
    scale=10  nodes=64
    scale=11  nodes=64
    scale=12  nodes=64
    scale=13  nodes=64
    scale=14  nodes=64

Potential

*FunctionTree: nn
  genNodes: 0
  square norm: 4972.66
  root scale: 0
  order: 9
  nodes: 904
  endNodes: 792
  nodes per scale: 
    scale=0  nodes=8
    scale=1  nodes=64
    scale=2  nodes=64
    scale=3  nodes=64
    scale=4  nodes=64
    scale=5  nodes=64
    scale=6  nodes=64
    scale=7  nodes=64
    scale=8  nodes=64
    scale=9  nodes=64
    scale=10  nodes=64
    scale=11  nodes=64
    scale=12  nodes=64
    scale=13  nodes=64
    scale=14  nodes=64

Number of Atoms =  1
[['Ar', 18, 0.0, 0.0, 0.0, 54, 54]]
Using derivative  PH
One-electron calculations 1e-06
calc_dirac_mu 323.992258891745 18616.164106291344 137.035999139
Error 0.0024723319155880814
Delta E 18616.164106291344
Energy -162.70095373266668
Converged?  0.0024723319155880814  >  9.999999999999999e-06   ----   18616.164106291344  >  1e-07   ----  iteration 0
calc_dirac_mu 323.9965948305094 18616.161919374284 137.035999139
Error 0.0014260873916393736
Delta E 0.0021869170595891774
Energy -162.70314064972627
Converged?  0.0014260873916393736  >  9.999999999999999e-06   ----   0.0021869170595891774  >  1e-07   ----  iteration 1
calc_dirac_mu 324.00256792851377 18616.15890672294 137.035999139
Error 0.0007865907467886529
Delta E 0.0030126513447612524
Energy -162.70615330107103
Converged?  0.0007865907467886529  >  9.999999999999999e-06   ----   0.0030126513447612524  >  1e-07   ----  iteration 2
calc_dirac_mu 324.0038966787205 18616.158236541152 137.035999139
Error 0.0004221497004169156
Delta E 0.000670181787427282
Energy -162.70682348285845
Converged?  0.0004221497004169156  >  9.999999999999999e-06   ----   0.000670181787427282  >  1e-07   ----  iteration 3
calc_dirac_mu 324.00423234787786 18616.158067239685 137.035999139
Error 0.0002220447102071948
Delta E 0.0001693014673946891
Energy -162.70699278432585
Converged?  0.0002220447102071948  >  9.999999999999999e-06   ----   0.0001693014673946891  >  1e-07   ----  iteration 4
calc_dirac_mu 324.00432149664863 18616.158022275715 137.035999139
Error 0.00011522386618734706
Delta E 4.496397014008835e-05
Energy -162.707037748296
Converged?  0.00011522386618734706  >  9.999999999999999e-06   ----   4.496397014008835e-05  >  1e-07   ----  iteration 5
calc_dirac_mu 324.0043445853572 18616.15801063046 137.035999139
Error 5.924443239582868e-05
Delta E 1.1645253835013136e-05
Energy -162.70704939354982
Converged?  5.924443239582868e-05  >  9.999999999999999e-06   ----   1.1645253835013136e-05  >  1e-07   ----  iteration 6
calc_dirac_mu 324.0043510692808 18616.158007360165 137.035999139
Error 3.0272561447962948e-05
Delta E 3.2702955650165677e-06
Energy -162.7070526638454
Converged?  3.0272561447962948e-05  >  9.999999999999999e-06   ----   3.2702955650165677e-06  >  1e-07   ----  iteration 7
calc_dirac_mu 324.0043530382542 18616.158006367074 137.035999139
Error 1.5403499964800203e-05
Delta E 9.930918167810887e-07
Energy -162.7070536569372
Converged?  1.5403499964800203e-05  >  9.999999999999999e-06   ----   9.930918167810887e-07  >  1e-07   ----  iteration 8
calc_dirac_mu 324.00435369882024 18616.158006033904 137.035999139
Error 7.815383909012879e-06
Delta E 3.3316973713226616e-07
Energy -162.70705399010694
Converged?  7.815383909012879e-06  >  9.999999999999999e-06   ----   3.3316973713226616e-07  >  1e-07   ----  iteration 9
calc_dirac_mu 324.00435408182705 18616.158005840727 137.035999139
Error 3.957797135995529e-06
Delta E 1.9317667465656996e-07
Energy -162.70705418328362
Converged?  3.957797135995529e-06  >  9.999999999999999e-06   ----   1.9317667465656996e-07  >  1e-07   ----  iteration 10
calc_dirac_mu 324.0043541852083 18616.158005788584 137.035999139
Error 2.0015648063250697e-06
Delta E 5.214315024204552e-08
Energy -162.70705423542677
Converged?  2.0015648063250697e-06  >  9.999999999999999e-06   ----   5.214315024204552e-08  >  1e-07   ----  iteration 11
calc_dirac_mu 324.00435423176174 18616.158005765104 137.035999139
Error 1.0114101215501087e-06
Delta E 2.3479515220969915e-08
Energy -162.70705425890628
Converged?  1.0114101215501087e-06  >  9.999999999999999e-06   ----   2.3479515220969915e-08  >  1e-07   ----  iteration 12
calc_dirac_mu 324.00435425381806 18616.15800575398 137.035999139
Error 5.107730206869057e-07
Delta E 1.1124939192086458e-08
Energy -162.70705427003122
Converged?  5.107730206869057e-07  >  9.999999999999999e-06   ----   1.1124939192086458e-08  >  1e-07   ----  iteration 13
calc_dirac_mu 324.004354264413 18616.158005748635 137.035999139
Error 2.5784298641280496e-07
Delta E 5.344190867617726e-09
Energy -162.7070542753754
Converged?  2.5784298641280496e-07  >  9.999999999999999e-06   ----   5.344190867617726e-09  >  1e-07   ----  iteration 14
Classic-like energies: cke = 167.71357708472874, cpe = -329.71447986838274, cke + cpe = -162.000902783654
Exact Energy = -162.70485811494655
Dirac Energy = -162.70705427801659
Kutze Energy = -162.7057687889371
Error Kutze  = -0.0009106739889830351
Error Dirac  = -0.0021961630700388923
Delta Energy = -2.6411726139485836e-09
Dirac - Kutzelnigg = -0.0012854890810558572

PARAMETERS:
molecule    = [['Ar', 18, 0.0, 0.0, 0.0, 54, 54]]
D2          = False
prec        = 6
derivative  = PH
box         = 1

-------------------------------
Ar 1 0 6 PH 1
-------------------------------
Now executing: python test.py Input_Making/input__Ar107ABGV.txt
Input file: Input_Making/input__Ar107ABGV.txt
Output file: outputs/output__Ar107ABGV.txt
light_speed = 137.03599913900001  # default 137.03599913900001
derivative = "ABGV"         # possible values: PH, ABGV, BS
order = 10
box = 1
prec = 1.0e-7                 # precision threshold for the MRA operations
thr  = 1.0e-6                  # error threshold for SCF convergence

readPotential    = False         # bool
computePotential = True         # bool 
savePotential    = False         # bool
potential = "fermi_dirac"       # possible values: point_charge coulomb_HFYGB homogeneus_charge_sphere gaussian

readOrbitals     = False         # bool
saveOrbitals     = False         # bool
saveGuess        = False

scf              = True
ktrs             = False
D2               = False         # bool
two_electrons    = False         # bool

runGaunt         = False
runGaugeA        = False
runGaugeB        = False
runGaugeC        = False
runGaugeD        = False
runGaugeDelta    = False

molecule = [ ["Ar", 18, 0.0, 0.0, 0.0, 54, 54] ]

# With the paramenters I got from Robert, the error is (1) higher than
#  what he gets and (2) dominated by the width of the Gaussian
# I get a much better agreement with the ideal value IF the Gaussian
#  size is reduced by one order of magnitude 3e4->3e5 for Ar
# It seems the position of the nucleus is also important: I get bad
#  results from D2 if I move the nucleus
# Higher prec with off centered nucleus is too demanding for my laptop

**************************************
18 [0.0, 0.0, 0.0]
Fermi Dirac potential
Using Half Charge Radius for Ar: 6.8888709658e-05
Integral of the Fermi-Dirac distribution via cartesian 3D integration: 1.6483679126536153
The normalization constant is: 10.919892253315467
Integral of the Fermi-Dirac distribution via 3D integration: 18.00000000000289
3D density

*FunctionTree: nn
  genNodes: 0
  square norm: 1.21406e+14
  root scale: 0
  order: 10
  nodes: 904
  endNodes: 792
  nodes per scale: 
    scale=0  nodes=8
    scale=1  nodes=64
    scale=2  nodes=64
    scale=3  nodes=64
    scale=4  nodes=64
    scale=5  nodes=64
    scale=6  nodes=64
    scale=7  nodes=64
    scale=8  nodes=64
    scale=9  nodes=64
    scale=10  nodes=64
    scale=11  nodes=64
    scale=12  nodes=64
    scale=13  nodes=64
    scale=14  nodes=64

3D potential

*FunctionTree: nn
  genNodes: 0
  square norm: 4972.66
  root scale: 0
  order: 10
  nodes: 904
  endNodes: 792
  nodes per scale: 
    scale=0  nodes=8
    scale=1  nodes=64
    scale=2  nodes=64
    scale=3  nodes=64
    scale=4  nodes=64
    scale=5  nodes=64
    scale=6  nodes=64
    scale=7  nodes=64
    scale=8  nodes=64
    scale=9  nodes=64
    scale=10  nodes=64
    scale=11  nodes=64
    scale=12  nodes=64
    scale=13  nodes=64
    scale=14  nodes=64

Potential

*FunctionTree: nn
  genNodes: 0
  square norm: 4972.66
  root scale: 0
  order: 10
  nodes: 904
  endNodes: 792
  nodes per scale: 
    scale=0  nodes=8
    scale=1  nodes=64
    scale=2  nodes=64
    scale=3  nodes=64
    scale=4  nodes=64
    scale=5  nodes=64
    scale=6  nodes=64
    scale=7  nodes=64
    scale=8  nodes=64
    scale=9  nodes=64
    scale=10  nodes=64
    scale=11  nodes=64
    scale=12  nodes=64
    scale=13  nodes=64
    scale=14  nodes=64

Number of Atoms =  1
[['Ar', 18, 0.0, 0.0, 0.0, 54, 54]]
Using derivative  ABGV
One-electron calculations 1e-07
calc_dirac_mu 323.98137989585126 18616.16959332843 137.035999139
Error 0.0024662359321233427
Delta E 18616.16959332843
Energy -162.69546669557894
Converged?  0.0024662359321233427  >  1e-06   ----   18616.16959332843  >  1e-08   ----  iteration 0
calc_dirac_mu 323.9910973973631 18616.164692114122 137.035999139
Error 0.0014260450582466487
Delta E 0.0049012143099389505
Energy -162.70036790988888
Converged?  0.0014260450582466487  >  1e-06   ----   0.0049012143099389505  >  1e-08   ----  iteration 1
calc_dirac_mu 323.99680386712583 18616.161813942497 137.035999139
Error 0.0007864016210663217
Delta E 0.0028781716246157885
Energy -162.7032460815135
Converged?  0.0007864016210663217  >  1e-06   ----   0.0028781716246157885  >  1e-08   ----  iteration 2
calc_dirac_mu 323.9980961008506 18616.161162178632 137.035999139
Error 0.0004220307301682377
Delta E 0.0006517638648801949
Energy -162.70389784537838
Converged?  0.0004220307301682377  >  1e-06   ----   0.0006517638648801949  >  1e-08   ----  iteration 3
calc_dirac_mu 323.99841066072804 18616.161003524077 137.035999139
Error 0.00022197106332021483
Delta E 0.00015865455497987568
Energy -162.70405649993336
Converged?  0.00022197106332021483  >  1e-06   ----   0.00015865455497987568  >  1e-08   ----  iteration 4
calc_dirac_mu 323.998489096167 18616.160963963597 137.035999139
Error 0.00011517977518751967
Delta E 3.956048021791503e-05
Energy -162.70409606041358
Converged?  0.00011517977518751967  >  1e-06   ----   3.956048021791503e-05  >  1e-08   ----  iteration 5
calc_dirac_mu 323.9985087461177 18616.160954052753 137.035999139
Error 5.921999651672271e-05
Delta E 9.910843800753355e-06
Energy -162.70410597125738
Converged?  5.921999651672271e-05  >  1e-06   ----   9.910843800753355e-06  >  1e-08   ----  iteration 6
calc_dirac_mu 323.9985136449507 18616.16095158193 137.035999139
Error 3.0259222348447386e-05
Delta E 2.470824256306514e-06
Energy -162.70410844208163
Converged?  3.0259222348447386e-05  >  1e-06   ----   2.470824256306514e-06  >  1e-08   ----  iteration 7
calc_dirac_mu 323.99851484688213 18616.16095097571 137.035999139
Error 1.53962786335222e-05
Delta E 6.062182364985347e-07
Energy -162.70410904829987
Converged?  1.53962786335222e-05  >  1e-06   ----   6.062182364985347e-07  >  1e-08   ----  iteration 8
calc_dirac_mu 323.998515130399 18616.160950832713 137.035999139
Error 7.81149788401378e-06
Delta E 1.4299803297035396e-07
Energy -162.7041091912979
Converged?  7.81149788401378e-06  >  1e-06   ----   1.4299803297035396e-07  >  1e-08   ----  iteration 9
calc_dirac_mu 323.99851519212115 18616.160950801583 137.035999139
Error 3.955625339410424e-06
Delta E 3.113018465228379e-08
Energy -162.7041092224281
Converged?  3.955625339410424e-06  >  1e-06   ----   3.113018465228379e-08  >  1e-08   ----  iteration 10
calc_dirac_mu 323.99851520255737 18616.16095079632 137.035999139
Error 2.000409077383e-06
Delta E 5.264155333861709e-09
Energy -162.70410922769224
Converged?  2.000409077383e-06  >  1e-06   ----   5.264155333861709e-09  >  1e-08   ----  iteration 11
calc_dirac_mu 323.9985152024939 18616.16095079635 137.035999139
Error 1.0107967870664415e-06
Delta E 3.2741809263825417e-11
Energy -162.7041092276595
Converged?  1.0107967870664415e-06  >  1e-06   ----   3.2741809263825417e-11  >  1e-08   ----  iteration 12
calc_dirac_mu 323.99851520120205 18616.160950797002 137.035999139
Error 5.104483944495811e-07
Delta E 6.511982064694166e-10
Energy -162.7041092270083
Converged?  5.104483944495811e-07  >  1e-06   ----   6.511982064694166e-10  >  1e-08   ----  iteration 13
Classic-like energies: cke = 167.72841208857656, cpe = -329.73036035550354, cke + cpe = -162.00194826692697
Exact Energy = -162.70485811494655
Dirac Energy = -162.70410922644078
Kutze Energy = -162.70682340979425
Error Kutze  = -0.001965294846741017
Error Dirac  = 0.0007488885057682637
Delta Energy = 5.675246939063072e-10
Dirac - Kutzelnigg = 0.0027141833525092807

PARAMETERS:
molecule    = [['Ar', 18, 0.0, 0.0, 0.0, 54, 54]]
D2          = False
prec        = 7
derivative  = ABGV
box         = 1

-------------------------------
Ar 1 0 7 ABGV 1
-------------------------------
Now executing: python test.py Input_Making/input__Ar107BS.txt
Input file: Input_Making/input__Ar107BS.txt
Output file: outputs/output__Ar107BS.txt
light_speed = 137.03599913900001  # default 137.03599913900001
derivative = "BS"         # possible values: PH, ABGV, BS
order = 10
box = 1
prec = 1.0e-7                 # precision threshold for the MRA operations
thr  = 1.0e-6                  # error threshold for SCF convergence

readPotential    = False         # bool
computePotential = True         # bool 
savePotential    = False         # bool
potential = "fermi_dirac"       # possible values: point_charge coulomb_HFYGB homogeneus_charge_sphere gaussian

readOrbitals     = False         # bool
saveOrbitals     = False         # bool
saveGuess        = False

scf              = True
ktrs             = False
D2               = False         # bool
two_electrons    = False         # bool

runGaunt         = False
runGaugeA        = False
runGaugeB        = False
runGaugeC        = False
runGaugeD        = False
runGaugeDelta    = False

molecule = [ ["Ar", 18, 0.0, 0.0, 0.0, 54, 54] ]

# With the paramenters I got from Robert, the error is (1) higher than
#  what he gets and (2) dominated by the width of the Gaussian
# I get a much better agreement with the ideal value IF the Gaussian
#  size is reduced by one order of magnitude 3e4->3e5 for Ar
# It seems the position of the nucleus is also important: I get bad
#  results from D2 if I move the nucleus
# Higher prec with off centered nucleus is too demanding for my laptop

**************************************
18 [0.0, 0.0, 0.0]
Fermi Dirac potential
Using Half Charge Radius for Ar: 6.8888709658e-05
Integral of the Fermi-Dirac distribution via cartesian 3D integration: 1.6483679126536153
The normalization constant is: 10.919892253315467
Integral of the Fermi-Dirac distribution via 3D integration: 18.00000000000289
3D density

*FunctionTree: nn
  genNodes: 0
  square norm: 1.21406e+14
  root scale: 0
  order: 10
  nodes: 904
  endNodes: 792
  nodes per scale: 
    scale=0  nodes=8
    scale=1  nodes=64
    scale=2  nodes=64
    scale=3  nodes=64
    scale=4  nodes=64
    scale=5  nodes=64
    scale=6  nodes=64
    scale=7  nodes=64
    scale=8  nodes=64
    scale=9  nodes=64
    scale=10  nodes=64
    scale=11  nodes=64
    scale=12  nodes=64
    scale=13  nodes=64
    scale=14  nodes=64

3D potential

*FunctionTree: nn
  genNodes: 0
  square norm: 4972.66
  root scale: 0
  order: 10
  nodes: 904
  endNodes: 792
  nodes per scale: 
    scale=0  nodes=8
    scale=1  nodes=64
    scale=2  nodes=64
    scale=3  nodes=64
    scale=4  nodes=64
    scale=5  nodes=64
    scale=6  nodes=64
    scale=7  nodes=64
    scale=8  nodes=64
    scale=9  nodes=64
    scale=10  nodes=64
    scale=11  nodes=64
    scale=12  nodes=64
    scale=13  nodes=64
    scale=14  nodes=64

Potential

*FunctionTree: nn
  genNodes: 0
  square norm: 4972.66
  root scale: 0
  order: 10
  nodes: 904
  endNodes: 792
  nodes per scale: 
    scale=0  nodes=8
    scale=1  nodes=64
    scale=2  nodes=64
    scale=3  nodes=64
    scale=4  nodes=64
    scale=5  nodes=64
    scale=6  nodes=64
    scale=7  nodes=64
    scale=8  nodes=64
    scale=9  nodes=64
    scale=10  nodes=64
    scale=11  nodes=64
    scale=12  nodes=64
    scale=13  nodes=64
    scale=14  nodes=64

Number of Atoms =  1
[['Ar', 18, 0.0, 0.0, 0.0, 54, 54]]
Using derivative  BS
One-electron calculations 1e-07
calc_dirac_mu 323.9810626880251 18616.16975331846 137.035999139
Error 0.002466059225623596
Delta E 18616.16975331846
Energy -162.69530670555105
Converged?  0.002466059225623596  >  1e-06   ----   18616.16975331846  >  1e-08   ----  iteration 0
calc_dirac_mu 323.9918396671907 18616.164317735584 137.035999139
Error 0.0014266075297188145
Delta E 0.005435582876089029
Energy -162.70074228842714
Converged?  0.0014266075297188145  >  1e-06   ----   0.005435582876089029  >  1e-08   ----  iteration 1
calc_dirac_mu 323.9975637373009 18616.161430686814 137.035999139
Error 0.0007867057316850343
Delta E 0.002887048769480316
Energy -162.70362933719662
Converged?  0.0007867057316850343  >  1e-06   ----   0.002887048769480316  >  1e-08   ----  iteration 2
calc_dirac_mu 323.99887180596926 18616.160770936265 137.035999139
Error 0.0004221963229454926
Delta E 0.0006597505489480682
Energy -162.70428908774556
Converged?  0.0004221963229454926  >  1e-06   ----   0.0006597505489480682  >  1e-08   ----  iteration 3
calc_dirac_mu 323.9991899133277 18616.160610492465 137.035999139
Error 0.00022205719470653958
Delta E 0.00016044380026869476
Energy -162.70444953154583
Converged?  0.00022205719470653958  >  1e-06   ----   0.00016044380026869476  >  1e-08   ----  iteration 4
calc_dirac_mu 323.99926935511763 18616.16057042441 137.035999139
Error 0.0001152238891676013
Delta E 4.006805465905927e-05
Energy -162.7044895996005
Converged?  0.0001152238891676013  >  1e-06   ----   4.006805465905927e-05  >  1e-08   ----  iteration 5
calc_dirac_mu 323.99928939704495 18616.160560315864 137.035999139
Error 5.924248588325463e-05
Delta E 1.0108546121045947e-05
Energy -162.7044997081466
Converged?  5.924248588325463e-05  >  1e-06   ----   1.0108546121045947e-05  >  1e-08   ----  iteration 6
calc_dirac_mu 323.99929447342356 18616.16055775549 137.035999139
Error 3.027067054083065e-05
Delta E 2.5603731046430767e-06
Energy -162.70450226851972
Converged?  3.027067054083065e-05  >  1e-06   ----   2.5603731046430767e-06  >  1e-08   ----  iteration 7
calc_dirac_mu 323.99929576063477 18616.16055710626 137.035999139
Error 1.540210364031679e-05
Delta E 6.4923005993478e-07
Energy -162.70450291774978
Converged?  1.540210364031679e-05  >  1e-06   ----   6.4923005993478e-07  >  1e-08   ----  iteration 8
calc_dirac_mu 323.9992960868106 18616.160556941748 137.035999139
Error 7.814461804409752e-06
Delta E 1.6451303963549435e-07
Energy -162.70450308226282
Converged?  7.814461804409752e-06  >  1e-06   ----   1.6451303963549435e-07  >  1e-08   ----  iteration 9
calc_dirac_mu 323.99929616903063 18616.16055690028 137.035999139
Error 3.957132926710737e-06
Delta E 4.1469320422038436e-08
Energy -162.70450312373214
Converged?  3.957132926710737e-06  >  1e-06   ----   4.1469320422038436e-08  >  1e-08   ----  iteration 10
calc_dirac_mu 323.99929618966496 18616.16055688987 137.035999139
Error 2.0011758463921824e-06
Delta E 1.040825736708939e-08
Energy -162.7045031341404
Converged?  2.0011758463921824e-06  >  1e-06   ----   1.040825736708939e-08  >  1e-08   ----  iteration 11
calc_dirac_mu 323.99929619469896 18616.16055688733 137.035999139
Error 1.0111867756114129e-06
Delta E 2.5393092073500156e-09
Energy -162.7045031366797
Converged?  1.0111867756114129e-06  >  1e-06   ----   2.5393092073500156e-09  >  1e-08   ----  iteration 12
calc_dirac_mu 323.9992961960194 18616.160556886665 137.035999139
Error 5.106467759090291e-07
Delta E 6.657501216977835e-10
Energy -162.70450313734545
Converged?  5.106467759090291e-07  >  1e-06   ----   6.657501216977835e-10  >  1e-08   ----  iteration 13
Classic-like energies: cke = 167.72426116203957, cpe = -329.72426766388645, cke + cpe = -162.00000650184688
Exact Energy = -162.70485811494655
Dirac Energy = -162.70450313746915
Kutze Energy = -162.7048646736219
Error Kutze  = -6.558675522683188e-06
Error Dirac  = 0.000354977477400098
Delta Energy = -1.2369127944111824e-10
Dirac - Kutzelnigg = 0.0003615361529227812

PARAMETERS:
molecule    = [['Ar', 18, 0.0, 0.0, 0.0, 54, 54]]
D2          = False
prec        = 7
derivative  = BS
box         = 1

-------------------------------
Ar 1 0 7 BS 1
-------------------------------
Now executing: python test.py Input_Making/input__Ar107PH.txt
Input file: Input_Making/input__Ar107PH.txt
Output file: outputs/output__Ar107PH.txt
light_speed = 137.03599913900001  # default 137.03599913900001
derivative = "PH"         # possible values: PH, ABGV, BS
order = 10
box = 1
prec = 1.0e-7                 # precision threshold for the MRA operations
thr  = 1.0e-6                  # error threshold for SCF convergence

readPotential    = False         # bool
computePotential = True         # bool 
savePotential    = False         # bool
potential = "fermi_dirac"       # possible values: point_charge coulomb_HFYGB homogeneus_charge_sphere gaussian

readOrbitals     = False         # bool
saveOrbitals     = False         # bool
saveGuess        = False

scf              = True
ktrs             = False
D2               = False         # bool
two_electrons    = False         # bool

runGaunt         = False
runGaugeA        = False
runGaugeB        = False
runGaugeC        = False
runGaugeD        = False
runGaugeDelta    = False

molecule = [ ["Ar", 18, 0.0, 0.0, 0.0, 54, 54] ]

# With the paramenters I got from Robert, the error is (1) higher than
#  what he gets and (2) dominated by the width of the Gaussian
# I get a much better agreement with the ideal value IF the Gaussian
#  size is reduced by one order of magnitude 3e4->3e5 for Ar
# It seems the position of the nucleus is also important: I get bad
#  results from D2 if I move the nucleus
# Higher prec with off centered nucleus is too demanding for my laptop

**************************************
18 [0.0, 0.0, 0.0]
Fermi Dirac potential
Using Half Charge Radius for Ar: 6.8888709658e-05
Integral of the Fermi-Dirac distribution via cartesian 3D integration: 1.6483679126536153
The normalization constant is: 10.919892253315467
Integral of the Fermi-Dirac distribution via 3D integration: 18.00000000000289
3D density

*FunctionTree: nn
  genNodes: 0
  square norm: 1.21406e+14
  root scale: 0
  order: 10
  nodes: 904
  endNodes: 792
  nodes per scale: 
    scale=0  nodes=8
    scale=1  nodes=64
    scale=2  nodes=64
    scale=3  nodes=64
    scale=4  nodes=64
    scale=5  nodes=64
    scale=6  nodes=64
    scale=7  nodes=64
    scale=8  nodes=64
    scale=9  nodes=64
    scale=10  nodes=64
    scale=11  nodes=64
    scale=12  nodes=64
    scale=13  nodes=64
    scale=14  nodes=64

3D potential

*FunctionTree: nn
  genNodes: 0
  square norm: 4972.66
  root scale: 0
  order: 10
  nodes: 904
  endNodes: 792
  nodes per scale: 
    scale=0  nodes=8
    scale=1  nodes=64
    scale=2  nodes=64
    scale=3  nodes=64
    scale=4  nodes=64
    scale=5  nodes=64
    scale=6  nodes=64
    scale=7  nodes=64
    scale=8  nodes=64
    scale=9  nodes=64
    scale=10  nodes=64
    scale=11  nodes=64
    scale=12  nodes=64
    scale=13  nodes=64
    scale=14  nodes=64

Potential

*FunctionTree: nn
  genNodes: 0
  square norm: 4972.66
  root scale: 0
  order: 10
  nodes: 904
  endNodes: 792
  nodes per scale: 
    scale=0  nodes=8
    scale=1  nodes=64
    scale=2  nodes=64
    scale=3  nodes=64
    scale=4  nodes=64
    scale=5  nodes=64
    scale=6  nodes=64
    scale=7  nodes=64
    scale=8  nodes=64
    scale=9  nodes=64
    scale=10  nodes=64
    scale=11  nodes=64
    scale=12  nodes=64
    scale=13  nodes=64
    scale=14  nodes=64

Number of Atoms =  1
[['Ar', 18, 0.0, 0.0, 0.0, 54, 54]]
Using derivative  PH
One-electron calculations 1e-07
calc_dirac_mu 323.9787313847963 18616.170929157204 137.035999139
Error 0.0024647516644690022
Delta E 18616.170929157204
Energy -162.69413086680652
Converged?  0.0024647516644690022  >  1e-06   ----   18616.170929157204  >  1e-08   ----  iteration 0
calc_dirac_mu 323.98981031809166 18616.165341278112 137.035999139
Error 0.0014260626220771611
Delta E 0.0055878790917631704
Energy -162.69971874589828
Converged?  0.0014260626220771611  >  1e-06   ----   0.0055878790917631704  >  1e-08   ----  iteration 1
calc_dirac_mu 323.99540848497 18616.162517731307 137.035999139
Error 0.0007863386213798786
Delta E 0.0028235468053026125
Energy -162.70254229270358
Converged?  0.0007863386213798786  >  1e-06   ----   0.0028235468053026125  >  1e-08   ----  iteration 2
calc_dirac_mu 323.9967080399841 18616.16186227483 137.035999139
Error 0.000422002952544715
Delta E 0.0006554564788530115
Energy -162.70319774918244
Converged?  0.000422002952544715  >  1e-06   ----   0.0006554564788530115  >  1e-08   ----  iteration 3
calc_dirac_mu 323.99701764381354 18616.16170611996 137.035999139
Error 0.00022195347418860472
Delta E 0.0001561548669997137
Energy -162.70335390404944
Converged?  0.00022195347418860472  >  1e-06   ----   0.0001561548669997137  >  1e-08   ----  iteration 4
calc_dirac_mu 323.9970941913406 18616.16166751169 137.035999139
Error 0.0001151695547576295
Delta E 3.8608272006968036e-05
Energy -162.70339251232144
Converged?  0.0001151695547576295  >  1e-06   ----   3.8608272006968036e-05  >  1e-08   ----  iteration 5
calc_dirac_mu 323.9971128742157 18616.161658088608 137.035999139
Error 5.921416459847247e-05
Delta E 9.423081792192534e-06
Energy -162.70340193540324
Converged?  5.921416459847247e-05  >  1e-06   ----   9.423081792192534e-06  >  1e-08   ----  iteration 6
calc_dirac_mu 323.9971173282214 18616.16165584214 137.035999139
Error 3.025597395667365e-05
Delta E 2.246466465294361e-06
Energy -162.7034041818697
Converged?  3.025597395667365e-05  >  1e-06   ----   2.246466465294361e-06  >  1e-08   ----  iteration 7
calc_dirac_mu 323.99711831535365 18616.16165534426 137.035999139
Error 1.5394493623191146e-05
Delta E 4.978792276233435e-07
Energy -162.70340467974893
Converged?  1.5394493623191146e-05  >  1e-06   ----   4.978792276233435e-07  >  1e-08   ----  iteration 8
calc_dirac_mu 323.9971184944799 18616.161655253916 137.035999139
Error 7.810526876423187e-06
Delta E 9.03455656953156e-08
Energy -162.7034047700945
Converged?  7.810526876423187e-06  >  1e-06   ----   9.03455656953156e-08  >  1e-08   ----  iteration 9
calc_dirac_mu 323.9971185042369 18616.161655248994 137.035999139
Error 3.9551005884579234e-06
Delta E 4.922185325995088e-09
Energy -162.70340477501668
Converged?  3.9551005884579234e-06  >  1e-06   ----   4.922185325995088e-09  >  1e-08   ----  iteration 10
calc_dirac_mu 323.99711848876666 18616.161655256798 137.035999139
Error 2.000127028606085e-06
Delta E 7.803464541211724e-09
Energy -162.70340476721321
Converged?  2.000127028606085e-06  >  1e-06   ----   7.803464541211724e-09  >  1e-08   ----  iteration 11
calc_dirac_mu 323.9971184756452 18616.161655263415 137.035999139
Error 1.0106457822936906e-06
Delta E 6.617483450099826e-09
Energy -162.70340476059573
Converged?  1.0106457822936906e-06  >  1e-06   ----   6.617483450099826e-09  >  1e-08   ----  iteration 12
calc_dirac_mu 323.997118467999 18616.16165526727 137.035999139
Error 5.103679827820019e-07
Delta E 3.856257535517216e-09
Energy -162.70340475673947
Converged?  5.103679827820019e-07  >  1e-06   ----   3.856257535517216e-09  >  1e-08   ----  iteration 13
calc_dirac_mu 323.99711846362834 18616.161655269476 137.035999139
Error 2.5762884414515074e-07
Delta E 2.204615157097578e-09
Energy -162.70340475453486
Converged?  2.5762884414515074e-07  >  1e-06   ----   2.204615157097578e-09  >  1e-08   ----  iteration 14
Classic-like energies: cke = 167.7215591135362, cpe = -329.7289066542223, cke + cpe = -162.00734754068614
Exact Energy = -162.70485811494655
Dirac Energy = -162.70340475326884
Kutze Energy = -162.71226987446497
Error Kutze  = -0.0074117595177085605
Error Dirac  = 0.001453361677704379
Delta Energy = 1.2660166248679161e-09
Dirac - Kutzelnigg = 0.00886512119541294

PARAMETERS:
molecule    = [['Ar', 18, 0.0, 0.0, 0.0, 54, 54]]
D2          = False
prec        = 7
derivative  = PH
box         = 1

-------------------------------
Ar 1 0 7 PH 1
-------------------------------
Now executing: python test.py Input_Making/input__Ar108ABGV.txt
Input file: Input_Making/input__Ar108ABGV.txt
Output file: outputs/output__Ar108ABGV.txt
light_speed = 137.03599913900001  # default 137.03599913900001
derivative = "ABGV"         # possible values: PH, ABGV, BS
order = 11
box = 1
prec = 1.0e-8                 # precision threshold for the MRA operations
thr  = 1.0e-7                  # error threshold for SCF convergence

readPotential    = False         # bool
computePotential = True         # bool 
savePotential    = False         # bool
potential = "fermi_dirac"       # possible values: point_charge coulomb_HFYGB homogeneus_charge_sphere gaussian

readOrbitals     = False         # bool
saveOrbitals     = False         # bool
saveGuess        = False

scf              = True
ktrs             = False
D2               = False         # bool
two_electrons    = False         # bool

runGaunt         = False
runGaugeA        = False
runGaugeB        = False
runGaugeC        = False
runGaugeD        = False
runGaugeDelta    = False

molecule = [ ["Ar", 18, 0.0, 0.0, 0.0, 54, 54] ]

# With the paramenters I got from Robert, the error is (1) higher than
#  what he gets and (2) dominated by the width of the Gaussian
# I get a much better agreement with the ideal value IF the Gaussian
#  size is reduced by one order of magnitude 3e4->3e5 for Ar
# It seems the position of the nucleus is also important: I get bad
#  results from D2 if I move the nucleus
# Higher prec with off centered nucleus is too demanding for my laptop

**************************************
18 [0.0, 0.0, 0.0]
Fermi Dirac potential
Using Half Charge Radius for Ar: 6.8888709658e-05
Integral of the Fermi-Dirac distribution via cartesian 3D integration: 1.6483679126516535
The normalization constant is: 10.919892253328463
Integral of the Fermi-Dirac distribution via 3D integration: 17.999999999999993
3D density

*FunctionTree: nn
  genNodes: 0
  square norm: 1.21406e+14
  root scale: 0
  order: 11
  nodes: 904
  endNodes: 792
  nodes per scale: 
    scale=0  nodes=8
    scale=1  nodes=64
    scale=2  nodes=64
    scale=3  nodes=64
    scale=4  nodes=64
    scale=5  nodes=64
    scale=6  nodes=64
    scale=7  nodes=64
    scale=8  nodes=64
    scale=9  nodes=64
    scale=10  nodes=64
    scale=11  nodes=64
    scale=12  nodes=64
    scale=13  nodes=64
    scale=14  nodes=64

3D potential

*FunctionTree: nn
  genNodes: 0
  square norm: 4972.66
  root scale: 0
  order: 11
  nodes: 1160
  endNodes: 1016
  nodes per scale: 
    scale=0  nodes=8
    scale=1  nodes=64
    scale=2  nodes=64
    scale=3  nodes=64
    scale=4  nodes=64
    scale=5  nodes=64
    scale=6  nodes=64
    scale=7  nodes=64
    scale=8  nodes=64
    scale=9  nodes=64
    scale=10  nodes=64
    scale=11  nodes=64
    scale=12  nodes=64
    scale=13  nodes=64
    scale=14  nodes=64
    scale=15  nodes=256

Potential

*FunctionTree: nn
  genNodes: 0
  square norm: 4972.66
  root scale: 0
  order: 11
  nodes: 1160
  endNodes: 1016
  nodes per scale: 
    scale=0  nodes=8
    scale=1  nodes=64
    scale=2  nodes=64
    scale=3  nodes=64
    scale=4  nodes=64
    scale=5  nodes=64
    scale=6  nodes=64
    scale=7  nodes=64
    scale=8  nodes=64
    scale=9  nodes=64
    scale=10  nodes=64
    scale=11  nodes=64
    scale=12  nodes=64
    scale=13  nodes=64
    scale=14  nodes=64
    scale=15  nodes=256

Number of Atoms =  1
[['Ar', 18, 0.0, 0.0, 0.0, 54, 54]]
Using derivative  ABGV
One-electron calculations 1e-08
calc_dirac_mu 323.9813669397448 18616.1695998631 137.035999139
Error 0.002466228563391528
Delta E 18616.1695998631
Energy -162.69546016091044
Converged?  0.002466228563391528  >  1e-07   ----   18616.1695998631  >  1e-09   ----  iteration 0
calc_dirac_mu 323.9918705125065 18616.164302178135 137.035999139
Error 0.0014265325296564564
Delta E 0.005297684965626104
Energy -162.70075784587607
Converged?  0.0014265325296564564  >  1e-07   ----   0.005297684965626104  >  1e-09   ----  iteration 1
calc_dirac_mu 323.9976066441837 18616.16140904587 137.035999139
Error 0.0007866762144387104
Delta E 0.0028931322631251533
Energy -162.7036509781392
Converged?  0.0007866762144387104  >  1e-07   ----   0.0028931322631251533  >  1e-09   ----  iteration 2
calc_dirac_mu 323.99891573003276 18616.160748782288 137.035999139
Error 0.00042218241419559883
Delta E 0.0006602635839954019
Energy -162.7043112417232
Converged?  0.00042218241419559883  >  1e-07   ----   0.0006602635839954019  >  1e-09   ----  iteration 3
calc_dirac_mu 323.9992337457126 18616.160588384726 137.035999139
Error 0.0002220503107809016
Delta E 0.00016039756155805662
Energy -162.70447163928475
Converged?  0.0002220503107809016  >  1e-07   ----   0.00016039756155805662  >  1e-09   ----  iteration 4
calc_dirac_mu 323.99931322168686 18616.16054829943 137.035999139
Error 0.00011522052661226414
Delta E 4.008529504062608e-05
Energy -162.7045117245798
Converged?  0.00011522052661226414  >  1e-07   ----   4.008529504062608e-05  >  1e-09   ----  iteration 5
calc_dirac_mu 323.9993330985075 18616.160538274158 137.035999139
Error 5.924071345156648e-05
Delta E 1.0025272786151618e-05
Energy -162.70452174985257
Converged?  5.924071345156648e-05  >  1e-07   ----   1.0025272786151618e-05  >  1e-09   ----  iteration 6
calc_dirac_mu 323.99933819788197 18616.160535702187 137.035999139
Error 3.0269805627288274e-05
Delta E 2.571970981080085e-06
Energy -162.70452432182356
Converged?  3.0269805627288274e-05  >  1e-07   ----   2.571970981080085e-06  >  1e-09   ----  iteration 7
calc_dirac_mu 323.99933948999706 18616.160535050483 137.035999139
Error 1.5401675869238384e-05
Delta E 6.517038855236024e-07
Energy -162.70452497352744
Converged?  1.5401675869238384e-05  >  1e-07   ----   6.517038855236024e-07  >  1e-09   ----  iteration 8
calc_dirac_mu 323.999339821299 18616.160534883384 137.035999139
Error 7.81425147166754e-06
Delta E 1.6709964256733656e-07
Energy -162.70452514062708
Converged?  7.81425147166754e-06  >  1e-07   ----   1.6709964256733656e-07  >  1e-09   ----  iteration 9
calc_dirac_mu 323.9993399064486 18616.160534840437 137.035999139
Error 3.957029570775089e-06
Delta E 4.294633981771767e-08
Energy -162.70452518357342
Converged?  3.957029570775089e-06  >  1e-07   ----   4.294633981771767e-08  >  1e-09   ----  iteration 10
calc_dirac_mu 323.9993399285145 18616.16053482931 137.035999139
Error 2.0011249783581484e-06
Delta E 1.112857717089355e-08
Energy -162.704525194702
Converged?  2.0011249783581484e-06  >  1e-07   ----   1.112857717089355e-08  >  1e-09   ----  iteration 11
calc_dirac_mu 323.99933993434195 18616.16053482637 137.035999139
Error 1.0111617710061982e-06
Delta E 2.939486876130104e-09
Energy -162.7045251976415
Converged?  1.0111617710061982e-06  >  1e-07   ----   2.939486876130104e-09  >  1e-09   ----  iteration 12
calc_dirac_mu 323.99933993576076 18616.160534825653 137.035999139
Error 5.106342812534352e-07
Delta E 7.166818249970675e-10
Energy -162.70452519835817
Converged?  5.106342812534352e-07  >  1e-07   ----   7.166818249970675e-10  >  1e-09   ----  iteration 13
calc_dirac_mu 323.99933993617975 18616.16053482544 137.035999139
Error 2.5776635341585243e-07
Delta E 2.1100277081131935e-10
Energy -162.70452519856917
Converged?  2.5776635341585243e-07  >  1e-07   ----   2.1100277081131935e-10  >  1e-09   ----  iteration 14
Classic-like energies: cke = 167.7269614513362, cpe = -329.7263376303087, cke + cpe = -161.9993761789725
Exact Energy = -162.70485811494655
Dirac Energy = -162.70452519865648
Kutze Energy = -162.70422884174894
Error Kutze  = 0.0006292731959547382
Error Dirac  = 0.0003329162900627125
Delta Energy = -8.731149137020111e-11
Dirac - Kutzelnigg = -0.0002963569058920257

PARAMETERS:
molecule    = [['Ar', 18, 0.0, 0.0, 0.0, 54, 54]]
D2          = False
prec        = 8
derivative  = ABGV
box         = 1

-------------------------------
Ar 1 0 8 ABGV 1
-------------------------------
Now executing: python test.py Input_Making/input__Ar108BS.txt
Input file: Input_Making/input__Ar108BS.txt
Output file: outputs/output__Ar108BS.txt
light_speed = 137.03599913900001  # default 137.03599913900001
derivative = "BS"         # possible values: PH, ABGV, BS
order = 11
box = 1
prec = 1.0e-8                 # precision threshold for the MRA operations
thr  = 1.0e-7                  # error threshold for SCF convergence

readPotential    = False         # bool
computePotential = True         # bool 
savePotential    = False         # bool
potential = "fermi_dirac"       # possible values: point_charge coulomb_HFYGB homogeneus_charge_sphere gaussian

readOrbitals     = False         # bool
saveOrbitals     = False         # bool
saveGuess        = False

scf              = True
ktrs             = False
D2               = False         # bool
two_electrons    = False         # bool

runGaunt         = False
runGaugeA        = False
runGaugeB        = False
runGaugeC        = False
runGaugeD        = False
runGaugeDelta    = False

molecule = [ ["Ar", 18, 0.0, 0.0, 0.0, 54, 54] ]

# With the paramenters I got from Robert, the error is (1) higher than
#  what he gets and (2) dominated by the width of the Gaussian
# I get a much better agreement with the ideal value IF the Gaussian
#  size is reduced by one order of magnitude 3e4->3e5 for Ar
# It seems the position of the nucleus is also important: I get bad
#  results from D2 if I move the nucleus
# Higher prec with off centered nucleus is too demanding for my laptop

**************************************
18 [0.0, 0.0, 0.0]
Fermi Dirac potential
Using Half Charge Radius for Ar: 6.8888709658e-05
Integral of the Fermi-Dirac distribution via cartesian 3D integration: 1.6483679126516535
The normalization constant is: 10.919892253328463
Integral of the Fermi-Dirac distribution via 3D integration: 17.999999999999993
3D density

*FunctionTree: nn
  genNodes: 0
  square norm: 1.21406e+14
  root scale: 0
  order: 11
  nodes: 904
  endNodes: 792
  nodes per scale: 
    scale=0  nodes=8
    scale=1  nodes=64
    scale=2  nodes=64
    scale=3  nodes=64
    scale=4  nodes=64
    scale=5  nodes=64
    scale=6  nodes=64
    scale=7  nodes=64
    scale=8  nodes=64
    scale=9  nodes=64
    scale=10  nodes=64
    scale=11  nodes=64
    scale=12  nodes=64
    scale=13  nodes=64
    scale=14  nodes=64

3D potential

*FunctionTree: nn
  genNodes: 0
  square norm: 4972.66
  root scale: 0
  order: 11
  nodes: 1160
  endNodes: 1016
  nodes per scale: 
    scale=0  nodes=8
    scale=1  nodes=64
    scale=2  nodes=64
    scale=3  nodes=64
    scale=4  nodes=64
    scale=5  nodes=64
    scale=6  nodes=64
    scale=7  nodes=64
    scale=8  nodes=64
    scale=9  nodes=64
    scale=10  nodes=64
    scale=11  nodes=64
    scale=12  nodes=64
    scale=13  nodes=64
    scale=14  nodes=64
    scale=15  nodes=256

Potential

*FunctionTree: nn
  genNodes: 0
  square norm: 4972.66
  root scale: 0
  order: 11
  nodes: 1160
  endNodes: 1016
  nodes per scale: 
    scale=0  nodes=8
    scale=1  nodes=64
    scale=2  nodes=64
    scale=3  nodes=64
    scale=4  nodes=64
    scale=5  nodes=64
    scale=6  nodes=64
    scale=7  nodes=64
    scale=8  nodes=64
    scale=9  nodes=64
    scale=10  nodes=64
    scale=11  nodes=64
    scale=12  nodes=64
    scale=13  nodes=64
    scale=14  nodes=64
    scale=15  nodes=256

Number of Atoms =  1
[['Ar', 18, 0.0, 0.0, 0.0, 54, 54]]
Using derivative  BS
One-electron calculations 1e-08
calc_dirac_mu 323.98136026112 18616.169603231596 137.035999139
Error 0.002466224846143547
Delta E 18616.169603231596
Energy -162.69545679241492
Converged?  0.002466224846143547  >  1e-07   ----   18616.169603231596  >  1e-09   ----  iteration 0
calc_dirac_mu 323.9918781830056 18616.164298309366 137.035999139
Error 0.001426539390151482
Delta E 0.005304922229697695
Energy -162.7007617146446
Converged?  0.001426539390151482  >  1e-07   ----   0.005304922229697695  >  1e-09   ----  iteration 1
calc_dirac_mu 323.9976071580112 18616.161408786713 137.035999139
Error 0.0007866751257397591
Delta E 0.0028895226532767992
Energy -162.7036512372979
Converged?  0.0007866751257397591  >  1e-07   ----   0.0028895226532767992  >  1e-09   ----  iteration 2
calc_dirac_mu 323.99891517373675 18616.160749062867 137.035999139
Error 0.0004221811443496754
Delta E 0.0006597238461836241
Energy -162.70431096114407
Converged?  0.0004221811443496754  >  1e-07   ----   0.0006597238461836241  >  1e-09   ----  iteration 3
calc_dirac_mu 323.9992334073263 18616.160588555398 137.035999139
Error 0.00022204981088865666
Delta E 0.00016050746853579767
Energy -162.7044714686126
Converged?  0.00022204981088865666  >  1e-07   ----   0.00016050746853579767  >  1e-09   ----  iteration 4
calc_dirac_mu 323.99931288820443 18616.16054846763 137.035999139
Error 0.00011522027651747963
Delta E 4.00877688662149e-05
Energy -162.70451155638148
Converged?  0.00011522027651747963  >  1e-07   ----   4.00877688662149e-05  >  1e-09   ----  iteration 5
calc_dirac_mu 323.9993329498488 18616.160538349137 137.035999139
Error 5.9240711014240555e-05
Delta E 1.0118492355104536e-05
Energy -162.70452167487383
Converged?  5.9240711014240555e-05  >  1e-07   ----   1.0118492355104536e-05  >  1e-09   ----  iteration 6
calc_dirac_mu 323.9993380361748 18616.160535783747 137.035999139
Error 3.0269795267618832e-05
Delta E 2.565389877418056e-06
Energy -162.7045242402637
Converged?  3.0269795267618832e-05  >  1e-07   ----   2.565389877418056e-06  >  1e-09   ----  iteration 7
calc_dirac_mu 323.99933932831846 18616.16053513203 137.035999139
Error 1.5401670553034052e-05
Delta E 6.517184374388307e-07
Energy -162.70452489198215
Converged?  1.5401670553034052e-05  >  1e-07   ----   6.517184374388307e-07  >  1e-09   ----  iteration 8
calc_dirac_mu 323.99933965672244 18616.16053496639 137.035999139
Error 7.814246802797356e-06
Delta E 1.656371750868857e-07
Energy -162.70452505761932
Converged?  7.814246802797356e-06  >  1e-07   ----   1.656371750868857e-07  >  1e-09   ----  iteration 9
calc_dirac_mu 323.99933974015494 18616.16053492431 137.035999139
Error 3.957026050904296e-06
Delta E 4.2080500861629844e-08
Energy -162.70452509969982
Converged?  3.957026050904296e-06  >  1e-07   ----   4.2080500861629844e-08  >  1e-09   ----  iteration 10
calc_dirac_mu 323.99933976147804 18616.160534913557 137.035999139
Error 2.0011227025000753e-06
Delta E 1.0753865353763103e-08
Energy -162.7045251104537
Converged?  2.0011227025000753e-06  >  1e-07   ----   1.0753865353763103e-08  >  1e-09   ----  iteration 11
calc_dirac_mu 323.9993397668136 18616.160534910865 137.035999139
Error 1.0111602922854538e-06
Delta E 2.6921043172478676e-09
Energy -162.7045251131458
Converged?  1.0111602922854538e-06  >  1e-07   ----   2.6921043172478676e-09  >  1e-09   ----  iteration 12
calc_dirac_mu 323.9993397682705 18616.16053491013 137.035999139
Error 5.106335622914548e-07
Delta E 7.34871719032526e-10
Energy -162.70452511388066
Converged?  5.106335622914548e-07  >  1e-07   ----   7.34871719032526e-10  >  1e-09   ----  iteration 13
calc_dirac_mu 323.99933976861644 18616.160534909955 137.035999139
Error 2.577659417776699e-07
Delta E 1.7462298274040222e-10
Energy -162.7045251140553
Converged?  2.577659417776699e-07  >  1e-07   ----   1.7462298274040222e-10  >  1e-09   ----  iteration 14
Classic-like energies: cke = 167.72699944799948, cpe = -329.7267278413797, cke + cpe = -161.99972839338025
Exact Energy = -162.70485811494655
Dirac Energy = -162.70452511410258
Kutze Energy = -162.7045841344965
Error Kutze  = 0.0002739804513112176
Error Dirac  = 0.00033300084396614693
Delta Energy = -4.729372449219227e-11
Dirac - Kutzelnigg = 5.902039265492931e-05

PARAMETERS:
molecule    = [['Ar', 18, 0.0, 0.0, 0.0, 54, 54]]
D2          = False
prec        = 8
derivative  = BS
box         = 1

-------------------------------
Ar 1 0 8 BS 1
-------------------------------
Now executing: python test.py Input_Making/input__Ar108PH.txt
Input file: Input_Making/input__Ar108PH.txt
Output file: outputs/output__Ar108PH.txt
light_speed = 137.03599913900001  # default 137.03599913900001
derivative = "PH"         # possible values: PH, ABGV, BS
order = 11
box = 1
prec = 1.0e-8                 # precision threshold for the MRA operations
thr  = 1.0e-7                  # error threshold for SCF convergence

readPotential    = False         # bool
computePotential = True         # bool 
savePotential    = False         # bool
potential = "fermi_dirac"       # possible values: point_charge coulomb_HFYGB homogeneus_charge_sphere gaussian

readOrbitals     = False         # bool
saveOrbitals     = False         # bool
saveGuess        = False

scf              = True
ktrs             = False
D2               = False         # bool
two_electrons    = False         # bool

runGaunt         = False
runGaugeA        = False
runGaugeB        = False
runGaugeC        = False
runGaugeD        = False
runGaugeDelta    = False

molecule = [ ["Ar", 18, 0.0, 0.0, 0.0, 54, 54] ]

# With the paramenters I got from Robert, the error is (1) higher than
#  what he gets and (2) dominated by the width of the Gaussian
# I get a much better agreement with the ideal value IF the Gaussian
#  size is reduced by one order of magnitude 3e4->3e5 for Ar
# It seems the position of the nucleus is also important: I get bad
#  results from D2 if I move the nucleus
# Higher prec with off centered nucleus is too demanding for my laptop

**************************************
18 [0.0, 0.0, 0.0]
Fermi Dirac potential
Using Half Charge Radius for Ar: 6.8888709658e-05
Integral of the Fermi-Dirac distribution via cartesian 3D integration: 1.6483679126516535
The normalization constant is: 10.919892253328463
Integral of the Fermi-Dirac distribution via 3D integration: 17.999999999999993
3D density

*FunctionTree: nn
  genNodes: 0
  square norm: 1.21406e+14
  root scale: 0
  order: 11
  nodes: 904
  endNodes: 792
  nodes per scale: 
    scale=0  nodes=8
    scale=1  nodes=64
    scale=2  nodes=64
    scale=3  nodes=64
    scale=4  nodes=64
    scale=5  nodes=64
    scale=6  nodes=64
    scale=7  nodes=64
    scale=8  nodes=64
    scale=9  nodes=64
    scale=10  nodes=64
    scale=11  nodes=64
    scale=12  nodes=64
    scale=13  nodes=64
    scale=14  nodes=64

3D potential

*FunctionTree: nn
  genNodes: 0
  square norm: 4972.66
  root scale: 0
  order: 11
  nodes: 1160
  endNodes: 1016
  nodes per scale: 
    scale=0  nodes=8
    scale=1  nodes=64
    scale=2  nodes=64
    scale=3  nodes=64
    scale=4  nodes=64
    scale=5  nodes=64
    scale=6  nodes=64
    scale=7  nodes=64
    scale=8  nodes=64
    scale=9  nodes=64
    scale=10  nodes=64
    scale=11  nodes=64
    scale=12  nodes=64
    scale=13  nodes=64
    scale=14  nodes=64
    scale=15  nodes=256

Potential

*FunctionTree: nn
  genNodes: 0
  square norm: 4972.66
  root scale: 0
  order: 11
  nodes: 1160
  endNodes: 1016
  nodes per scale: 
    scale=0  nodes=8
    scale=1  nodes=64
    scale=2  nodes=64
    scale=3  nodes=64
    scale=4  nodes=64
    scale=5  nodes=64
    scale=6  nodes=64
    scale=7  nodes=64
    scale=8  nodes=64
    scale=9  nodes=64
    scale=10  nodes=64
    scale=11  nodes=64
    scale=12  nodes=64
    scale=13  nodes=64
    scale=14  nodes=64
    scale=15  nodes=256

Number of Atoms =  1
[['Ar', 18, 0.0, 0.0, 0.0, 54, 54]]
Using derivative  PH
One-electron calculations 1e-08
calc_dirac_mu 323.9811756991325 18616.169696319077 137.035999139
Error 0.002466121340482194
Delta E 18616.169696319077
Energy -162.6953637049337
Converged?  0.002466121340482194  >  1e-07   ----   18616.169696319077  >  1e-09   ----  iteration 0
calc_dirac_mu 323.991946509308 18616.164263847637 137.035999139
Error 0.0014266394301865283
Delta E 0.005432471440144582
Energy -162.70079617637384
Converged?  0.0014266394301865283  >  1e-07   ----   0.005432471440144582  >  1e-09   ----  iteration 1
calc_dirac_mu 323.997680328693 18616.16137188162 137.035999139
Error 0.0007867305807884406
Delta E 0.00289196601806907
Energy -162.7036881423919
Converged?  0.0007867305807884406  >  1e-07   ----   0.00289196601806907  >  1e-09   ----  iteration 2
calc_dirac_mu 323.9989888511077 18616.160711902212 137.035999139
Error 0.0004222098432210649
Delta E 0.0006599794069188647
Energy -162.70434812179883
Converged?  0.0004222098432210649  >  1e-07   ----   0.0006599794069188647  >  1e-09   ----  iteration 3
calc_dirac_mu 323.9993074461587 18616.160551212433 137.035999139
Error 0.00022206460058734882
Delta E 0.00016068977856775746
Energy -162.7045088115774
Converged?  0.00022206460058734882  >  1e-07   ----   0.00016068977856775746  >  1e-09   ----  iteration 4
calc_dirac_mu 323.999387024051 18616.160511075734 137.035999139
Error 0.00011522781285436199
Delta E 4.0136699681170285e-05
Energy -162.70454894827708
Converged?  0.00011522781285436199  >  1e-07   ----   4.0136699681170285e-05  >  1e-09   ----  iteration 5
calc_dirac_mu 323.9994071600755 18616.160500919726 137.035999139
Error 5.92445627691908e-05
Delta E 1.0156007192563266e-05
Energy -162.70455910428427
Converged?  5.92445627691908e-05  >  1e-07   ----   1.0156007192563266e-05  >  1e-09   ----  iteration 6
calc_dirac_mu 323.9994122673184 18616.160498343786 137.035999139
Error 3.0271751432039038e-05
Delta E 2.575940015958622e-06
Energy -162.7045616802243
Converged?  3.0271751432039038e-05  >  1e-07   ----   2.575940015958622e-06  >  1e-09   ----  iteration 7
calc_dirac_mu 323.99941357094565 18616.160497686276 137.035999139
Error 1.540266448559667e-05
Delta E 6.575100996997207e-07
Energy -162.7045623377344
Converged?  1.540266448559667e-05  >  1e-07   ----   6.575100996997207e-07  >  1e-09   ----  iteration 8
calc_dirac_mu 323.9994139042186 18616.160497518184 137.035999139
Error 7.814751187579354e-06
Delta E 1.680928107816726e-07
Energy -162.7045625058272
Converged?  7.814751187579354e-06  >  1e-07   ----   1.680928107816726e-07  >  1e-09   ----  iteration 9
calc_dirac_mu 323.9994139901332 18616.16049747485 137.035999139
Error 3.957282033779848e-06
Delta E 4.333196557126939e-08
Energy -162.70456254915916
Converged?  3.957282033779848e-06  >  1e-07   ----   4.333196557126939e-08  >  1e-09   ----  iteration 10
calc_dirac_mu 323.9994140125133 18616.160497463563 137.035999139
Error 2.0012524872581286e-06
Delta E 1.1288648238405585e-08
Energy -162.7045625604478
Converged?  2.0012524872581286e-06  >  1e-07   ----   1.1288648238405585e-08  >  1e-09   ----  iteration 11
calc_dirac_mu 323.99941401846456 18616.16049746056 137.035999139
Error 1.0112261555514488e-06
Delta E 3.001332515850663e-09
Energy -162.70456256344914
Converged?  1.0112261555514488e-06  >  1e-07   ----   3.001332515850663e-09  >  1e-09   ----  iteration 12
calc_dirac_mu 323.9994140201595 18616.160497459707 137.035999139
Error 5.106669364259269e-07
Delta E 8.549250196665525e-10
Energy -162.70456256430407
Converged?  5.106669364259269e-07  >  1e-07   ----   8.549250196665525e-10  >  1e-09   ----  iteration 13
calc_dirac_mu 323.99941402053406 18616.160497459518 137.035999139
Error 2.577827929326275e-07
Delta E 1.8917489796876907e-10
Energy -162.70456256449324
Converged?  2.577827929326275e-07  >  1e-07   ----   1.8917489796876907e-10  >  1e-09   ----  iteration 14
Classic-like energies: cke = 167.72776979625246, cpe = -329.72638357710264, cke + cpe = -161.99861378085018
Exact Energy = -162.70485811494655
Dirac Energy = -162.70456256467514
Kutze Energy = -162.70345978032634
Error Kutze  = 0.001398334621626418
Error Dirac  = 0.00029555027140304446
Delta Energy = -1.8189894035458565e-10
Dirac - Kutzelnigg = -0.0011027843502233736

PARAMETERS:
molecule    = [['Ar', 18, 0.0, 0.0, 0.0, 54, 54]]
D2          = False
prec        = 8
derivative  = PH
box         = 1

-------------------------------
Ar 1 0 8 PH 1
-------------------------------
Now executing: python test.py Input_Making/input__Ar114ABGV.txt
Input file: Input_Making/input__Ar114ABGV.txt
Output file: outputs/output__Ar114ABGV.txt
light_speed = 137.03599913900001  # default 137.03599913900001
derivative = "ABGV"         # possible values: PH, ABGV, BS
order = 7
box = 1
prec = 1.0e-4                 # precision threshold for the MRA operations
thr  = 1.0e-3                  # error threshold for SCF convergence

readPotential    = False        # bool
computePotential = True         # bool 
savePotential    = False         # bool
potential = "fermi_dirac"       # possible values: point_charge coulomb_HFYGB homogeneus_charge_sphere gaussian

readOrbitals     = False        # bool
saveOrbitals     = False         # bool
saveGuess        = False

scf              = True
ktrs             = False
D2               = True         # bool
two_electrons    = False         # bool

runGaunt         = False
runGaugeA        = False
runGaugeB        = False
runGaugeC        = False
runGaugeD        = False
runGaugeDelta    = False

molecule = [ ["Ar", 18, 0.0, 0.0, 0.0, 54, 54] ]

# With the paramenters I got from Robert, the error is (1) higher than
#  what he gets and (2) dominated by the width of the Gaussian
# I get a much better agreement with the ideal value IF the Gaussian
#  size is reduced by one order of magnitude 3e4->3e5 for Ar
# It seems the position of the nucleus is also important: I get bad
#  results from D2 if I move the nucleus
# Higher prec with off centered nucleus is too demanding for my laptop

**************************************
18 [0.0, 0.0, 0.0]
Fermi Dirac potential
Using Half Charge Radius for Ar: 6.8888709658e-05
Integral of the Fermi-Dirac distribution via cartesian 3D integration: 1.648133401468386
The normalization constant is: 10.921446033411556
Integral of the Fermi-Dirac distribution via 3D integration: 18.000000000000043
3D density

*FunctionTree: nn
  genNodes: 0
  square norm: 1.21479e+14
  root scale: 0
  order: 7
  nodes: 776
  endNodes: 680
  nodes per scale: 
    scale=0  nodes=8
    scale=1  nodes=64
    scale=2  nodes=64
    scale=3  nodes=64
    scale=4  nodes=64
    scale=5  nodes=64
    scale=6  nodes=64
    scale=7  nodes=64
    scale=8  nodes=64
    scale=9  nodes=64
    scale=10  nodes=64
    scale=11  nodes=64
    scale=12  nodes=64

3D potential

*FunctionTree: nn
  genNodes: 0
  square norm: 4972.67
  root scale: 0
  order: 7
  nodes: 904
  endNodes: 792
  nodes per scale: 
    scale=0  nodes=8
    scale=1  nodes=64
    scale=2  nodes=64
    scale=3  nodes=64
    scale=4  nodes=64
    scale=5  nodes=64
    scale=6  nodes=64
    scale=7  nodes=64
    scale=8  nodes=64
    scale=9  nodes=64
    scale=10  nodes=64
    scale=11  nodes=64
    scale=12  nodes=64
    scale=13  nodes=64
    scale=14  nodes=64

Potential

*FunctionTree: nn
  genNodes: 0
  square norm: 4972.67
  root scale: 0
  order: 7
  nodes: 904
  endNodes: 792
  nodes per scale: 
    scale=0  nodes=8
    scale=1  nodes=64
    scale=2  nodes=64
    scale=3  nodes=64
    scale=4  nodes=64
    scale=5  nodes=64
    scale=6  nodes=64
    scale=7  nodes=64
    scale=8  nodes=64
    scale=9  nodes=64
    scale=10  nodes=64
    scale=11  nodes=64
    scale=12  nodes=64
    scale=13  nodes=64
    scale=14  nodes=64

Number of Atoms =  1
[['Ar', 18, 0.0, 0.0, 0.0, 54, 54]]
Using derivative  ABGV
Hartree-Fock 1e D2
Classic-like energies: cke = 164.76033658517403 cpe = -326.44474297977644 cke + cpe = -161.6844063946024
mu = 17.982458474558054
Error = 0.001675091038149272
Delta E 162.38650894991275
Energy -162.38650894991275 0
Converged?  0.001675091038149272  >  0.001   ----   162.38650894991275  >  1e-05   ----  iteration 0
Classic-like energies: cke = 165.65061284201914 cpe = -327.6183967760213 cke + cpe = -161.96778393400217
mu = 17.998210129565784
Error = 0.0016779784417026227
Delta E 0.2858515596486484
Energy -162.6723605095614 -162.38650894991275
Converged?  0.0016779784417026227  >  0.001   ----   0.2858515596486484  >  1e-05   ----  iteration 1
Classic-like energies: cke = 166.58731500029097 cpe = -328.5829672742478 cke + cpe = -161.9956522739568
mu = 17.99975845804364
Error = 0.0009872624045120383
Delta E 0.028111880824525315
Energy -162.70047239038593 -162.6723605095614
Converged?  0.0009872624045120383  >  0.001   ----   0.028111880824525315  >  1e-05   ----  iteration 2
Classic-like energies: cke = 167.1302274226835 cpe = -329.1297131559233 cke + cpe = -161.9994857332398
mu = 17.999971429601757
Error = 0.0005759544507342644
Delta E 0.003866963129155465
Energy -162.70433935351508 -162.70047239038593
Converged?  0.0005759544507342644  >  0.001   ----   0.003866963129155465  >  1e-05   ----  iteration 3
Classic-like energies: cke = 167.41510405950194 cpe = -329.41462958598964 cke + cpe = -161.9995255264877
mu = 17.99997364034113
Error = 0.0003137493117664716
Delta E 4.014103870986219e-05
Energy -162.7043794945538 -162.70433935351508
Converged?  0.0003137493117664716  >  0.001   ----   4.014103870986219e-05  >  1e-05   ----  iteration 4
Classic-like energies: cke = 167.56509228459714 cpe = -329.56479335169234 cke + cpe = -161.9997010670952
mu = 17.99998339260874
Error = 0.000170584117942971
Delta E 0.0001770748257001742
Energy -162.7045565693795 -162.7043794945538
Converged?  0.000170584117942971  >  0.001   ----   0.0001770748257001742  >  1e-05   ----  iteration 5
Classic-like energies: cke = 167.6425782477451 cpe = -329.6422504615003 cke + cpe = -161.9996722137552
mu = 17.999981789643854
Error = 9.043686033812862e-05
Delta E 2.9105516972549594e-05
Energy -162.70452746386252 -162.7045565693795
Converged?  9.043686033812862e-05  >  0.001   ----   2.9105516972549594e-05  >  1e-05   ----  iteration 6
Classic-like energies: cke = 167.6827485483388 cpe = -329.6824319239281 cke + cpe = -161.9996833755893
mu = 17.999982409746366
Error = 4.774703315039248e-05
Delta E 1.1259389111728524e-05
Energy -162.70453872325163 -162.70452746386252
Converged?  4.774703315039248e-05  >  0.001   ----   1.1259389111728524e-05  >  1e-05   ----  iteration 7
Classic-like energies: cke = 167.7034253481775 cpe = -329.7031053578661 cke + cpe = -161.9996800096886
mu = 17.9999822227517
Error = 2.4937502743487888e-05
Delta E 3.3953196805214247e-06
Energy -162.70453532793195 -162.70453872325163
Converged?  2.4937502743487888e-05  >  0.001   ----   3.3953196805214247e-06  >  1e-05   ----  iteration 8
Classic-like energies: cke = 167.71408663894343 cpe = -329.71376717548645 cke + cpe = -161.99968053654302
mu = 17.999982252021418
Error = 1.2981492348060933e-05
Delta E 5.314591078331432e-07
Energy -162.70453585939106 -162.70453532793195
Converged?  1.2981492348060933e-05  >  0.001   ----   5.314591078331432e-07  >  1e-05   ----  iteration 9
Classic-like energies: cke = 167.7195702854161, cpe = -329.7192502451417, cke + cpe = -161.99967995972563
Exact Energy = -162.70485811494655
Dirac Energy = -162.7036232414648
Kutze Energy = -162.70453527753224
Error Kutze  = 0.0003228374152968172
Error Dirac  = 0.0012348734817351215
Delta Energy = 5.818588135753089e-07
Dirac - Kutzelnigg = 0.0009120360664383043

PARAMETERS:
molecule    = [['Ar', 18, 0.0, 0.0, 0.0, 54, 54]]
D2          = True
prec        = 4
derivative  = ABGV
box         = 1

-------------------------------
Ar 1 1 4 ABGV 1
-------------------------------
Now executing: python test.py Input_Making/input__Ar114BS.txt
Input file: Input_Making/input__Ar114BS.txt
Output file: outputs/output__Ar114BS.txt
light_speed = 137.03599913900001  # default 137.03599913900001
derivative = "BS"         # possible values: PH, ABGV, BS
order = 7
box = 1
prec = 1.0e-4                 # precision threshold for the MRA operations
thr  = 1.0e-3                  # error threshold for SCF convergence

readPotential    = False        # bool
computePotential = True         # bool 
savePotential    = False         # bool
potential = "fermi_dirac"       # possible values: point_charge coulomb_HFYGB homogeneus_charge_sphere gaussian

readOrbitals     = False        # bool
saveOrbitals     = False         # bool
saveGuess        = False

scf              = True
ktrs             = False
D2               = True         # bool
two_electrons    = False         # bool

runGaunt         = False
runGaugeA        = False
runGaugeB        = False
runGaugeC        = False
runGaugeD        = False
runGaugeDelta    = False

molecule = [ ["Ar", 18, 0.0, 0.0, 0.0, 54, 54] ]

# With the paramenters I got from Robert, the error is (1) higher than
#  what he gets and (2) dominated by the width of the Gaussian
# I get a much better agreement with the ideal value IF the Gaussian
#  size is reduced by one order of magnitude 3e4->3e5 for Ar
# It seems the position of the nucleus is also important: I get bad
#  results from D2 if I move the nucleus
# Higher prec with off centered nucleus is too demanding for my laptop

**************************************
18 [0.0, 0.0, 0.0]
Fermi Dirac potential
Using Half Charge Radius for Ar: 6.8888709658e-05
Integral of the Fermi-Dirac distribution via cartesian 3D integration: 1.648133401468386
The normalization constant is: 10.921446033411556
Integral of the Fermi-Dirac distribution via 3D integration: 18.000000000000043
3D density

*FunctionTree: nn
  genNodes: 0
  square norm: 1.21479e+14
  root scale: 0
  order: 7
  nodes: 776
  endNodes: 680
  nodes per scale: 
    scale=0  nodes=8
    scale=1  nodes=64
    scale=2  nodes=64
    scale=3  nodes=64
    scale=4  nodes=64
    scale=5  nodes=64
    scale=6  nodes=64
    scale=7  nodes=64
    scale=8  nodes=64
    scale=9  nodes=64
    scale=10  nodes=64
    scale=11  nodes=64
    scale=12  nodes=64

3D potential

*FunctionTree: nn
  genNodes: 0
  square norm: 4972.67
  root scale: 0
  order: 7
  nodes: 904
  endNodes: 792
  nodes per scale: 
    scale=0  nodes=8
    scale=1  nodes=64
    scale=2  nodes=64
    scale=3  nodes=64
    scale=4  nodes=64
    scale=5  nodes=64
    scale=6  nodes=64
    scale=7  nodes=64
    scale=8  nodes=64
    scale=9  nodes=64
    scale=10  nodes=64
    scale=11  nodes=64
    scale=12  nodes=64
    scale=13  nodes=64
    scale=14  nodes=64

Potential

*FunctionTree: nn
  genNodes: 0
  square norm: 4972.67
  root scale: 0
  order: 7
  nodes: 904
  endNodes: 792
  nodes per scale: 
    scale=0  nodes=8
    scale=1  nodes=64
    scale=2  nodes=64
    scale=3  nodes=64
    scale=4  nodes=64
    scale=5  nodes=64
    scale=6  nodes=64
    scale=7  nodes=64
    scale=8  nodes=64
    scale=9  nodes=64
    scale=10  nodes=64
    scale=11  nodes=64
    scale=12  nodes=64
    scale=13  nodes=64
    scale=14  nodes=64

Number of Atoms =  1
[['Ar', 18, 0.0, 0.0, 0.0, 54, 54]]
Using derivative  BS
Hartree-Fock 1e D2
Classic-like energies: cke = 164.76033658517403 cpe = -326.6207982097983 cke + cpe = -161.86046162462426
mu = 17.99224619799453
Error = 0.0020945419453716175
Delta E 162.56410070917372
Energy -162.56410070917372 0
Converged?  0.0020945419453716175  >  0.001   ----   162.56410070917372  >  1e-05   ----  iteration 0
Classic-like energies: cke = 165.90769105158037 cpe = -327.895888686624 cke + cpe = -161.98819763504363
mu = 17.999344301115173
Error = 0.001520075033116764
Delta E 0.12885189219915105
Energy -162.69295260137287 -162.56410070917372
Converged?  0.001520075033116764  >  0.001   ----   0.12885189219915105  >  1e-05   ----  iteration 1
Classic-like energies: cke = 166.7551824237926 cpe = -328.74884647377166 cke + cpe = -161.99366404997906
mu = 17.999647999334822
Error = 0.0008767383199237647
Delta E 0.005514188579127222
Energy -162.698466789952 -162.69295260137287
Converged?  0.0008767383199237647  >  0.001   ----   0.005514188579127222  >  1e-05   ----  iteration 2
Classic-like energies: cke = 167.2093375847488 cpe = -329.2042345476107 cke + cpe = -161.99489696286193
mu = 17.999716495704142
Error = 0.0004924272437340586
Delta E 0.001243688132007037
Energy -162.699710478084 -162.698466789952
Converged?  0.0004924272437340586  >  0.001   ----   0.001243688132007037  >  1e-05   ----  iteration 3
Classic-like energies: cke = 167.44681395855915 cpe = -329.44177825898976 cke + cpe = -161.9949643004306
mu = 17.999720236738714
Error = 0.00026749729962132575
Delta E 6.792607854322341e-05
Energy -162.69977840416254 -162.699710478084
Converged?  0.00026749729962132575  >  0.001   ----   6.792607854322341e-05  >  1e-05   ----  iteration 4
Classic-like energies: cke = 167.57015731390038 cpe = -329.5651844906798 cke + cpe = -161.99502717677944
mu = 17.999723729923158
Error = 0.00014325656444420988
Delta E 6.342587008134615e-05
Energy -162.69984183003263 -162.69977840416254
Converged?  0.00014325656444420988  >  0.001   ----   6.342587008134615e-05  >  1e-05   ----  iteration 5
Classic-like energies: cke = 167.63392182641456 cpe = -329.62894457091465 cke + cpe = -161.9950227445001
mu = 17.999723483681635
Error = 7.566044767997454e-05
Delta E 4.471016040952236e-06
Energy -162.69983735901658 -162.69984183003263
Converged?  7.566044767997454e-05  >  0.001   ----   4.471016040952236e-06  >  1e-05   ----  iteration 6
Classic-like energies: cke = 167.66681539246858 cpe = -329.66184017146793 cke + cpe = -161.99502477899935
mu = 17.99972359671111
Error = 3.965374456995286e-05
Delta E 2.0522800241451478e-06
Energy -162.6998394112966 -162.69983735901658
Converged?  3.965374456995286e-05  >  0.001   ----   2.0522800241451478e-06  >  1e-05   ----  iteration 7
Classic-like energies: cke = 167.6837584766538 cpe = -329.6787819880694 cke + cpe = -161.99502351141558
mu = 17.999723526288708
Error = 2.0652536761516726e-05
Delta E 1.2786629497441027e-06
Energy -162.69983813263366 -162.6998394112966
Converged?  2.0652536761516726e-05  >  0.001   ----   1.2786629497441027e-06  >  1e-05   ----  iteration 8
Classic-like energies: cke = 167.6924791967387 cpe = -329.68749991495895 cke + cpe = -161.99502071822025
mu = 17.999723371108804
Error = 1.070764371201119e-05
Delta E 2.8176055764106422e-06
Energy -162.69983531502808 -162.69983813263366
Converged?  1.070764371201119e-05  >  0.001   ----   2.8176055764106422e-06  >  1e-05   ----  iteration 9
Classic-like energies: cke = 167.69696303895608 cpe = -329.69198343287843 cke + cpe = -161.99502039392235
mu = 17.999723353091976
Error = 5.5386468812861615e-06
Delta E 3.271332218446332e-07
Energy -162.69983498789486 -162.69983531502808
Converged?  5.5386468812861615e-06  >  0.001   ----   3.271332218446332e-07  >  1e-05   ----  iteration 10
Classic-like energies: cke = 167.69926757828813, cpe = -329.6895964616172, cke + cpe = -161.99032888332908
Exact Energy = -162.70485811494655
Dirac Energy = -162.70620703784152
Kutze Energy = -162.6951024754741
Error Kutze  = 0.009755639472132316
Error Dirac  = -0.0013489228949765675
Delta Energy = 0.004732512420758894
Dirac - Kutzelnigg = -0.011104562367108883

PARAMETERS:
molecule    = [['Ar', 18, 0.0, 0.0, 0.0, 54, 54]]
D2          = True
prec        = 4
derivative  = BS
box         = 1

-------------------------------
Ar 1 1 4 BS 1
-------------------------------
Now executing: python test.py Input_Making/input__Ar114PH.txt
Input file: Input_Making/input__Ar114PH.txt
Output file: outputs/output__Ar114PH.txt
light_speed = 137.03599913900001  # default 137.03599913900001
derivative = "PH"         # possible values: PH, ABGV, BS
order = 7
box = 1
prec = 1.0e-4                 # precision threshold for the MRA operations
thr  = 1.0e-3                  # error threshold for SCF convergence

readPotential    = False        # bool
computePotential = True         # bool 
savePotential    = False         # bool
potential = "fermi_dirac"       # possible values: point_charge coulomb_HFYGB homogeneus_charge_sphere gaussian

readOrbitals     = False        # bool
saveOrbitals     = False         # bool
saveGuess        = False

scf              = True
ktrs             = False
D2               = True         # bool
two_electrons    = False         # bool

runGaunt         = False
runGaugeA        = False
runGaugeB        = False
runGaugeC        = False
runGaugeD        = False
runGaugeDelta    = False

molecule = [ ["Ar", 18, 0.0, 0.0, 0.0, 54, 54] ]

# With the paramenters I got from Robert, the error is (1) higher than
#  what he gets and (2) dominated by the width of the Gaussian
# I get a much better agreement with the ideal value IF the Gaussian
#  size is reduced by one order of magnitude 3e4->3e5 for Ar
# It seems the position of the nucleus is also important: I get bad
#  results from D2 if I move the nucleus
# Higher prec with off centered nucleus is too demanding for my laptop

**************************************
18 [0.0, 0.0, 0.0]
Fermi Dirac potential
Using Half Charge Radius for Ar: 6.8888709658e-05
Integral of the Fermi-Dirac distribution via cartesian 3D integration: 1.648133401468386
The normalization constant is: 10.921446033411556
Integral of the Fermi-Dirac distribution via 3D integration: 18.000000000000043
3D density

*FunctionTree: nn
  genNodes: 0
  square norm: 1.21479e+14
  root scale: 0
  order: 7
  nodes: 776
  endNodes: 680
  nodes per scale: 
    scale=0  nodes=8
    scale=1  nodes=64
    scale=2  nodes=64
    scale=3  nodes=64
    scale=4  nodes=64
    scale=5  nodes=64
    scale=6  nodes=64
    scale=7  nodes=64
    scale=8  nodes=64
    scale=9  nodes=64
    scale=10  nodes=64
    scale=11  nodes=64
    scale=12  nodes=64

3D potential

*FunctionTree: nn
  genNodes: 0
  square norm: 4972.67
  root scale: 0
  order: 7
  nodes: 904
  endNodes: 792
  nodes per scale: 
    scale=0  nodes=8
    scale=1  nodes=64
    scale=2  nodes=64
    scale=3  nodes=64
    scale=4  nodes=64
    scale=5  nodes=64
    scale=6  nodes=64
    scale=7  nodes=64
    scale=8  nodes=64
    scale=9  nodes=64
    scale=10  nodes=64
    scale=11  nodes=64
    scale=12  nodes=64
    scale=13  nodes=64
    scale=14  nodes=64

Potential

*FunctionTree: nn
  genNodes: 0
  square norm: 4972.67
  root scale: 0
  order: 7
  nodes: 904
  endNodes: 792
  nodes per scale: 
    scale=0  nodes=8
    scale=1  nodes=64
    scale=2  nodes=64
    scale=3  nodes=64
    scale=4  nodes=64
    scale=5  nodes=64
    scale=6  nodes=64
    scale=7  nodes=64
    scale=8  nodes=64
    scale=9  nodes=64
    scale=10  nodes=64
    scale=11  nodes=64
    scale=12  nodes=64
    scale=13  nodes=64
    scale=14  nodes=64

Number of Atoms =  1
[['Ar', 18, 0.0, 0.0, 0.0, 54, 54]]
Using derivative  PH
Hartree-Fock 1e D2
Classic-like energies: cke = 164.76033658517403 cpe = -326.5471660358645 cke + cpe = -161.78682945069048
mu = 17.98815329324778
Error = 0.0019156333599810121
Delta E 162.4898257013182
Energy -162.4898257013182 0
Converged?  0.0019156333599810121  >  0.001   ----   162.4898257013182  >  1e-05   ----  iteration 0
Classic-like energies: cke = 165.79767565833265 cpe = -327.78277675359396 cke + cpe = -161.9851010952613
mu = 17.99917226403822
Error = 0.0015886242350743156
Delta E 0.20000329883782797
Energy -162.68982900015604 -162.4898257013182
Converged?  0.0015886242350743156  >  0.001   ----   0.20000329883782797  >  1e-05   ----  iteration 1
Classic-like energies: cke = 166.69134362365898 cpe = -328.68439411159454 cke + cpe = -161.99305048793556
mu = 17.999613911855754
Error = 0.0009194555207404288
Delta E 0.008018865455710511
Energy -162.69784786561175 -162.68982900015604
Converged?  0.0009194555207404288  >  0.001   ----   0.008018865455710511  >  1e-05   ----  iteration 2
Classic-like energies: cke = 167.17563175105164 cpe = -329.17031009289167 cke + cpe = -161.99467834184003
mu = 17.99970434989642
Error = 0.0005208318947720362
Delta E 0.0016420807677377525
Energy -162.6994899463795 -162.69784786561175
Converged?  0.0005208318947720362  >  0.001   ----   0.0016420807677377525  >  1e-05   ----  iteration 3
Classic-like energies: cke = 167.42896574910762 cpe = -329.4236753691473 cke + cpe = -161.99470962003969
mu = 17.999706087602636
Error = 0.0002833408876761743
Delta E 3.155156275624904e-05
Energy -162.69952149794224 -162.6994899463795
Converged?  0.0002833408876761743  >  0.001   ----   3.155156275624904e-05  >  1e-05   ----  iteration 4
Classic-like energies: cke = 167.56077663366864 cpe = -329.55556836874575 cke + cpe = -161.99479173507711
mu = 17.999710649623072
Error = 0.00015219912038876384
Delta E 8.283269829689743e-05
Energy -162.69960433064054 -162.69952149794224
Converged?  0.00015219912038876384  >  0.001   ----   8.283269829689743e-05  >  1e-05   ----  iteration 5
Classic-like energies: cke = 167.62891201551957 cpe = -329.6236972929765 cke + cpe = -161.9947852774569
mu = 17.999710290860623
Error = 8.047348758295022e-05
Delta E 6.514057986350963e-06
Energy -162.69959781658255 -162.69960433064054
Converged?  8.047348758295022e-05  >  0.001   ----   6.514057986350963e-06  >  1e-05   ----  iteration 6
Classic-like energies: cke = 167.66408335900238 cpe = -329.65887175416947 cke + cpe = -161.9947883951671
mu = 17.99971046406953
Error = 4.223111101036342e-05
Delta E 3.1449577022613084e-06
Energy -162.69960096154026 -162.69959781658255
Converged?  4.223111101036342e-05  >  0.001   ----   3.1449577022613084e-06  >  1e-05   ----  iteration 7
Classic-like energies: cke = 167.68219850222707 cpe = -329.67698524468227 cke + cpe = -161.9947867424552
mu = 17.99971037225073
Error = 2.2008127456812716e-05
Delta E 1.66715605587342e-06
Energy -162.6995992943842 -162.69960096154026
Converged?  2.2008127456812716e-05  >  0.001   ----   1.66715605587342e-06  >  1e-05   ----  iteration 8
Classic-like energies: cke = 167.69152080553658 cpe = -329.6863071977515 cke + cpe = -161.9947863922149
mu = 17.99971035279262
Error = 1.1421801444427046e-05
Delta E 3.5330046443959873e-07
Energy -162.69959894108374 -162.6995992943842
Converged?  1.1421801444427046e-05  >  0.001   ----   3.5330046443959873e-07  >  1e-05   ----  iteration 9
Classic-like energies: cke = 167.6963153854209, cpe = -329.6861553849704, cke + cpe = -161.9898399995495
Exact Energy = -162.70485811494655
Dirac Energy = -162.71500677496078
Kutze Energy = -162.69460931912585
Error Kutze  = 0.01024879582109861
Error Dirac  = -0.010148660014237976
Delta Energy = 0.004989621957889767
Dirac - Kutzelnigg = -0.020397455835336586

PARAMETERS:
molecule    = [['Ar', 18, 0.0, 0.0, 0.0, 54, 54]]
D2          = True
prec        = 4
derivative  = PH
box         = 1

-------------------------------
Ar 1 1 4 PH 1
-------------------------------
Now executing: python test.py Input_Making/input__Ar115ABGV.txt
Input file: Input_Making/input__Ar115ABGV.txt
Output file: outputs/output__Ar115ABGV.txt
light_speed = 137.03599913900001  # default 137.03599913900001
derivative = "ABGV"         # possible values: PH, ABGV, BS
order = 8
box = 1
prec = 1.0e-5                 # precision threshold for the MRA operations
thr  = 1.0e-4                  # error threshold for SCF convergence

readPotential    = False        # bool
computePotential = True         # bool 
savePotential    = False         # bool
potential = "fermi_dirac"       # possible values: point_charge coulomb_HFYGB homogeneus_charge_sphere gaussian

readOrbitals     = False        # bool
saveOrbitals     = False         # bool
saveGuess        = False

scf              = True
ktrs             = False
D2               = True         # bool
two_electrons    = False         # bool

runGaunt         = False
runGaugeA        = False
runGaugeB        = False
runGaugeC        = False
runGaugeD        = False
runGaugeDelta    = False

molecule = [ ["Ar", 18, 0.0, 0.0, 0.0, 54, 54] ]

# With the paramenters I got from Robert, the error is (1) higher than
#  what he gets and (2) dominated by the width of the Gaussian
# I get a much better agreement with the ideal value IF the Gaussian
#  size is reduced by one order of magnitude 3e4->3e5 for Ar
# It seems the position of the nucleus is also important: I get bad
#  results from D2 if I move the nucleus
# Higher prec with off centered nucleus is too demanding for my laptop

**************************************
18 [0.0, 0.0, 0.0]
Fermi Dirac potential
Using Half Charge Radius for Ar: 6.8888709658e-05
Integral of the Fermi-Dirac distribution via cartesian 3D integration: 1.6484584648456482
The normalization constant is: 10.919292407943935
Integral of the Fermi-Dirac distribution via 3D integration: 18.000000000001094
3D density

*FunctionTree: nn
  genNodes: 0
  square norm: 1.21385e+14
  root scale: 0
  order: 8
  nodes: 776
  endNodes: 680
  nodes per scale: 
    scale=0  nodes=8
    scale=1  nodes=64
    scale=2  nodes=64
    scale=3  nodes=64
    scale=4  nodes=64
    scale=5  nodes=64
    scale=6  nodes=64
    scale=7  nodes=64
    scale=8  nodes=64
    scale=9  nodes=64
    scale=10  nodes=64
    scale=11  nodes=64
    scale=12  nodes=64

3D potential

*FunctionTree: nn
  genNodes: 0
  square norm: 4972.66
  root scale: 0
  order: 8
  nodes: 904
  endNodes: 792
  nodes per scale: 
    scale=0  nodes=8
    scale=1  nodes=64
    scale=2  nodes=64
    scale=3  nodes=64
    scale=4  nodes=64
    scale=5  nodes=64
    scale=6  nodes=64
    scale=7  nodes=64
    scale=8  nodes=64
    scale=9  nodes=64
    scale=10  nodes=64
    scale=11  nodes=64
    scale=12  nodes=64
    scale=13  nodes=64
    scale=14  nodes=64

Potential

*FunctionTree: nn
  genNodes: 0
  square norm: 4972.66
  root scale: 0
  order: 8
  nodes: 904
  endNodes: 792
  nodes per scale: 
    scale=0  nodes=8
    scale=1  nodes=64
    scale=2  nodes=64
    scale=3  nodes=64
    scale=4  nodes=64
    scale=5  nodes=64
    scale=6  nodes=64
    scale=7  nodes=64
    scale=8  nodes=64
    scale=9  nodes=64
    scale=10  nodes=64
    scale=11  nodes=64
    scale=12  nodes=64
    scale=13  nodes=64
    scale=14  nodes=64

Number of Atoms =  1
[['Ar', 18, 0.0, 0.0, 0.0, 54, 54]]
Using derivative  ABGV
Hartree-Fock 1e D2
Classic-like energies: cke = 164.77532316560976 cpe = -326.64079392991374 cke + cpe = -161.86547076430398
mu = 17.992524601306176
Error = 0.002167358633753625
Delta E 162.56915359111042
Energy -162.56915359111042 0
Converged?  0.002167358633753625  >  0.0001   ----   162.56915359111042  >  1.0000000000000002e-06   ----  iteration 0
Classic-like energies: cke = 165.9649717408803 cpe = -327.95078542877155 cke + cpe = -161.98581368789127
mu = 17.999211854294693
Error = 0.00150884025514452
Delta E 0.12139422915464593
Energy -162.69054782026507 -162.56915359111042
Converged?  0.00150884025514452  >  0.0001   ----   0.12139422915464593  >  1.0000000000000002e-06   ----  iteration 1
Classic-like energies: cke = 166.78719842020263 cpe = -328.7846578728173 cke + cpe = -161.9974594526147
mu = 17.99985885792523
Error = 0.0008702969272515071
Delta E 0.011747543143542316
Energy -162.7022953634086 -162.69054782026507
Converged?  0.0008702969272515071  >  0.0001   ----   0.011747543143542316  >  1.0000000000000002e-06   ----  iteration 2
Classic-like energies: cke = 167.23790895835955 cpe = -329.2369929810139 cke + cpe = -161.99908402265433
mu = 17.999949112297752
Error = 0.0004905062374578359
Delta E 0.0016387685948870967
Energy -162.7039341320035 -162.7022953634086
Converged?  0.0004905062374578359  >  0.0001   ----   0.0016387685948870967  >  1.0000000000000002e-06   ----  iteration 3
Classic-like energies: cke = 167.47332504448863 cpe = -329.4726807604157 cke + cpe = -161.99935571592707
mu = 17.999964206404805
Error = 0.0002660025010616284
Delta E 0.0002740678552299869
Energy -162.70420819985873 -162.7039341320035
Converged?  0.0002660025010616284  >  0.0001   ----   0.0002740678552299869  >  1.0000000000000002e-06   ----  iteration 4
Classic-like energies: cke = 167.5963252642093 cpe = -329.59575892438727 cke + cpe = -161.99943366017797
mu = 17.999968536649057
Error = 0.0001427353331336619
Delta E 7.862547914783136e-05
Energy -162.70428682533787 -162.70420819985873
Converged?  0.0001427353331336619  >  0.0001   ----   7.862547914783136e-05  >  1.0000000000000002e-06   ----  iteration 5
Classic-like energies: cke = 167.65986535718056 cpe = -329.659313869144 cke + cpe = -161.99944851196344
mu = 17.99996936174967
Error = 7.538952497373674e-05
Delta E 1.4981589714579968e-05
Energy -162.7043018069276 -162.70428682533787
Converged?  7.538952497373674e-05  >  0.0001   ----   1.4981589714579968e-05  >  1.0000000000000002e-06   ----  iteration 6
Classic-like energies: cke = 167.69271480844722 cpe = -329.69216839014337 cke + cpe = -161.99945358169614
mu = 17.999969643401965
Error = 3.955840944756639e-05
Delta E 5.1140429491169925e-06
Energy -162.70430692097054 -162.7043018069276
Converged?  3.955840944756639e-05  >  0.0001   ----   5.1140429491169925e-06  >  1.0000000000000002e-06   ----  iteration 7
Classic-like energies: cke = 167.70963398346333 cpe = -329.7090884675863 cke + cpe = -161.99945448412296
mu = 17.999969693536872
Error = 2.0610715689063413e-05
Delta E 9.103138722821313e-07
Energy -162.7043078312844 -162.70430692097054
Converged?  2.0610715689063413e-05  >  0.0001   ----   9.103138722821313e-07  >  1.0000000000000002e-06   ----  iteration 8
Classic-like energies: cke = 167.7183466271278 cpe = -329.7178015024642 cke + cpe = -161.99945487533643
mu = 17.999969715270993
Error = 1.0698808246138593e-05
Delta E 3.9463097323277907e-07
Energy -162.70430822591538 -162.7043078312844
Converged?  1.0698808246138593e-05  >  0.0001   ----   3.9463097323277907e-07  >  1.0000000000000002e-06   ----  iteration 9
Classic-like energies: cke = 167.7228280798953 cpe = -329.72228299385347 cke + cpe = -161.99945491395817
mu = 17.999969717416647
Error = 5.534874778902822e-06
Delta E 3.896002453984693e-08
Energy -162.7043082648754 -162.70430822591538
Converged?  5.534874778902822e-06  >  0.0001   ----   3.896002453984693e-08  >  1.0000000000000002e-06   ----  iteration 10
Classic-like energies: cke = 167.7251327468804, cpe = -329.7245876762428, cke + cpe = -161.99945492936237
Exact Energy = -162.70485811494655
Dirac Energy = -162.7040383307285
Kutze Energy = -162.70430828041395
Error Kutze  = 0.0005498345308296848
Error Dirac  = 0.0008197842180379666
Delta Energy = -1.5538546449533897e-08
Dirac - Kutzelnigg = 0.00026994968720828183

PARAMETERS:
molecule    = [['Ar', 18, 0.0, 0.0, 0.0, 54, 54]]
D2          = True
prec        = 5
derivative  = ABGV
box         = 1

-------------------------------
Ar 1 1 5 ABGV 1
-------------------------------
Now executing: python test.py Input_Making/input__Ar115BS.txt
Input file: Input_Making/input__Ar115BS.txt
Output file: outputs/output__Ar115BS.txt
light_speed = 137.03599913900001  # default 137.03599913900001
derivative = "BS"         # possible values: PH, ABGV, BS
order = 8
box = 1
prec = 1.0e-5                 # precision threshold for the MRA operations
thr  = 1.0e-4                  # error threshold for SCF convergence

readPotential    = False        # bool
computePotential = True         # bool 
savePotential    = False         # bool
potential = "fermi_dirac"       # possible values: point_charge coulomb_HFYGB homogeneus_charge_sphere gaussian

readOrbitals     = False        # bool
saveOrbitals     = False         # bool
saveGuess        = False

scf              = True
ktrs             = False
D2               = True         # bool
two_electrons    = False         # bool

runGaunt         = False
runGaugeA        = False
runGaugeB        = False
runGaugeC        = False
runGaugeD        = False
runGaugeDelta    = False

molecule = [ ["Ar", 18, 0.0, 0.0, 0.0, 54, 54] ]

# With the paramenters I got from Robert, the error is (1) higher than
#  what he gets and (2) dominated by the width of the Gaussian
# I get a much better agreement with the ideal value IF the Gaussian
#  size is reduced by one order of magnitude 3e4->3e5 for Ar
# It seems the position of the nucleus is also important: I get bad
#  results from D2 if I move the nucleus
# Higher prec with off centered nucleus is too demanding for my laptop

**************************************
18 [0.0, 0.0, 0.0]
Fermi Dirac potential
Using Half Charge Radius for Ar: 6.8888709658e-05
Integral of the Fermi-Dirac distribution via cartesian 3D integration: 1.6484584648456482
The normalization constant is: 10.919292407943935
Integral of the Fermi-Dirac distribution via 3D integration: 18.000000000001094
3D density

*FunctionTree: nn
  genNodes: 0
  square norm: 1.21385e+14
  root scale: 0
  order: 8
  nodes: 776
  endNodes: 680
  nodes per scale: 
    scale=0  nodes=8
    scale=1  nodes=64
    scale=2  nodes=64
    scale=3  nodes=64
    scale=4  nodes=64
    scale=5  nodes=64
    scale=6  nodes=64
    scale=7  nodes=64
    scale=8  nodes=64
    scale=9  nodes=64
    scale=10  nodes=64
    scale=11  nodes=64
    scale=12  nodes=64

3D potential

*FunctionTree: nn
  genNodes: 0
  square norm: 4972.66
  root scale: 0
  order: 8
  nodes: 904
  endNodes: 792
  nodes per scale: 
    scale=0  nodes=8
    scale=1  nodes=64
    scale=2  nodes=64
    scale=3  nodes=64
    scale=4  nodes=64
    scale=5  nodes=64
    scale=6  nodes=64
    scale=7  nodes=64
    scale=8  nodes=64
    scale=9  nodes=64
    scale=10  nodes=64
    scale=11  nodes=64
    scale=12  nodes=64
    scale=13  nodes=64
    scale=14  nodes=64

Potential

*FunctionTree: nn
  genNodes: 0
  square norm: 4972.66
  root scale: 0
  order: 8
  nodes: 904
  endNodes: 792
  nodes per scale: 
    scale=0  nodes=8
    scale=1  nodes=64
    scale=2  nodes=64
    scale=3  nodes=64
    scale=4  nodes=64
    scale=5  nodes=64
    scale=6  nodes=64
    scale=7  nodes=64
    scale=8  nodes=64
    scale=9  nodes=64
    scale=10  nodes=64
    scale=11  nodes=64
    scale=12  nodes=64
    scale=13  nodes=64
    scale=14  nodes=64

Number of Atoms =  1
[['Ar', 18, 0.0, 0.0, 0.0, 54, 54]]
Using derivative  BS
Hartree-Fock 1e D2
Classic-like energies: cke = 164.77532316560976 cpe = -326.7023167740464 cke + cpe = -161.92699360843662
mu = 17.99594363229873
Error = 0.0023177458610018136
Delta E 162.63121379468726
Energy -162.63121379468726 0
Converged?  0.0023177458610018136  >  0.0001   ----   162.63121379468726  >  1.0000000000000002e-06   ----  iteration 0
Classic-like energies: cke = 166.05678911564843 cpe = -328.0498542439763 cke + cpe = -161.99306512832788
mu = 17.99961472522831
Error = 0.0014604610382919058
Delta E 0.06664883926924858
Energy -162.6978626339565 -162.63121379468726
Converged?  0.0014604610382919058  >  0.0001   ----   0.06664883926924858  >  1.0000000000000002e-06   ----  iteration 1
Classic-like energies: cke = 166.8492781755279 cpe = -328.84705268407714 cke + cpe = -161.99777450854924
mu = 17.99987636116144
Error = 0.0008371938517703192
Delta E 0.004750538927680736
Energy -162.70261317288418 -162.6978626339565
Converged?  0.0008371938517703192  >  0.0001   ----   0.004750538927680736  >  1.0000000000000002e-06   ----  iteration 2
Classic-like energies: cke = 167.2697246051247 cpe = -329.26849613057647 cke + cpe = -161.99877152545176
mu = 17.9999317512846
Error = 0.0004642128000785323
Delta E 0.0010057307163151563
Energy -162.7036189036005 -162.70261317288418
Converged?  0.0004642128000785323  >  0.0001   ----   0.0010057307163151563  >  1.0000000000000002e-06   ----  iteration 3
Classic-like energies: cke = 167.48961314667616 cpe = -329.48859771337686 cke + cpe = -161.9989845667007
mu = 17.999943586950526
Error = 0.0002514114502432508
Delta E 0.00021490321086048425
Energy -162.70383380681136 -162.7036189036005
Converged?  0.0002514114502432508  >  0.0001   ----   0.00021490321086048425  >  1.0000000000000002e-06   ----  iteration 4
Classic-like energies: cke = 167.60369388471304 cpe = -329.60273733988583 cke + cpe = -161.9990434551728
mu = 17.999946858542266
Error = 0.00013403537994390792
Delta E 5.940315381280925e-05
Energy -162.70389320996517 -162.70383380681136
Converged?  0.00013403537994390792  >  0.0001   ----   5.940315381280925e-05  >  1.0000000000000002e-06   ----  iteration 5
Classic-like energies: cke = 167.66269080408875 cpe = -329.66174764533474 cke + cpe = -161.999056841246
mu = 17.99994760221518
Error = 7.067593845448086e-05
Delta E 1.3503066725206736e-05
Energy -162.7039067130319 -162.70389320996517
Converged?  7.067593845448086e-05  >  0.0001   ----   1.3503066725206736e-05  >  1.0000000000000002e-06   ----  iteration 6
Classic-like energies: cke = 167.6931105753667 cpe = -329.6921712019721 cke + cpe = -161.9990606266054
mu = 17.999947812513536
Error = 3.697035468728033e-05
Delta E 3.818442507963482e-06
Energy -162.7039105314744 -162.7039067130319
Converged?  3.697035468728033e-05  >  0.0001   ----   3.818442507963482e-06  >  1.0000000000000002e-06   ----  iteration 7
Classic-like energies: cke = 167.70878548911872 cpe = -329.7078469134205 cke + cpe = -161.99906142430177
mu = 17.99994785683013
Error = 1.923953966311613e-05
Delta E 8.046691846175236e-07
Energy -162.7039113361436 -162.7039105314744
Converged?  1.923953966311613e-05  >  0.0001   ----   8.046691846175236e-07  >  1.0000000000000002e-06   ----  iteration 8
Classic-like energies: cke = 167.71684931046696 cpe = -329.715910904554 cke + cpe = -161.99906159408704
mu = 17.99994786626267
Error = 9.971162900739593e-06
Delta E 1.712681410026562e-07
Energy -162.70391150741173 -162.7039113361436
Converged?  9.971162900739593e-06  >  0.0001   ----   1.712681410026562e-07  >  1.0000000000000002e-06   ----  iteration 9
Classic-like energies: cke = 167.72099875405115 cpe = -329.72006028492365 cke + cpe = -161.9990615308725
mu = 17.99994786275074
Error = 5.15526100424122e-06
Delta E 6.376583883138665e-08
Energy -162.7039114436459 -162.70391150741173
Converged?  5.15526100424122e-06  >  0.0001   ----   6.376583883138665e-08  >  1.0000000000000002e-06   ----  iteration 10
Classic-like energies: cke = 167.7231314843205, cpe = -329.7217882440019, cke + cpe = -161.9986567596814
Exact Energy = -162.70485811494655
Dirac Energy = -162.70453923394234
Kutze Energy = -162.70350313478787
Error Kutze  = 0.0013549801587942056
Error Dirac  = 0.00031888100420474075
Delta Energy = 0.00040830885802733974
Dirac - Kutzelnigg = -0.0010360991545894649

PARAMETERS:
molecule    = [['Ar', 18, 0.0, 0.0, 0.0, 54, 54]]
D2          = True
prec        = 5
derivative  = BS
box         = 1

-------------------------------
Ar 1 1 5 BS 1
-------------------------------
Now executing: python test.py Input_Making/input__Ar115PH.txt
Input file: Input_Making/input__Ar115PH.txt
Output file: outputs/output__Ar115PH.txt
light_speed = 137.03599913900001  # default 137.03599913900001
derivative = "PH"         # possible values: PH, ABGV, BS
order = 8
box = 1
prec = 1.0e-5                 # precision threshold for the MRA operations
thr  = 1.0e-4                  # error threshold for SCF convergence

readPotential    = False        # bool
computePotential = True         # bool 
savePotential    = False         # bool
potential = "fermi_dirac"       # possible values: point_charge coulomb_HFYGB homogeneus_charge_sphere gaussian

readOrbitals     = False        # bool
saveOrbitals     = False         # bool
saveGuess        = False

scf              = True
ktrs             = False
D2               = True         # bool
two_electrons    = False         # bool

runGaunt         = False
runGaugeA        = False
runGaugeB        = False
runGaugeC        = False
runGaugeD        = False
runGaugeDelta    = False

molecule = [ ["Ar", 18, 0.0, 0.0, 0.0, 54, 54] ]

# With the paramenters I got from Robert, the error is (1) higher than
#  what he gets and (2) dominated by the width of the Gaussian
# I get a much better agreement with the ideal value IF the Gaussian
#  size is reduced by one order of magnitude 3e4->3e5 for Ar
# It seems the position of the nucleus is also important: I get bad
#  results from D2 if I move the nucleus
# Higher prec with off centered nucleus is too demanding for my laptop

**************************************
18 [0.0, 0.0, 0.0]
Fermi Dirac potential
Using Half Charge Radius for Ar: 6.8888709658e-05
Integral of the Fermi-Dirac distribution via cartesian 3D integration: 1.6484584648456482
The normalization constant is: 10.919292407943935
Integral of the Fermi-Dirac distribution via 3D integration: 18.000000000001094
3D density

*FunctionTree: nn
  genNodes: 0
  square norm: 1.21385e+14
  root scale: 0
  order: 8
  nodes: 776
  endNodes: 680
  nodes per scale: 
    scale=0  nodes=8
    scale=1  nodes=64
    scale=2  nodes=64
    scale=3  nodes=64
    scale=4  nodes=64
    scale=5  nodes=64
    scale=6  nodes=64
    scale=7  nodes=64
    scale=8  nodes=64
    scale=9  nodes=64
    scale=10  nodes=64
    scale=11  nodes=64
    scale=12  nodes=64

3D potential

*FunctionTree: nn
  genNodes: 0
  square norm: 4972.66
  root scale: 0
  order: 8
  nodes: 904
  endNodes: 792
  nodes per scale: 
    scale=0  nodes=8
    scale=1  nodes=64
    scale=2  nodes=64
    scale=3  nodes=64
    scale=4  nodes=64
    scale=5  nodes=64
    scale=6  nodes=64
    scale=7  nodes=64
    scale=8  nodes=64
    scale=9  nodes=64
    scale=10  nodes=64
    scale=11  nodes=64
    scale=12  nodes=64
    scale=13  nodes=64
    scale=14  nodes=64

Potential

*FunctionTree: nn
  genNodes: 0
  square norm: 4972.66
  root scale: 0
  order: 8
  nodes: 904
  endNodes: 792
  nodes per scale: 
    scale=0  nodes=8
    scale=1  nodes=64
    scale=2  nodes=64
    scale=3  nodes=64
    scale=4  nodes=64
    scale=5  nodes=64
    scale=6  nodes=64
    scale=7  nodes=64
    scale=8  nodes=64
    scale=9  nodes=64
    scale=10  nodes=64
    scale=11  nodes=64
    scale=12  nodes=64
    scale=13  nodes=64
    scale=14  nodes=64

Number of Atoms =  1
[['Ar', 18, 0.0, 0.0, 0.0, 54, 54]]
Using derivative  PH
Hartree-Fock 1e D2
Classic-like energies: cke = 164.77532316560976 cpe = -326.68370523818896 cke + cpe = -161.9083820725792
mu = 17.99490939530284
Error = 0.002271880745327991
Delta E 162.61243967812473
Energy -162.61243967812473 0
Converged?  0.002271880745327991  >  0.0001   ----   162.61243967812473  >  1.0000000000000002e-06   ----  iteration 0
Classic-like energies: cke = 166.0278951834929 cpe = -328.0202553736775 cke + cpe = -161.99236019018463
mu = 17.999575561117247
Error = 0.0014762394645856632
Delta E 0.08471185682412852
Energy -162.69715153494886 -162.61243967812473
Converged?  0.0014762394645856632  >  0.0001   ----   0.08471185682412852  >  1.0000000000000002e-06   ----  iteration 1
Classic-like energies: cke = 166.8320157932938 cpe = -328.8298040074313 cke + cpe = -161.99778821413747
mu = 17.999877122588224
Error = 0.0008471346720408723
Delta E 0.005475463308783901
Energy -162.70262699825764 -162.69715153494886
Converged?  0.0008471346720408723  >  0.0001   ----   0.005475463308783901  >  1.0000000000000002e-06   ----  iteration 2
Classic-like energies: cke = 167.260963181481 cpe = -329.25983684652 cke + cpe = -161.99887366503899
mu = 17.999937425726735
Error = 0.00047148869047402246
Delta E 0.0010949376214455242
Energy -162.7037219358791 -162.70262699825764
Converged?  0.00047148869047402246  >  0.0001   ----   0.0010949376214455242  >  1.0000000000000002e-06   ----  iteration 3
Classic-like energies: cke = 167.48522432040647 cpe = -329.48432138021894 cke + cpe = -161.99909705981247
mu = 17.99994983658635
Error = 0.00025552712684181566
Delta E 0.00022534722705813692
Energy -162.70394728310615 -162.7037219358791
Converged?  0.00025552712684181566  >  0.0001   ----   0.00022534722705813692  >  1.0000000000000002e-06   ----  iteration 4
Classic-like energies: cke = 167.60173543103357 cpe = -329.6008961101043 cke + cpe = -161.99916067907074
mu = 17.99995337099909
Error = 0.00013643187657266047
Delta E 6.417528595648037e-05
Energy -162.7040114583921 -162.70394728310615
Converged?  0.00013643187657266047  >  0.0001   ----   6.417528595648037e-05  >  1.0000000000000002e-06   ----  iteration 5
Classic-like energies: cke = 167.66198221120746 cpe = -329.6611564373373 cke + cpe = -161.99917422612984
mu = 17.999954123615417
Error = 7.19765669227321e-05
Delta E 1.3665459562162141e-05
Energy -162.70402512385166 -162.7040114583921
Converged?  7.19765669227321e-05  >  0.0001   ----   1.3665459562162141e-05  >  1.0000000000000002e-06   ----  iteration 6
Classic-like energies: cke = 167.693061382562 cpe = -329.6922397395462 cke + cpe = -161.9991783569842
mu = 17.99995435310791
Error = 3.7677687856041506e-05
Delta E 4.166958177620472e-06
Energy -162.70402929080984 -162.70402512385166
Converged?  3.7677687856041506e-05  >  0.0001   ----   4.166958177620472e-06  >  1.0000000000000002e-06   ----  iteration 7
Classic-like energies: cke = 167.70907459054592 cpe = -329.7082537592619 cke + cpe = -161.99917916871595
mu = 17.999954398204235
Error = 1.9613281390973778e-05
Delta E 8.188254696506192e-07
Energy -162.7040301096353 -162.70402929080984
Converged?  1.9613281390973778e-05  >  0.0001   ----   8.188254696506192e-07  >  1.0000000000000002e-06   ----  iteration 8
Classic-like energies: cke = 167.71731432238835 cpe = -329.7164937073329 cke + cpe = -161.99917938494457
mu = 17.999954410216965
Error = 1.0168385042240405e-05
Delta E 2.1811939632243593e-07
Energy -162.7040303277547 -162.7040301096353
Converged?  1.0168385042240405e-05  >  0.0001   ----   2.1811939632243593e-07  >  1.0000000000000002e-06   ----  iteration 9
Classic-like energies: cke = 167.72155386800006 cpe = -329.7207332786314 cke + cpe = -161.99917941063137
mu = 17.999954411644012
Error = 5.258263455072374e-06
Delta E 2.5910793510774965e-08
Energy -162.7040303536655 -162.7040303277547
Converged?  5.258263455072374e-06  >  0.0001   ----   2.5910793510774965e-08  >  1.0000000000000002e-06   ----  iteration 10
Classic-like energies: cke = 167.72373316525233, cpe = -329.7226234512725, cke + cpe = -161.99889028602018
Exact Energy = -162.70485811494655
Dirac Energy = -162.70454684995275
Kutze Energy = -162.7037387021262
Error Kutze  = 0.0011194128201168496
Error Dirac  = 0.00031126499379752204
Delta Energy = 0.00029165153929966436
Dirac - Kutzelnigg = -0.0008081478263193276

PARAMETERS:
molecule    = [['Ar', 18, 0.0, 0.0, 0.0, 54, 54]]
D2          = True
prec        = 5
derivative  = PH
box         = 1

-------------------------------
Ar 1 1 5 PH 1
-------------------------------
Now executing: python test.py Input_Making/input__Ar116ABGV.txt
Input file: Input_Making/input__Ar116ABGV.txt
Output file: outputs/output__Ar116ABGV.txt
light_speed = 137.03599913900001  # default 137.03599913900001
derivative = "ABGV"         # possible values: PH, ABGV, BS
order = 9
box = 1
prec = 1.0e-6                 # precision threshold for the MRA operations
thr  = 1.0e-5                  # error threshold for SCF convergence

readPotential    = False        # bool
computePotential = True         # bool 
savePotential    = False         # bool
potential = "fermi_dirac"       # possible values: point_charge coulomb_HFYGB homogeneus_charge_sphere gaussian

readOrbitals     = False        # bool
saveOrbitals     = False         # bool
saveGuess        = False

scf              = True
ktrs             = False
D2               = True         # bool
two_electrons    = False         # bool

runGaunt         = False
runGaugeA        = False
runGaugeB        = False
runGaugeC        = False
runGaugeD        = False
runGaugeDelta    = False

molecule = [ ["Ar", 18, 0.0, 0.0, 0.0, 54, 54] ]

# With the paramenters I got from Robert, the error is (1) higher than
#  what he gets and (2) dominated by the width of the Gaussian
# I get a much better agreement with the ideal value IF the Gaussian
#  size is reduced by one order of magnitude 3e4->3e5 for Ar
# It seems the position of the nucleus is also important: I get bad
#  results from D2 if I move the nucleus
# Higher prec with off centered nucleus is too demanding for my laptop

**************************************
18 [0.0, 0.0, 0.0]
Fermi Dirac potential
Using Half Charge Radius for Ar: 6.8888709658e-05
Integral of the Fermi-Dirac distribution via cartesian 3D integration: 1.648367912101698
The normalization constant is: 10.919892256971735
Integral of the Fermi-Dirac distribution via 3D integration: 17.999999999999922
3D density

*FunctionTree: nn
  genNodes: 0
  square norm: 1.21406e+14
  root scale: 0
  order: 9
  nodes: 840
  endNodes: 736
  nodes per scale: 
    scale=0  nodes=8
    scale=1  nodes=64
    scale=2  nodes=64
    scale=3  nodes=64
    scale=4  nodes=64
    scale=5  nodes=64
    scale=6  nodes=64
    scale=7  nodes=64
    scale=8  nodes=64
    scale=9  nodes=64
    scale=10  nodes=64
    scale=11  nodes=64
    scale=12  nodes=64
    scale=13  nodes=64

3D potential

*FunctionTree: nn
  genNodes: 0
  square norm: 4972.66
  root scale: 0
  order: 9
  nodes: 904
  endNodes: 792
  nodes per scale: 
    scale=0  nodes=8
    scale=1  nodes=64
    scale=2  nodes=64
    scale=3  nodes=64
    scale=4  nodes=64
    scale=5  nodes=64
    scale=6  nodes=64
    scale=7  nodes=64
    scale=8  nodes=64
    scale=9  nodes=64
    scale=10  nodes=64
    scale=11  nodes=64
    scale=12  nodes=64
    scale=13  nodes=64
    scale=14  nodes=64

Potential

*FunctionTree: nn
  genNodes: 0
  square norm: 4972.66
  root scale: 0
  order: 9
  nodes: 904
  endNodes: 792
  nodes per scale: 
    scale=0  nodes=8
    scale=1  nodes=64
    scale=2  nodes=64
    scale=3  nodes=64
    scale=4  nodes=64
    scale=5  nodes=64
    scale=6  nodes=64
    scale=7  nodes=64
    scale=8  nodes=64
    scale=9  nodes=64
    scale=10  nodes=64
    scale=11  nodes=64
    scale=12  nodes=64
    scale=13  nodes=64
    scale=14  nodes=64

Number of Atoms =  1
[['Ar', 18, 0.0, 0.0, 0.0, 54, 54]]
Using derivative  ABGV
Hartree-Fock 1e D2
Classic-like energies: cke = 164.78170718397928 cpe = -326.74146941185774 cke + cpe = -161.95976222787846
mu = 17.99776442938836
Error = 0.0024211476082039427
Delta E 162.66426870977483
Energy -162.66426870977483 0
Converged?  0.0024211476082039427  >  9.999999999999999e-06   ----   162.66426870977483  >  1e-07   ----  iteration 0
Classic-like energies: cke = 166.12656429181175 cpe = -328.12108755754286 cke + cpe = -161.99452326573112
mu = 17.999695734413464
Error = 0.0014294284123960957
Delta E 0.03506480518069566
Energy -162.69933351495553 -162.66426870977483
Converged?  0.0014294284123960957  >  9.999999999999999e-06   ----   0.03506480518069566  >  1e-07   ----  iteration 1
Classic-like energies: cke = 166.89106996104545 cpe = -328.8895707729333 cke + cpe = -161.99850081188788
mu = 17.999916711578855
Error = 0.0008173798428502213
Delta E 0.004012309069509001
Energy -162.70334582402504 -162.69933351495553
Converged?  0.0008173798428502213  >  9.999999999999999e-06   ----   0.004012309069509001  >  1e-07   ----  iteration 2
Classic-like energies: cke = 167.2924045769058 cpe = -329.2917752853894 cke + cpe = -161.9993707084836
mu = 17.99996503932625
Error = 0.00044898485160741727
Delta E 0.0008774994240923206
Energy -162.70422332344913 -162.70334582402504
Converged?  0.00044898485160741727  >  9.999999999999999e-06   ----   0.0008774994240923206  >  1e-07   ----  iteration 3
Classic-like energies: cke = 167.5025340727957 cpe = -329.5021185765762 cke + cpe = -161.9995845037805
mu = 17.999976916861893
Error = 0.00024266646889504995
Delta E 0.00021566385797200383
Energy -162.7044389873071 -162.70422332344913
Converged?  0.00024266646889504995  >  9.999999999999999e-06   ----   0.00021566385797200383  >  1e-07   ----  iteration 4
Classic-like energies: cke = 167.6112329563591 cpe = -329.6108722949525 cke + cpe = -161.99963933859343
mu = 17.999979963244037
Error = 0.000128903831485149
Delta E 5.5314065605216456e-05
Energy -162.7044943013727 -162.7044389873071
Converged?  0.000128903831485149  >  9.999999999999999e-06   ----   5.5314065605216456e-05  >  1e-07   ----  iteration 5
Classic-like energies: cke = 167.66747749623192 cpe = -329.66713110359177 cke + cpe = -161.99965360735985
mu = 17.999980755954148
Error = 6.787974925283877e-05
Delta E 1.4393476305940567e-05
Energy -162.704508694849 -162.7044943013727
Converged?  6.787974925283877e-05  >  9.999999999999999e-06   ----   1.4393476305940567e-05  >  1e-07   ----  iteration 6
Classic-like energies: cke = 167.69644809905137 cpe = -329.69610545468595 cke + cpe = -161.99965735563458
mu = 17.999980964191856
Error = 3.545133435856687e-05
Delta E 3.781033626637509e-06
Energy -162.70451247588264 -162.704508694849
Converged?  3.545133435856687e-05  >  9.999999999999999e-06   ----   3.781033626637509e-06  >  1e-07   ----  iteration 7
Classic-like energies: cke = 167.71137959374772 cpe = -329.7110379366832 cke + cpe = -161.9996583429355
mu = 17.999981019041964
Error = 1.843559487636029e-05
Delta E 9.95929156033526e-07
Energy -162.7045134718118 -162.70451247588264
Converged?  1.843559487636029e-05  >  9.999999999999999e-06   ----   9.95929156033526e-07  >  1e-07   ----  iteration 8
Classic-like energies: cke = 167.71905803757022 cpe = -329.7187166414485 cke + cpe = -161.9996586038783
mu = 17.999981033538802
Error = 9.547543062228018e-06
Delta E 2.6322564394831716e-07
Energy -162.70451373503744 -162.7045134718118
Converged?  9.547543062228018e-06  >  9.999999999999999e-06   ----   2.6322564394831716e-07  >  1e-07   ----  iteration 9
Classic-like energies: cke = 167.72300958036928 cpe = -329.7226682531163 cke + cpe = -161.99965867274702
mu = 17.999981037364847
Error = 4.934764928706217e-06
Delta E 6.94700474923593e-08
Energy -162.70451380450749 -162.70451373503744
Converged?  4.934764928706217e-06  >  9.999999999999999e-06   ----   6.94700474923593e-08  >  1e-07   ----  iteration 10
Classic-like energies: cke = 167.72504026264917 cpe = -329.72469895367936 cke + cpe = -161.9996586910302
mu = 17.99998103838058
Error = 1.27254893686101e-06
Delta E 1.844276198426087e-08
Energy -162.70451382295025 -162.70451380450749
Converged?  1.27254893686101e-06  >  9.999999999999999e-06   ----   1.844276198426087e-08  >  1e-07   ----  iteration 11
Classic-like energies: cke = 167.72556246054006 cpe = -329.72522115440194 cke + cpe = -161.99965869386187
mu = 17.999981038537896
Error = 9.536580526681428e-07
Delta E 2.8562965326273115e-09
Energy -162.70451382580654 -162.70451382295025
Converged?  9.536580526681428e-07  >  9.999999999999999e-06   ----   2.8562965326273115e-09  >  1e-07   ----  iteration 12
Classic-like energies: cke = 167.7259576977505, cpe = -329.7256163937818, cke + cpe = -161.99965869603133
Exact Energy = -162.70485811494655
Dirac Energy = -162.7045408149388
Kutze Energy = -162.70451382799357
Error Kutze  = 0.00034428695289534517
Error Dirac  = 0.000317300007736776
Delta Energy = -2.187022118960158e-09
Dirac - Kutzelnigg = -2.6986945158569142e-05

PARAMETERS:
molecule    = [['Ar', 18, 0.0, 0.0, 0.0, 54, 54]]
D2          = True
prec        = 6
derivative  = ABGV
box         = 1

-------------------------------
Ar 1 1 6 ABGV 1
-------------------------------
Now executing: python test.py Input_Making/input__Ar116BS.txt
Input file: Input_Making/input__Ar116BS.txt
Output file: outputs/output__Ar116BS.txt
light_speed = 137.03599913900001  # default 137.03599913900001
derivative = "BS"         # possible values: PH, ABGV, BS
order = 9
box = 1
prec = 1.0e-6                 # precision threshold for the MRA operations
thr  = 1.0e-5                  # error threshold for SCF convergence

readPotential    = False        # bool
computePotential = True         # bool 
savePotential    = False         # bool
potential = "fermi_dirac"       # possible values: point_charge coulomb_HFYGB homogeneus_charge_sphere gaussian

readOrbitals     = False        # bool
saveOrbitals     = False         # bool
saveGuess        = False

scf              = True
ktrs             = False
D2               = True         # bool
two_electrons    = False         # bool

runGaunt         = False
runGaugeA        = False
runGaugeB        = False
runGaugeC        = False
runGaugeD        = False
runGaugeDelta    = False

molecule = [ ["Ar", 18, 0.0, 0.0, 0.0, 54, 54] ]

# With the paramenters I got from Robert, the error is (1) higher than
#  what he gets and (2) dominated by the width of the Gaussian
# I get a much better agreement with the ideal value IF the Gaussian
#  size is reduced by one order of magnitude 3e4->3e5 for Ar
# It seems the position of the nucleus is also important: I get bad
#  results from D2 if I move the nucleus
# Higher prec with off centered nucleus is too demanding for my laptop

**************************************
18 [0.0, 0.0, 0.0]
Fermi Dirac potential
Using Half Charge Radius for Ar: 6.8888709658e-05
Integral of the Fermi-Dirac distribution via cartesian 3D integration: 1.648367912101698
The normalization constant is: 10.919892256971735
Integral of the Fermi-Dirac distribution via 3D integration: 17.999999999999922
3D density

*FunctionTree: nn
  genNodes: 0
  square norm: 1.21406e+14
  root scale: 0
  order: 9
  nodes: 840
  endNodes: 736
  nodes per scale: 
    scale=0  nodes=8
    scale=1  nodes=64
    scale=2  nodes=64
    scale=3  nodes=64
    scale=4  nodes=64
    scale=5  nodes=64
    scale=6  nodes=64
    scale=7  nodes=64
    scale=8  nodes=64
    scale=9  nodes=64
    scale=10  nodes=64
    scale=11  nodes=64
    scale=12  nodes=64
    scale=13  nodes=64

3D potential

*FunctionTree: nn
  genNodes: 0
  square norm: 4972.66
  root scale: 0
  order: 9
  nodes: 904
  endNodes: 792
  nodes per scale: 
    scale=0  nodes=8
    scale=1  nodes=64
    scale=2  nodes=64
    scale=3  nodes=64
    scale=4  nodes=64
    scale=5  nodes=64
    scale=6  nodes=64
    scale=7  nodes=64
    scale=8  nodes=64
    scale=9  nodes=64
    scale=10  nodes=64
    scale=11  nodes=64
    scale=12  nodes=64
    scale=13  nodes=64
    scale=14  nodes=64

Potential

*FunctionTree: nn
  genNodes: 0
  square norm: 4972.66
  root scale: 0
  order: 9
  nodes: 904
  endNodes: 792
  nodes per scale: 
    scale=0  nodes=8
    scale=1  nodes=64
    scale=2  nodes=64
    scale=3  nodes=64
    scale=4  nodes=64
    scale=5  nodes=64
    scale=6  nodes=64
    scale=7  nodes=64
    scale=8  nodes=64
    scale=9  nodes=64
    scale=10  nodes=64
    scale=11  nodes=64
    scale=12  nodes=64
    scale=13  nodes=64
    scale=14  nodes=64

Number of Atoms =  1
[['Ar', 18, 0.0, 0.0, 0.0, 54, 54]]
Using derivative  BS
Hartree-Fock 1e D2
Classic-like energies: cke = 164.78170718397928 cpe = -326.7482566546948 cke + cpe = -161.9665494707155
mu = 17.998141541321175
Error = 0.0024378484934732053
Delta E 162.67111525930505
Energy -162.67111525930505 0
Converged?  0.0024378484934732053  >  9.999999999999999e-06   ----   162.67111525930505  >  1e-07   ----  iteration 0
Classic-like energies: cke = 166.13732149315842 cpe = -328.13207354474633 cke + cpe = -161.9947520515879
mu = 17.999708444949206
Error = 0.0014238195711295352
Delta E 0.028449041024401822
Energy -162.69956430032946 -162.67111525930505
Converged?  0.0014238195711295352  >  9.999999999999999e-06   ----   0.028449041024401822  >  1e-07   ----  iteration 1
Classic-like energies: cke = 166.8977445447221 cpe = -328.89625156334824 cke + cpe = -161.99850701862616
mu = 17.99991705639924
Error = 0.0008142719651293232
Delta E 0.0037877846812932603
Energy -162.70335208501075 -162.69956430032946
Converged?  0.0008142719651293232  >  9.999999999999999e-06   ----   0.0037877846812932603  >  1e-07   ----  iteration 2
Classic-like energies: cke = 167.29582085142752 cpe = -329.29517410630524 cke + cpe = -161.99935325487772
mu = 17.999964069679567
Error = 0.0004464198318004594
Delta E 0.0008536322898180515
Energy -162.70420571730057 -162.70335208501075
Converged?  0.0004464198318004594  >  9.999999999999999e-06   ----   0.0008536322898180515  >  1e-07   ----  iteration 3
Classic-like energies: cke = 167.50433331881834 cpe = -329.50389610927874 cke + cpe = -161.9995627904604
mu = 17.999975710564744
Error = 0.00024123665842130454
Delta E 0.00021136691211154357
Energy -162.70441708421268 -162.70420571730057
Converged?  0.00024123665842130454  >  9.999999999999999e-06   ----   0.00021136691211154357  >  1e-07   ----  iteration 4
Classic-like energies: cke = 167.61209521198134 cpe = -329.6117115372978 cke + cpe = -161.99961632531648
mu = 17.999978684727186
Error = 0.00012803805882866354
Delta E 5.400274940825511e-05
Energy -162.7044710869621 -162.70441708421268
Converged?  0.00012803805882866354  >  9.999999999999999e-06   ----   5.400274940825511e-05  >  1e-07   ----  iteration 5
Classic-like energies: cke = 167.66786473836052 cpe = -329.667495085747 cke + cpe = -161.9996303473865
mu = 17.99997946373198
Error = 6.740925521649201e-05
Delta E 1.4144621673040092e-05
Energy -162.70448523158376 -162.7044710869621
Converged?  6.740925521649201e-05  >  9.999999999999999e-06   ----   1.4144621673040092e-05  >  1e-07   ----  iteration 6
Classic-like energies: cke = 167.69658012365431 cpe = -329.69621411870844 cke + cpe = -161.99963399505413
mu = 17.999979666380412
Error = 3.519169948648891e-05
Delta E 3.679548285617784e-06
Energy -162.70448891113205 -162.70448523158376
Converged?  3.519169948648891e-05  >  9.999999999999999e-06   ----   3.679548285617784e-06  >  1e-07   ----  iteration 7
Classic-like energies: cke = 167.71138106876083 cpe = -329.7110160300518 cke + cpe = -161.99963496129095
mu = 17.999979720060296
Error = 1.8297809386165225e-05
Delta E 9.746801481469447e-07
Energy -162.7044898858122 -162.70448891113205
Converged?  1.8297809386165225e-05  >  9.999999999999999e-06   ----   9.746801481469447e-07  >  1e-07   ----  iteration 8
Classic-like energies: cke = 167.7189912272646 cpe = -329.71862644097223 cke + cpe = -161.99963521370762
mu = 17.99997973408346
Error = 9.474339127873174e-06
Delta E 2.546234441069828e-07
Energy -162.70449014043564 -162.7044898858122
Converged?  9.474339127873174e-06  >  9.999999999999999e-06   ----   2.546234441069828e-07  >  1e-07   ----  iteration 9
Classic-like energies: cke = 167.72290773602387 cpe = -329.72254301612674 cke + cpe = -161.99963528010286
mu = 17.999979737772087
Error = 4.8964965489768494e-06
Delta E 6.697652565890166e-08
Energy -162.70449020741216 -162.70449014043564
Converged?  4.8964965489768494e-06  >  9.999999999999999e-06   ----   6.697652565890166e-08  >  1e-07   ----  iteration 10
Classic-like energies: cke = 167.72492027345308 cpe = -329.7245555703927 cke + cpe = -161.9996352969396
mu = 17.999979738707463
Error = 1.2625550674150865e-06
Delta E 1.6983392470137915e-08
Energy -162.70449022439556 -162.70449020741216
Converged?  1.2625550674150865e-06  >  9.999999999999999e-06   ----   1.6983392470137915e-08  >  1e-07   ----  iteration 11
Classic-like energies: cke = 167.72543781307098 cpe = -329.7250731126078 cke + cpe = -161.9996352995368
mu = 17.999979738851753
Error = 9.453945478411301e-07
Delta E 2.6206805614492623e-09
Energy -162.70449022701624 -162.70449022439556
Converged?  9.453945478411301e-07  >  9.999999999999999e-06   ----   2.6206805614492623e-09  >  1e-07   ----  iteration 12
Classic-like energies: cke = 167.7258295192886, cpe = -329.7254379496863, cke + cpe = -161.9996084303977
Exact Energy = -162.70485811494655
Dirac Energy = -162.70452463853871
Kutze Energy = -162.70446312304182
Error Kutze  = 0.00039499190461356193
Error Dirac  = 0.0003334764078317676
Delta Energy = 2.7103974417741483e-05
Dirac - Kutzelnigg = -6.151549678179435e-05

PARAMETERS:
molecule    = [['Ar', 18, 0.0, 0.0, 0.0, 54, 54]]
D2          = True
prec        = 6
derivative  = BS
box         = 1

-------------------------------
Ar 1 1 6 BS 1
-------------------------------
Now executing: python test.py Input_Making/input__Ar116PH.txt
Input file: Input_Making/input__Ar116PH.txt
Output file: outputs/output__Ar116PH.txt
light_speed = 137.03599913900001  # default 137.03599913900001
derivative = "PH"         # possible values: PH, ABGV, BS
order = 9
box = 1
prec = 1.0e-6                 # precision threshold for the MRA operations
thr  = 1.0e-5                  # error threshold for SCF convergence

readPotential    = False        # bool
computePotential = True         # bool 
savePotential    = False         # bool
potential = "fermi_dirac"       # possible values: point_charge coulomb_HFYGB homogeneus_charge_sphere gaussian

readOrbitals     = False        # bool
saveOrbitals     = False         # bool
saveGuess        = False

scf              = True
ktrs             = False
D2               = True         # bool
two_electrons    = False         # bool

runGaunt         = False
runGaugeA        = False
runGaugeB        = False
runGaugeC        = False
runGaugeD        = False
runGaugeDelta    = False

molecule = [ ["Ar", 18, 0.0, 0.0, 0.0, 54, 54] ]

# With the paramenters I got from Robert, the error is (1) higher than
#  what he gets and (2) dominated by the width of the Gaussian
# I get a much better agreement with the ideal value IF the Gaussian
#  size is reduced by one order of magnitude 3e4->3e5 for Ar
# It seems the position of the nucleus is also important: I get bad
#  results from D2 if I move the nucleus
# Higher prec with off centered nucleus is too demanding for my laptop

**************************************
18 [0.0, 0.0, 0.0]
Fermi Dirac potential
Using Half Charge Radius for Ar: 6.8888709658e-05
Integral of the Fermi-Dirac distribution via cartesian 3D integration: 1.648367912101698
The normalization constant is: 10.919892256971735
Integral of the Fermi-Dirac distribution via 3D integration: 17.999999999999922
3D density

*FunctionTree: nn
  genNodes: 0
  square norm: 1.21406e+14
  root scale: 0
  order: 9
  nodes: 840
  endNodes: 736
  nodes per scale: 
    scale=0  nodes=8
    scale=1  nodes=64
    scale=2  nodes=64
    scale=3  nodes=64
    scale=4  nodes=64
    scale=5  nodes=64
    scale=6  nodes=64
    scale=7  nodes=64
    scale=8  nodes=64
    scale=9  nodes=64
    scale=10  nodes=64
    scale=11  nodes=64
    scale=12  nodes=64
    scale=13  nodes=64

3D potential

*FunctionTree: nn
  genNodes: 0
  square norm: 4972.66
  root scale: 0
  order: 9
  nodes: 904
  endNodes: 792
  nodes per scale: 
    scale=0  nodes=8
    scale=1  nodes=64
    scale=2  nodes=64
    scale=3  nodes=64
    scale=4  nodes=64
    scale=5  nodes=64
    scale=6  nodes=64
    scale=7  nodes=64
    scale=8  nodes=64
    scale=9  nodes=64
    scale=10  nodes=64
    scale=11  nodes=64
    scale=12  nodes=64
    scale=13  nodes=64
    scale=14  nodes=64

Potential

*FunctionTree: nn
  genNodes: 0
  square norm: 4972.66
  root scale: 0
  order: 9
  nodes: 904
  endNodes: 792
  nodes per scale: 
    scale=0  nodes=8
    scale=1  nodes=64
    scale=2  nodes=64
    scale=3  nodes=64
    scale=4  nodes=64
    scale=5  nodes=64
    scale=6  nodes=64
    scale=7  nodes=64
    scale=8  nodes=64
    scale=9  nodes=64
    scale=10  nodes=64
    scale=11  nodes=64
    scale=12  nodes=64
    scale=13  nodes=64
    scale=14  nodes=64

Number of Atoms =  1
[['Ar', 18, 0.0, 0.0, 0.0, 54, 54]]
Using derivative  PH
Hartree-Fock 1e D2
Classic-like energies: cke = 164.78170718397928 cpe = -326.73644074980473 cke + cpe = -161.95473356582545
mu = 17.99748502240385
Error = 0.002408754447214519
Delta E 162.65919610906911
Energy -162.65919610906911 0
Converged?  0.002408754447214519  >  9.999999999999999e-06   ----   162.65919610906911  >  1e-07   ----  iteration 0
Classic-like energies: cke = 166.1186870472016 cpe = -328.11315995937457 cke + cpe = -161.99447291217297
mu = 17.99969293694606
Error = 0.0014336455849389583
Delta E 0.04008661225458354
Energy -162.6992827213237 -162.65919610906911
Converged?  0.0014336455849389583  >  9.999999999999999e-06   ----   0.04008661225458354  >  1e-07   ----  iteration 1
Classic-like energies: cke = 166.8865389596687 cpe = -328.8850186372494 cke + cpe = -161.9984796775807
mu = 17.999915537445208
Error = 0.0008199271418667767
Delta E 0.004041783681941524
Energy -162.70332450500564 -162.6992827213237
Converged?  0.0008199271418667767  >  9.999999999999999e-06   ----   0.004041783681941524  >  1e-07   ----  iteration 2
Classic-like energies: cke = 167.29001809747336 cpe = -329.28937799262144 cke + cpe = -161.99935989514807
mu = 17.99996443858421
Error = 0.0004507856578874189
Delta E 0.0008879105994026304
Energy -162.70421241560504 -162.70332450500564
Converged?  0.0004507856578874189  >  9.999999999999999e-06   ----   0.0008879105994026304  >  1e-07   ----  iteration 3
Classic-like energies: cke = 167.50124183753928 cpe = -329.5008175733995 cke + cpe = -161.99957573586022
mu = 17.99997642975458
Error = 0.0002436877535645986
Delta E 0.00021772715027168488
Energy -162.7044301427553 -162.70421241560504
Converged?  0.0002436877535645986  >  9.999999999999999e-06   ----   0.00021772715027168488  >  1e-07   ----  iteration 4
Classic-like energies: cke = 167.61054173853745 cpe = -329.61017278605135 cke + cpe = -161.9996310475139
mu = 17.99997950262799
Error = 0.00012949121873778586
Delta E 5.5795074956677126e-05
Energy -162.70448593783027 -162.7044301427553
Converged?  0.00012949121873778586  >  9.999999999999999e-06   ----   5.5795074956677126e-05  >  1e-07   ----  iteration 5
Classic-like energies: cke = 167.66709403764685 cpe = -329.6667394856395 cke + cpe = -161.99964544799263
mu = 17.99998030265548
Error = 6.819782910231705e-05
Delta E 1.4526338986797782e-05
Energy -162.70450046416926 -162.70448593783027
Converged?  6.819782910231705e-05  >  9.999999999999999e-06   ----   1.4526338986797782e-05  >  1e-07   ----  iteration 6
Classic-like energies: cke = 167.69622638421282 cpe = -329.6958756108618 cke + cpe = -161.99964922664896
mu = 17.99998051258106
Error = 3.5622919210830396e-05
Delta E 3.8116812675070832e-06
Energy -162.70450427585052 -162.70450046416926
Converged?  3.5622919210830396e-05  >  9.999999999999999e-06   ----   3.8116812675070832e-06  >  1e-07   ----  iteration 7
Classic-like energies: cke = 167.71124107620295 cpe = -329.7108912861667 cke + cpe = -161.99965020996376
mu = 17.999980567209718
Error = 1.852601766771465e-05
Delta E 9.919095305122028e-07
Energy -162.70450526776006 -162.70450427585052
Converged?  1.852601766771465e-05  >  9.999999999999999e-06   ----   9.919095305122028e-07  >  1e-07   ----  iteration 8
Classic-like energies: cke = 167.71896277813553 cpe = -329.7186132490588 cke + cpe = -161.99965047092329
mu = 17.999980581707486
Error = 9.595172568246326e-06
Delta E 2.6324022428525495e-07
Energy -162.70450553100028 -162.70450526776006
Converged?  9.595172568246326e-06  >  9.999999999999999e-06   ----   2.6324022428525495e-07  >  1e-07   ----  iteration 9
Classic-like energies: cke = 167.7229365200397 cpe = -329.72258705976253 cke + cpe = -161.99965053972284
mu = 17.999980585529688
Error = 4.959561532315516e-06
Delta E 6.939916374903987e-08
Energy -162.70450560039944 -162.70450553100028
Converged?  4.959561532315516e-06  >  9.999999999999999e-06   ----   6.939916374903987e-08  >  1e-07   ----  iteration 10
Classic-like energies: cke = 167.72497867378775 cpe = -329.72462923153546 cke + cpe = -161.9996505577477
mu = 17.99998058653107
Error = 1.2789984106503488e-06
Delta E 1.8184238115281914e-08
Energy -162.70450561858368 -162.70450560039944
Converged?  1.2789984106503488e-06  >  9.999999999999999e-06   ----   1.8184238115281914e-08  >  1e-07   ----  iteration 11
Classic-like energies: cke = 167.7255038152935 cpe = -329.725154375811 cke + cpe = -161.99965056051747
mu = 17.999980586684945
Error = 9.589222524553527e-07
Delta E 2.7937403501709923e-09
Energy -162.70450562137742 -162.70450561858368
Converged?  9.589222524553527e-07  >  9.999999999999999e-06   ----   2.7937403501709923e-09  >  1e-07   ----  iteration 12
Classic-like energies: cke = 167.72590128276119, cpe = -329.72554147046674, cke + cpe = -161.99964018770555
Exact Energy = -162.70485811494655
Dirac Energy = -162.70452856645716
Kutze Energy = -162.70449515790727
Error Kutze  = 0.000362957038305467
Error Dirac  = 0.00032954848938970827
Delta Energy = 1.0463470147215048e-05
Dirac - Kutzelnigg = -3.340854891575873e-05

PARAMETERS:
molecule    = [['Ar', 18, 0.0, 0.0, 0.0, 54, 54]]
D2          = True
prec        = 6
derivative  = PH
box         = 1

-------------------------------
Ar 1 1 6 PH 1
-------------------------------
Now executing: python test.py Input_Making/input__Ar117ABGV.txt
Input file: Input_Making/input__Ar117ABGV.txt
Output file: outputs/output__Ar117ABGV.txt
light_speed = 137.03599913900001  # default 137.03599913900001
derivative = "ABGV"         # possible values: PH, ABGV, BS
order = 10
box = 1
prec = 1.0e-7                 # precision threshold for the MRA operations
thr  = 1.0e-6                  # error threshold for SCF convergence

readPotential    = False        # bool
computePotential = True         # bool 
savePotential    = False         # bool
potential = "fermi_dirac"       # possible values: point_charge coulomb_HFYGB homogeneus_charge_sphere gaussian

readOrbitals     = False        # bool
saveOrbitals     = False         # bool
saveGuess        = False

scf              = True
ktrs             = False
D2               = True         # bool
two_electrons    = False         # bool

runGaunt         = False
runGaugeA        = False
runGaugeB        = False
runGaugeC        = False
runGaugeD        = False
runGaugeDelta    = False

molecule = [ ["Ar", 18, 0.0, 0.0, 0.0, 54, 54] ]

# With the paramenters I got from Robert, the error is (1) higher than
#  what he gets and (2) dominated by the width of the Gaussian
# I get a much better agreement with the ideal value IF the Gaussian
#  size is reduced by one order of magnitude 3e4->3e5 for Ar
# It seems the position of the nucleus is also important: I get bad
#  results from D2 if I move the nucleus
# Higher prec with off centered nucleus is too demanding for my laptop

**************************************
18 [0.0, 0.0, 0.0]
Fermi Dirac potential
Using Half Charge Radius for Ar: 6.8888709658e-05
Integral of the Fermi-Dirac distribution via cartesian 3D integration: 1.6483679126536153
The normalization constant is: 10.919892253315467
Integral of the Fermi-Dirac distribution via 3D integration: 18.00000000000289
3D density

*FunctionTree: nn
  genNodes: 0
  square norm: 1.21406e+14
  root scale: 0
  order: 10
  nodes: 904
  endNodes: 792
  nodes per scale: 
    scale=0  nodes=8
    scale=1  nodes=64
    scale=2  nodes=64
    scale=3  nodes=64
    scale=4  nodes=64
    scale=5  nodes=64
    scale=6  nodes=64
    scale=7  nodes=64
    scale=8  nodes=64
    scale=9  nodes=64
    scale=10  nodes=64
    scale=11  nodes=64
    scale=12  nodes=64
    scale=13  nodes=64
    scale=14  nodes=64

3D potential

*FunctionTree: nn
  genNodes: 0
  square norm: 4972.66
  root scale: 0
  order: 10
  nodes: 904
  endNodes: 792
  nodes per scale: 
    scale=0  nodes=8
    scale=1  nodes=64
    scale=2  nodes=64
    scale=3  nodes=64
    scale=4  nodes=64
    scale=5  nodes=64
    scale=6  nodes=64
    scale=7  nodes=64
    scale=8  nodes=64
    scale=9  nodes=64
    scale=10  nodes=64
    scale=11  nodes=64
    scale=12  nodes=64
    scale=13  nodes=64
    scale=14  nodes=64

Potential

*FunctionTree: nn
  genNodes: 0
  square norm: 4972.66
  root scale: 0
  order: 10
  nodes: 904
  endNodes: 792
  nodes per scale: 
    scale=0  nodes=8
    scale=1  nodes=64
    scale=2  nodes=64
    scale=3  nodes=64
    scale=4  nodes=64
    scale=5  nodes=64
    scale=6  nodes=64
    scale=7  nodes=64
    scale=8  nodes=64
    scale=9  nodes=64
    scale=10  nodes=64
    scale=11  nodes=64
    scale=12  nodes=64
    scale=13  nodes=64
    scale=14  nodes=64

Number of Atoms =  1
[['Ar', 18, 0.0, 0.0, 0.0, 54, 54]]
Using derivative  ABGV
Hartree-Fock 1e D2
Classic-like energies: cke = 164.78256851992157 cpe = -326.7532517011873 cke + cpe = -161.97068318126574
mu = 17.998371214155227
Error = 0.0024495188650069796
Delta E 162.67528509131074
Energy -162.67528509131074 0
Converged?  0.0024495188650069796  >  1e-06   ----   162.67528509131074  >  1e-08   ----  iteration 0
Classic-like energies: cke = 166.14516837236135 cpe = -328.14002886448594 cke + cpe = -161.9948604921246
mu = 17.999714469520043
Error = 0.0014201598728323472
Delta E 0.024388597292755776
Energy -162.6996736886035 -162.67528509131074
Converged?  0.0014201598728323472  >  1e-06   ----   0.024388597292755776  >  1e-08   ----  iteration 1
Classic-like energies: cke = 166.9026174427937 cpe = -328.9011709297528 cke + cpe = -161.9985534869591
mu = 17.999919637985005
Error = 0.0008123208501717628
Delta E 0.0037252708680171054
Energy -162.7033989594715 -162.6996736886035
Converged?  0.0008123208501717628  >  1e-06   ----   0.0037252708680171054  >  1e-08   ----  iteration 2
Classic-like energies: cke = 167.29842985392963 cpe = -329.297822576809 cke + cpe = -161.99939272287935
mu = 17.99996626235057
Error = 0.0004447285638108008
Delta E 0.0008465707775542342
Energy -162.70424553024907 -162.7033989594715
Converged?  0.0004447285638108008  >  1e-06   ----   0.0008465707775542342  >  1e-08   ----  iteration 3
Classic-like energies: cke = 167.50583500939527 cpe = -329.505434991979 cke + cpe = -161.9995999825837
mu = 17.999977776796488
Error = 0.00024028648866272312
Delta E 0.00020907114395640747
Energy -162.70445460139302 -162.70424553024907
Converged?  0.00024028648866272312  >  1e-06   ----   0.00020907114395640747  >  1e-08   ----  iteration 4
Classic-like energies: cke = 167.61295432917103 cpe = -329.61260745729135 cke + cpe = -161.99965312812031
mu = 17.999980729329703
Error = 0.00012745734929065246
Delta E 5.361002817494409e-05
Energy -162.7045082114212 -162.70445460139302
Converged?  0.00012745734929065246  >  1e-06   ----   5.361002817494409e-05  >  1e-08   ----  iteration 5
Classic-like energies: cke = 167.66840009699501 cpe = -329.6680670724165 cke + cpe = -161.99966697542146
mu = 17.99998149862502
Error = 6.709300053502239e-05
Delta E 1.3968324850566205e-05
Energy -162.70452217974605 -162.7045082114212
Converged?  6.709300053502239e-05  >  1e-06   ----   1.3968324850566205e-05  >  1e-08   ----  iteration 6
Classic-like energies: cke = 167.6969416170543 cpe = -329.69661222882564 cke + cpe = -161.99967061177134
mu = 17.99998170064466
Error = 3.5016979779150286e-05
Delta E 3.6681315123132663e-06
Energy -162.70452584787756 -162.70452217974605
Converged?  3.5016979779150286e-05  >  1e-06   ----   3.6681315123132663e-06  >  1e-08   ----  iteration 7
Classic-like energies: cke = 167.71165391597728 cpe = -329.71132548587013 cke + cpe = -161.99967156989285
mu = 17.999981753873687
Error = 1.8205163726069512e-05
Delta E 9.664949232046638e-07
Energy -162.70452681437249 -162.70452584787756
Converged?  1.8205163726069512e-05  >  1e-06   ----   9.664949232046638e-07  >  1e-08   ----  iteration 8
Classic-like energies: cke = 167.71921775085283 cpe = -329.7188895733827 cke + cpe = -161.99967182252985
mu = 17.99998176790909
Error = 9.425149713656471e-06
Delta E 2.5484652610430203e-07
Energy -162.704527069219 -162.70452681437249
Converged?  9.425149713656471e-06  >  1e-06   ----   2.5484652610430203e-07  >  1e-08   ----  iteration 9
Classic-like energies: cke = 167.723110545378 cpe = -329.7227824345816 cke + cpe = -161.99967188920357
mu = 17.99998177161319
Error = 4.870823079721512e-06
Delta E 6.725591106260254e-08
Energy -162.70452713647492 -162.704527069219
Converged?  4.870823079721512e-06  >  1e-06   ----   6.725591106260254e-08  >  1e-08   ----  iteration 10
Classic-like energies: cke = 167.72511081034 cpe = -329.72478271716346 cke + cpe = -161.99967190682347
mu = 17.999981772592076
Error = 1.255858835997728e-06
Delta E 1.7773544414012576e-08
Energy -162.70452715424847 -162.70452713647492
Converged?  1.255858835997728e-06  >  1e-06   ----   1.7773544414012576e-08  >  1e-08   ----  iteration 11
Classic-like energies: cke = 167.7256252045155 cpe = -329.72529711405997 cke + cpe = -161.99967190954447
mu = 17.999981772743244
Error = 9.397999795155331e-07
Delta E 2.7457645046524704e-09
Energy -162.70452715699423 -162.70452715424847
Converged?  9.397999795155331e-07  >  1e-06   ----   2.7457645046524704e-09  >  1e-08   ----  iteration 12
Classic-like energies: cke = 167.72601452721733 cpe = -329.7256864383042 cke + cpe = -161.99967191108686
mu = 17.99998177282893
Error = 7.11017425895272e-07
Delta E 1.5553212051599985e-09
Energy -162.70452715854955 -162.70452715699423
Converged?  7.11017425895272e-07  >  1e-06   ----   1.5553212051599985e-09  >  1e-08   ----  iteration 13
Classic-like energies: cke = 167.72630921983404 cpe = -329.72598113180413 cke + cpe = -161.9996719119701
mu = 17.999981772877998
Error = 5.38493414777426e-07
Delta E 8.902532044885447e-10
Energy -162.7045271594398 -162.70452715854955
Converged?  5.38493414777426e-07  >  1e-06   ----   8.902532044885447e-10  >  1e-08   ----  iteration 14
Classic-like energies: cke = 167.72653228996913, cpe = -329.7262042028053, cke + cpe = -161.9996719128362
Exact Energy = -162.70485811494655
Dirac Energy = -162.7045332072812
Kutze Energy = -162.70452716031338
Error Kutze  = 0.00033095463368226774
Error Dirac  = 0.00032490766534465365
Delta Energy = -8.735696610528976e-10
Dirac - Kutzelnigg = -6.046968337614089e-06

PARAMETERS:
molecule    = [['Ar', 18, 0.0, 0.0, 0.0, 54, 54]]
D2          = True
prec        = 7
derivative  = ABGV
box         = 1

-------------------------------
Ar 1 1 7 ABGV 1
-------------------------------
Now executing: python test.py Input_Making/input__Ar117BS.txt
Input file: Input_Making/input__Ar117BS.txt
Output file: outputs/output__Ar117BS.txt
light_speed = 137.03599913900001  # default 137.03599913900001
derivative = "BS"         # possible values: PH, ABGV, BS
order = 10
box = 1
prec = 1.0e-7                 # precision threshold for the MRA operations
thr  = 1.0e-6                  # error threshold for SCF convergence

readPotential    = False        # bool
computePotential = True         # bool 
savePotential    = False         # bool
potential = "fermi_dirac"       # possible values: point_charge coulomb_HFYGB homogeneus_charge_sphere gaussian

readOrbitals     = False        # bool
saveOrbitals     = False         # bool
saveGuess        = False

scf              = True
ktrs             = False
D2               = True         # bool
two_electrons    = False         # bool

runGaunt         = False
runGaugeA        = False
runGaugeB        = False
runGaugeC        = False
runGaugeD        = False
runGaugeDelta    = False

molecule = [ ["Ar", 18, 0.0, 0.0, 0.0, 54, 54] ]

# With the paramenters I got from Robert, the error is (1) higher than
#  what he gets and (2) dominated by the width of the Gaussian
# I get a much better agreement with the ideal value IF the Gaussian
#  size is reduced by one order of magnitude 3e4->3e5 for Ar
# It seems the position of the nucleus is also important: I get bad
#  results from D2 if I move the nucleus
# Higher prec with off centered nucleus is too demanding for my laptop

**************************************
18 [0.0, 0.0, 0.0]
Fermi Dirac potential
Using Half Charge Radius for Ar: 6.8888709658e-05
Integral of the Fermi-Dirac distribution via cartesian 3D integration: 1.6483679126536153
The normalization constant is: 10.919892253315467
Integral of the Fermi-Dirac distribution via 3D integration: 18.00000000000289
3D density

*FunctionTree: nn
  genNodes: 0
  square norm: 1.21406e+14
  root scale: 0
  order: 10
  nodes: 904
  endNodes: 792
  nodes per scale: 
    scale=0  nodes=8
    scale=1  nodes=64
    scale=2  nodes=64
    scale=3  nodes=64
    scale=4  nodes=64
    scale=5  nodes=64
    scale=6  nodes=64
    scale=7  nodes=64
    scale=8  nodes=64
    scale=9  nodes=64
    scale=10  nodes=64
    scale=11  nodes=64
    scale=12  nodes=64
    scale=13  nodes=64
    scale=14  nodes=64

3D potential

*FunctionTree: nn
  genNodes: 0
  square norm: 4972.66
  root scale: 0
  order: 10
  nodes: 904
  endNodes: 792
  nodes per scale: 
    scale=0  nodes=8
    scale=1  nodes=64
    scale=2  nodes=64
    scale=3  nodes=64
    scale=4  nodes=64
    scale=5  nodes=64
    scale=6  nodes=64
    scale=7  nodes=64
    scale=8  nodes=64
    scale=9  nodes=64
    scale=10  nodes=64
    scale=11  nodes=64
    scale=12  nodes=64
    scale=13  nodes=64
    scale=14  nodes=64

Potential

*FunctionTree: nn
  genNodes: 0
  square norm: 4972.66
  root scale: 0
  order: 10
  nodes: 904
  endNodes: 792
  nodes per scale: 
    scale=0  nodes=8
    scale=1  nodes=64
    scale=2  nodes=64
    scale=3  nodes=64
    scale=4  nodes=64
    scale=5  nodes=64
    scale=6  nodes=64
    scale=7  nodes=64
    scale=8  nodes=64
    scale=9  nodes=64
    scale=10  nodes=64
    scale=11  nodes=64
    scale=12  nodes=64
    scale=13  nodes=64
    scale=14  nodes=64

Number of Atoms =  1
[['Ar', 18, 0.0, 0.0, 0.0, 54, 54]]
Using derivative  BS
Hartree-Fock 1e D2
Classic-like energies: cke = 164.78256851992157 cpe = -326.753519984418 cke + cpe = -161.97095146449644
mu = 17.998386120121793
Error = 0.0024501838851028147
Delta E 162.67555571890273
Energy -162.67555571890273 0
Converged?  0.0024501838851028147  >  1e-06   ----   162.67555571890273  >  1e-08   ----  iteration 0
Classic-like energies: cke = 166.14560165965634 cpe = -328.14045912523636 cke + cpe = -161.99485746558003
mu = 17.99971430137601
Error = 0.0014199250874000916
Delta E 0.024114916704718325
Energy -162.69967063560745 -162.67555571890273
Converged?  0.0014199250874000916  >  1e-06   ----   0.024114916704718325  >  1e-08   ----  iteration 1
Classic-like energies: cke = 166.90286974224762 cpe = -328.9014226419679 cke + cpe = -161.99855289972027
mu = 17.99991960536048
Error = 0.0008121999818300448
Delta E 0.003727731493313513
Energy -162.70339836710076 -162.69967063560745
Converged?  0.0008121999818300448  >  1e-06   ----   0.003727731493313513  >  1e-08   ----  iteration 2
Classic-like energies: cke = 167.2985573478483 cpe = -329.29794891028337 cke + cpe = -161.99939156243508
mu = 17.99996619788132
Error = 0.00044463112223062213
Delta E 0.0008459925631143506
Energy -162.70424435966387 -162.70339836710076
Converged?  0.00044463112223062213  >  1e-06   ----   0.0008459925631143506  >  1e-08   ----  iteration 3
Classic-like energies: cke = 167.50590033738794 cpe = -329.5054990760152 cke + cpe = -161.99959873862727
mu = 17.999977707687712
Error = 0.00024023188670038522
Delta E 0.00020898690257808994
Energy -162.70445334656645 -162.70424435966387
Converged?  0.00024023188670038522  >  1e-06   ----   0.00020898690257808994  >  1e-08   ----  iteration 4
Classic-like energies: cke = 167.61298401412535 cpe = -329.61263584443475 cke + cpe = -161.9996518303094
mu = 17.999980657229017
Error = 0.00012742445479351454
Delta E 5.3555700532115225e-05
Energy -162.70450690226698 -162.70445334656645
Converged?  0.00012742445479351454  >  1e-06   ----   5.3555700532115225e-05  >  1e-08   ----  iteration 5
Classic-like energies: cke = 167.66841165672952 cpe = -329.6680773299792 cke + cpe = -161.9996656732497
mu = 17.999981426282066
Error = 6.707510449167847e-05
Delta E 1.3963925795223986e-05
Energy -162.70452086619278 -162.70450690226698
Converged?  6.707510449167847e-05  >  1e-06   ----   1.3963925795223986e-05  >  1e-08   ----  iteration 6
Classic-like energies: cke = 167.69694347743618 cpe = -329.69661278170076 cke + cpe = -161.9996693042646
mu = 17.999981628005322
Error = 3.500712970060988e-05
Delta E 3.6627504584885173e-06
Energy -162.70452452894324 -162.70452086619278
Converged?  3.500712970060988e-05  >  1e-06   ----   3.6627504584885173e-06  >  1e-08   ----  iteration 7
Classic-like energies: cke = 167.7116508023012 cpe = -329.7113210634133 cke + cpe = -161.99967026111213
mu = 17.999981681163575
Error = 1.819993132056101e-05
Delta E 9.652106314206321e-07
Energy -162.70452549415387 -162.70452452894324
Converged?  1.819993132056101e-05  >  1e-06   ----   9.652106314206321e-07  >  1e-08   ----  iteration 8
Classic-like energies: cke = 167.71921203824698 cpe = -329.7188825507035 cke + cpe = -161.9996705124565
mu = 17.999981695127165
Error = 9.422371020659197e-06
Delta E 2.535414012072579e-07
Energy -162.70452574769527 -162.70452549415387
Converged?  9.422371020659197e-06  >  1e-06   ----   2.535414012072579e-07  >  1e-08   ----  iteration 9
Classic-like energies: cke = 167.72310349656226 cpe = -329.7227740755894 cke + cpe = -161.99967057902717
mu = 17.99998169882554
Error = 4.869369671425134e-06
Delta E 6.715166023241181e-08
Energy -162.70452581484693 -162.70452574769527
Converged?  4.869369671425134e-06  >  1e-06   ----   6.715166023241181e-08  >  1e-08   ----  iteration 10
Classic-like energies: cke = 167.7251030697448 cpe = -329.7247736663083 cke + cpe = -161.9996705965635
mu = 17.999981699799783
Error = 1.2554793187866607e-06
Delta E 1.769015511854377e-08
Energy -162.7045258325371 -162.70452581484693
Converged?  1.2554793187866607e-06  >  1e-06   ----   1.769015511854377e-08  >  1e-08   ----  iteration 11
Classic-like energies: cke = 167.7256172861845 cpe = -329.72528788545765 cke + cpe = -161.99967059927314
mu = 17.999981699950318
Error = 9.394850707284585e-07
Delta E 2.7332589525030926e-09
Energy -162.70452583527035 -162.7045258325371
Converged?  9.394850707284585e-07  >  1e-06   ----   2.7332589525030926e-09  >  1e-08   ----  iteration 12
Classic-like energies: cke = 167.72600647416255 cpe = -329.72567707496876 cke + cpe = -161.9996706008062
mu = 17.999981700035487
Error = 7.107762284540824e-07
Delta E 1.5469652225874597e-09
Energy -162.7045258368173 -162.70452583527035
Converged?  7.107762284540824e-07  >  1e-06   ----   1.5469652225874597e-09  >  1e-08   ----  iteration 13
Classic-like energies: cke = 167.72630106471058 cpe = -329.7259716663926 cke + cpe = -161.999670601682
mu = 17.999981700084142
Error = 5.383101495325215e-07
Delta E 8.819256436254364e-10
Energy -162.70452583769924 -162.7045258368173
Converged?  5.383101495325215e-07  >  1e-06   ----   8.819256436254364e-10  >  1e-08   ----  iteration 14
Classic-like energies: cke = 167.7265240575324, cpe = -329.7261928870343, cke + cpe = -161.9996688295019
Exact Energy = -162.70485811494655
Dirac Energy = -162.70452607034167
Kutze Energy = -162.70452405003127
Error Kutze  = 0.0003340649163874332
Error Dirac  = 0.0003320446048746817
Delta Energy = 1.7876679692108155e-06
Dirac - Kutzelnigg = -2.0203115127515048e-06

PARAMETERS:
molecule    = [['Ar', 18, 0.0, 0.0, 0.0, 54, 54]]
D2          = True
prec        = 7
derivative  = BS
box         = 1

-------------------------------
Ar 1 1 7 BS 1
-------------------------------
Now executing: python test.py Input_Making/input__Ar117PH.txt
Input file: Input_Making/input__Ar117PH.txt
Output file: outputs/output__Ar117PH.txt
light_speed = 137.03599913900001  # default 137.03599913900001
derivative = "PH"         # possible values: PH, ABGV, BS
order = 10
box = 1
prec = 1.0e-7                 # precision threshold for the MRA operations
thr  = 1.0e-6                  # error threshold for SCF convergence

readPotential    = False        # bool
computePotential = True         # bool 
savePotential    = False         # bool
potential = "fermi_dirac"       # possible values: point_charge coulomb_HFYGB homogeneus_charge_sphere gaussian

readOrbitals     = False        # bool
saveOrbitals     = False         # bool
saveGuess        = False

scf              = True
ktrs             = False
D2               = True         # bool
two_electrons    = False         # bool

runGaunt         = False
runGaugeA        = False
runGaugeB        = False
runGaugeC        = False
runGaugeD        = False
runGaugeDelta    = False

molecule = [ ["Ar", 18, 0.0, 0.0, 0.0, 54, 54] ]

# With the paramenters I got from Robert, the error is (1) higher than
#  what he gets and (2) dominated by the width of the Gaussian
# I get a much better agreement with the ideal value IF the Gaussian
#  size is reduced by one order of magnitude 3e4->3e5 for Ar
# It seems the position of the nucleus is also important: I get bad
#  results from D2 if I move the nucleus
# Higher prec with off centered nucleus is too demanding for my laptop

**************************************
18 [0.0, 0.0, 0.0]
Fermi Dirac potential
Using Half Charge Radius for Ar: 6.8888709658e-05
Integral of the Fermi-Dirac distribution via cartesian 3D integration: 1.6483679126536153
The normalization constant is: 10.919892253315467
Integral of the Fermi-Dirac distribution via 3D integration: 18.00000000000289
3D density

*FunctionTree: nn
  genNodes: 0
  square norm: 1.21406e+14
  root scale: 0
  order: 10
  nodes: 904
  endNodes: 792
  nodes per scale: 
    scale=0  nodes=8
    scale=1  nodes=64
    scale=2  nodes=64
    scale=3  nodes=64
    scale=4  nodes=64
    scale=5  nodes=64
    scale=6  nodes=64
    scale=7  nodes=64
    scale=8  nodes=64
    scale=9  nodes=64
    scale=10  nodes=64
    scale=11  nodes=64
    scale=12  nodes=64
    scale=13  nodes=64
    scale=14  nodes=64

3D potential

*FunctionTree: nn
  genNodes: 0
  square norm: 4972.66
  root scale: 0
  order: 10
  nodes: 904
  endNodes: 792
  nodes per scale: 
    scale=0  nodes=8
    scale=1  nodes=64
    scale=2  nodes=64
    scale=3  nodes=64
    scale=4  nodes=64
    scale=5  nodes=64
    scale=6  nodes=64
    scale=7  nodes=64
    scale=8  nodes=64
    scale=9  nodes=64
    scale=10  nodes=64
    scale=11  nodes=64
    scale=12  nodes=64
    scale=13  nodes=64
    scale=14  nodes=64

Potential

*FunctionTree: nn
  genNodes: 0
  square norm: 4972.66
  root scale: 0
  order: 10
  nodes: 904
  endNodes: 792
  nodes per scale: 
    scale=0  nodes=8
    scale=1  nodes=64
    scale=2  nodes=64
    scale=3  nodes=64
    scale=4  nodes=64
    scale=5  nodes=64
    scale=6  nodes=64
    scale=7  nodes=64
    scale=8  nodes=64
    scale=9  nodes=64
    scale=10  nodes=64
    scale=11  nodes=64
    scale=12  nodes=64
    scale=13  nodes=64
    scale=14  nodes=64

Number of Atoms =  1
[['Ar', 18, 0.0, 0.0, 0.0, 54, 54]]
Using derivative  PH
Hartree-Fock 1e D2
Classic-like energies: cke = 164.78256851992157 cpe = -326.75743149488835 cke + cpe = -161.97486297496678
mu = 17.99860344443239
Error = 0.0024598120755608376
Delta E 162.67950141010346
Energy -162.67950141010346 0
Converged?  0.0024598120755608376  >  1e-06   ----   162.67950141010346  >  1e-08   ----  iteration 0
Classic-like energies: cke = 166.15190716649272 cpe = -328.1467513051858 cke + cpe = -161.99484413869305
mu = 17.999713560981633
Error = 0.0014165843783314318
Delta E 0.020155782143859824
Energy -162.69965719224732 -162.67950141010346
Converged?  0.0014165843783314318  >  1e-06   ----   0.020155782143859824  >  1e-08   ----  iteration 1
Classic-like energies: cke = 166.90657972625726 cpe = -328.90514033746376 cke + cpe = -161.9985606112065
mu = 17.999920033778288
Error = 0.0008104448654584421
Delta E 0.0037489537370731796
Energy -162.7034061459844 -162.69965719224732
Converged?  0.0008104448654584421  >  1e-06   ----   0.0037489537370731796  >  1e-08   ----  iteration 2
Classic-like energies: cke = 167.30048560171159 cpe = -329.2998803799836 cke + cpe = -161.99939477827203
mu = 17.999966376539266
Error = 0.0004432395059890776
Delta E 0.0008414576227835369
Energy -162.70424760360717 -162.7034061459844
Converged?  0.0004432395059890776  >  1e-06   ----   0.0008414576227835369  >  1e-08   ----  iteration 3
Classic-like energies: cke = 167.50694656632785 cpe = -329.5065468313516 cke + cpe = -161.99960026502376
mu = 17.99997779248762
Error = 0.0002394512303710392
Delta E 0.00020728269416281364
Energy -162.70445488630133 -162.70424760360717
Converged?  0.0002394512303710392  >  1e-06   ----   0.00020728269416281364  >  1e-08   ----  iteration 4
Classic-like energies: cke = 167.6135258916339 cpe = -329.61317876400415 cke + cpe = -161.99965287237023
mu = 17.99998071512135
Error = 0.000126957005317767
Delta E 5.3067133535478206e-05
Energy -162.70450795343487 -162.70445488630133
Converged?  0.000126957005317767  >  1e-06   ----   5.3067133535478206e-05  >  1e-08   ----  iteration 5
Classic-like energies: cke = 167.66869770494438 cpe = -329.66836429135105 cke + cpe = -161.99966658640668
mu = 17.999981477013062
Error = 6.682119466217813e-05
Delta E 1.3833896417736469e-05
Energy -162.7045217873313 -162.70450795343487
Converged?  6.682119466217813e-05  >  1e-06   ----   1.3833896417736469e-05  >  1e-08   ----  iteration 6
Classic-like energies: cke = 167.69709281102558 cpe = -329.69676299951925 cke + cpe = -161.99967018849367
mu = 17.99998167712921
Error = 3.4867798094619245e-05
Delta E 3.6335684967525594e-06
Energy -162.70452542089978 -162.7045217873313
Converged?  3.4867798094619245e-05  >  1e-06   ----   3.6335684967525594e-06  >  1e-08   ----  iteration 7
Classic-like energies: cke = 167.71173021624787 cpe = -329.7114013514811 cke + cpe = -161.9996711352332
mu = 17.999981729725906
Error = 1.812612928637258e-05
Delta E 9.55015622139399e-07
Energy -162.7045263759154 -162.70452542089978
Converged?  1.812612928637258e-05  >  1e-06   ----   9.55015622139399e-07  >  1e-08   ----  iteration 8
Classic-like energies: cke = 167.71925496173296 cpe = -329.7189263467807 cke + cpe = -161.99967138504772
mu = 17.999981743604504
Error = 9.383279680807313e-06
Delta E 2.519964823477494e-07
Energy -162.7045266279119 -162.7045263759154
Converged?  9.383279680807313e-06  >  1e-06   ----   2.519964823477494e-07  >  1e-08   ----  iteration 9
Classic-like energies: cke = 167.72312770617378 cpe = -329.72279915720713 cke + cpe = -161.99967145103335
mu = 17.999981747270375
Error = 4.848967251347888e-06
Delta E 6.656165396634606e-08
Energy -162.70452669447354 -162.7045266279119
Converged?  4.848967251347888e-06  >  1e-06   ----   6.656165396634606e-08  >  1e-08   ----  iteration 10
Classic-like energies: cke = 167.72511759820475 cpe = -329.7247890666389 cke + cpe = -161.99967146843414
mu = 17.999981748237087
Error = 1.250160659871009e-06
Delta E 1.7554640407979605e-08
Energy -162.70452671202818 -162.70452669447354
Converged?  1.250160659871009e-06  >  1e-06   ----   1.7554640407979605e-08  >  1e-08   ----  iteration 11
Classic-like energies: cke = 167.7256293305186 cpe = -329.7253008016432 cke + cpe = -161.9996714711246
mu = 17.999981748386556
Error = 9.350670057792963e-07
Delta E 2.714500624279026e-09
Energy -162.70452671474268 -162.70452671202818
Converged?  9.350670057792963e-07  >  1e-06   ----   2.714500624279026e-09  >  1e-08   ----  iteration 12
Classic-like energies: cke = 167.7260166359757 cpe = -329.72568810862344 cke + cpe = -161.99967147264775
mu = 17.99998174847118
Error = 7.073933706579734e-07
Delta E 1.5365344552265014e-09
Energy -162.70452671627922 -162.70452671474268
Converged?  7.073933706579734e-07  >  1e-06   ----   1.5365344552265014e-09  >  1e-08   ----  iteration 13
Classic-like energies: cke = 167.72630980068487 cpe = -329.7259812742033 cke + cpe = -161.99967147351845
mu = 17.99998174851955
Error = 5.357409107874565e-07
Delta E 8.77747652339167e-10
Energy -162.70452671715697 -162.70452671627922
Converged?  5.357409107874565e-07  >  1e-06   ----   8.77747652339167e-10  >  1e-08   ----  iteration 14
Classic-like energies: cke = 167.72653171380608, cpe = -329.72620205128817, cke + cpe = -161.9996703374821
Exact Energy = -162.70485811494655
Dirac Energy = -162.70452463905895
Kutze Energy = -162.70452557118992
Error Kutze  = 0.0003325437573948875
Error Dirac  = 0.00033347588760079816
Delta Energy = 1.145967047477825e-06
Dirac - Kutzelnigg = 9.321302059106529e-07

PARAMETERS:
molecule    = [['Ar', 18, 0.0, 0.0, 0.0, 54, 54]]
D2          = True
prec        = 7
derivative  = PH
box         = 1

-------------------------------
Ar 1 1 7 PH 1
-------------------------------
Now executing: python test.py Input_Making/input__Ar118ABGV.txt
Input file: Input_Making/input__Ar118ABGV.txt
Output file: outputs/output__Ar118ABGV.txt
light_speed = 137.03599913900001  # default 137.03599913900001
derivative = "ABGV"         # possible values: PH, ABGV, BS
order = 11
box = 1
prec = 1.0e-8                 # precision threshold for the MRA operations
thr  = 1.0e-7                  # error threshold for SCF convergence

readPotential    = False        # bool
computePotential = True         # bool 
savePotential    = False         # bool
potential = "fermi_dirac"       # possible values: point_charge coulomb_HFYGB homogeneus_charge_sphere gaussian

readOrbitals     = False        # bool
saveOrbitals     = False         # bool
saveGuess        = False

scf              = True
ktrs             = False
D2               = True         # bool
two_electrons    = False         # bool

runGaunt         = False
runGaugeA        = False
runGaugeB        = False
runGaugeC        = False
runGaugeD        = False
runGaugeDelta    = False

molecule = [ ["Ar", 18, 0.0, 0.0, 0.0, 54, 54] ]

# With the paramenters I got from Robert, the error is (1) higher than
#  what he gets and (2) dominated by the width of the Gaussian
# I get a much better agreement with the ideal value IF the Gaussian
#  size is reduced by one order of magnitude 3e4->3e5 for Ar
# It seems the position of the nucleus is also important: I get bad
#  results from D2 if I move the nucleus
# Higher prec with off centered nucleus is too demanding for my laptop

**************************************
18 [0.0, 0.0, 0.0]
Fermi Dirac potential
Using Half Charge Radius for Ar: 6.8888709658e-05
Integral of the Fermi-Dirac distribution via cartesian 3D integration: 1.6483679126516535
The normalization constant is: 10.919892253328463
Integral of the Fermi-Dirac distribution via 3D integration: 17.999999999999993
3D density

*FunctionTree: nn
  genNodes: 0
  square norm: 1.21406e+14
  root scale: 0
  order: 11
  nodes: 904
  endNodes: 792
  nodes per scale: 
    scale=0  nodes=8
    scale=1  nodes=64
    scale=2  nodes=64
    scale=3  nodes=64
    scale=4  nodes=64
    scale=5  nodes=64
    scale=6  nodes=64
    scale=7  nodes=64
    scale=8  nodes=64
    scale=9  nodes=64
    scale=10  nodes=64
    scale=11  nodes=64
    scale=12  nodes=64
    scale=13  nodes=64
    scale=14  nodes=64

3D potential

*FunctionTree: nn
  genNodes: 0
  square norm: 4972.66
  root scale: 0
  order: 11
  nodes: 1160
  endNodes: 1016
  nodes per scale: 
    scale=0  nodes=8
    scale=1  nodes=64
    scale=2  nodes=64
    scale=3  nodes=64
    scale=4  nodes=64
    scale=5  nodes=64
    scale=6  nodes=64
    scale=7  nodes=64
    scale=8  nodes=64
    scale=9  nodes=64
    scale=10  nodes=64
    scale=11  nodes=64
    scale=12  nodes=64
    scale=13  nodes=64
    scale=14  nodes=64
    scale=15  nodes=256

Potential

*FunctionTree: nn
  genNodes: 0
  square norm: 4972.66
  root scale: 0
  order: 11
  nodes: 1160
  endNodes: 1016
  nodes per scale: 
    scale=0  nodes=8
    scale=1  nodes=64
    scale=2  nodes=64
    scale=3  nodes=64
    scale=4  nodes=64
    scale=5  nodes=64
    scale=6  nodes=64
    scale=7  nodes=64
    scale=8  nodes=64
    scale=9  nodes=64
    scale=10  nodes=64
    scale=11  nodes=64
    scale=12  nodes=64
    scale=13  nodes=64
    scale=14  nodes=64
    scale=15  nodes=256

Number of Atoms =  1
[['Ar', 18, 0.0, 0.0, 0.0, 54, 54]]
Using derivative  ABGV
Hartree-Fock 1e D2
Classic-like energies: cke = 164.7828734035033 cpe = -326.75500738063664 cke + cpe = -161.97213397713335
mu = 17.99845182103913
Error = 0.00245347712787246
Delta E 162.67674856483788
Energy -162.67674856483788 0
Converged?  0.00245347712787246  >  1e-07   ----   162.67674856483788  >  1e-09   ----  iteration 0
Classic-like energies: cke = 166.1478739987595 cpe = -328.1427142573217 cke + cpe = -161.9948402585622
mu = 17.999713345415376
Error = 0.0014188116112645007
Delta E 0.022904713367154272
Energy -162.69965327820503 -162.67674856483788
Converged?  0.0014188116112645007  >  1e-07   ----   0.022904713367154272  >  1e-09   ----  iteration 1
Classic-like energies: cke = 166.9042484491703 cpe = -328.9028030123164 cke + cpe = -161.9985545631461
mu = 17.999919697773436
Error = 0.0008116925778066383
Delta E 0.003746766859762829
Energy -162.7034000450648 -162.69965327820503
Converged?  0.0008116925778066383  >  1e-07   ----   0.003746766859762829  >  1e-09   ----  iteration 2
Classic-like energies: cke = 167.29927568801307 cpe = -329.2986680002122 cke + cpe = -161.99939231219915
mu = 17.99996623953496
Error = 0.00044415589691070364
Delta E 0.0008450709158864811
Energy -162.70424511598068 -162.7034000450648
Converged?  0.00044415589691070364  >  1e-07   ----   0.0008450709158864811  >  1e-09   ----  iteration 3
Classic-like energies: cke = 167.50630022126117 cpe = -329.50589907008134 cke + cpe = -161.99959884882017
mu = 17.999977713809546
Error = 0.00023996648350437763
Delta E 0.00020834174077322132
Energy -162.70445345772146 -162.70424511598068
Converged?  0.00023996648350437763  >  1e-07   ----   0.00020834174077322132  >  1e-09   ----  iteration 4
Classic-like energies: cke = 167.61319517638833 cpe = -329.6128469525319 cke + cpe = -161.9996517761436
mu = 17.999980654219804
Error = 0.00012725827956914585
Delta E 5.338990519021536e-05
Energy -162.70450684762665 -162.70445345772146
Converged?  0.00012725827956914585  >  1e-07   ----   5.338990519021536e-05  >  1e-09   ----  iteration 5
Classic-like energies: cke = 167.6685280297109 cpe = -329.66819359780084 cke + cpe = -161.99966556808994
mu = 17.999981420439852
Error = 6.698436214464077e-05
Delta E 1.3912487787592909e-05
Energy -162.70452076011443 -162.70450684762665
Converged?  6.698436214464077e-05  >  1e-07   ----   1.3912487787592909e-05  >  1e-09   ----  iteration 6
Classic-like energies: cke = 167.69700851234322 cpe = -329.69667770063825 cke + cpe = -161.99966918829503
mu = 17.999981621562565
Error = 3.495649441831559e-05
Delta E 3.6518465833523805e-06
Energy -162.70452441196102 -162.70452076011443
Converged?  3.495649441831559e-05  >  1e-07   ----   3.6518465833523805e-06  >  1e-09   ----  iteration 7
Classic-like energies: cke = 167.7116896759685 cpe = -329.71135981757004 cke + cpe = -161.99967014160154
mu = 17.99998167452409
Error = 1.8172994930950535e-05
Delta E 9.616371698939474e-07
Energy -162.7045253735982 -162.70452441196102
Converged?  1.8172994930950535e-05  >  1e-07   ----   9.616371698939474e-07  >  1e-09   ----  iteration 8
Classic-like energies: cke = 167.71923719063938 cpe = -329.718907583651 cke + cpe = -161.99967039301163
mu = 17.99998168849133
Error = 9.408003488788064e-06
Delta E 2.5360810695929104e-07
Energy -162.7045256272063 -162.7045253735982
Converged?  9.408003488788064e-06  >  1e-07   ----   2.5360810695929104e-07  >  1e-09   ----  iteration 9
Classic-like energies: cke = 167.72312162188433 cpe = -329.72279208123445 cke + cpe = -161.9996704593501
mu = 17.999981692176807
Error = 4.861851565608603e-06
Delta E 6.691814746773161e-08
Energy -162.70452569412444 -162.7045256272063
Converged?  4.861851565608603e-06  >  1e-07   ----   6.691814746773161e-08  >  1e-09   ----  iteration 10
Classic-like energies: cke = 167.72511755424134 cpe = -329.7247880311033 cke + cpe = -161.99967047686195
mu = 17.99998169314969
Error = 1.2535131049245816e-06
Delta E 1.7665144014245016e-08
Energy -162.70452571178959 -162.70452569412444
Converged?  1.2535131049245816e-06  >  1e-07   ----   1.7665144014245016e-08  >  1e-09   ----  iteration 11
Classic-like energies: cke = 167.72563083750063 cpe = -329.7253013170642 cke + cpe = -161.99967047956355
mu = 17.999981693299777
Error = 9.378326160019845e-07
Delta E 2.7249313916399842e-09
Energy -162.70452571451452 -162.70452571178959
Converged?  9.378326160019845e-07  >  1e-07   ----   2.7249313916399842e-09  >  1e-09   ----  iteration 12
Classic-like energies: cke = 167.72601931810502 cpe = -329.7256897991985 cke + cpe = -161.9996704810935
mu = 17.999981693384772
Error = 7.0950916570444e-07
Delta E 1.5427872313011903e-09
Energy -162.7045257160573 -162.70452571451452
Converged?  7.0950916570444e-07  >  1e-07   ----   1.5427872313011903e-09  >  1e-09   ----  iteration 13
Classic-like energies: cke = 167.72631337289263 cpe = -329.72598385486106 cke + cpe = -161.99967048196842
mu = 17.99998169343338
Error = 5.373473545855891e-07
Delta E 8.840004284138558e-10
Energy -162.7045257169413 -162.7045257160573
Converged?  5.373473545855891e-07  >  1e-07   ----   8.840004284138558e-10  >  1e-09   ----  iteration 14
Classic-like energies: cke = 167.72653596003425, cpe = -329.7262064424262, cke + cpe = -161.99967048239193
Exact Energy = -162.70485811494655
Dirac Energy = -162.70452566189488
Kutze Energy = -162.7045257173666
Error Kutze  = 0.00033239757976843975
Error Dirac  = 0.0003324530516692903
Delta Energy = -4.2530245991656557e-10
Dirac - Kutzelnigg = 5.547190085053444e-08

PARAMETERS:
molecule    = [['Ar', 18, 0.0, 0.0, 0.0, 54, 54]]
D2          = True
prec        = 8
derivative  = ABGV
box         = 1

-------------------------------
Ar 1 1 8 ABGV 1
-------------------------------
Now executing: python test.py Input_Making/input__Ar118BS.txt
Input file: Input_Making/input__Ar118BS.txt
Output file: outputs/output__Ar118BS.txt
light_speed = 137.03599913900001  # default 137.03599913900001
derivative = "BS"         # possible values: PH, ABGV, BS
order = 11
box = 1
prec = 1.0e-8                 # precision threshold for the MRA operations
thr  = 1.0e-7                  # error threshold for SCF convergence

readPotential    = False        # bool
computePotential = True         # bool 
savePotential    = False         # bool
potential = "fermi_dirac"       # possible values: point_charge coulomb_HFYGB homogeneus_charge_sphere gaussian

readOrbitals     = False        # bool
saveOrbitals     = False         # bool
saveGuess        = False

scf              = True
ktrs             = False
D2               = True         # bool
two_electrons    = False         # bool

runGaunt         = False
runGaugeA        = False
runGaugeB        = False
runGaugeC        = False
runGaugeD        = False
runGaugeDelta    = False

molecule = [ ["Ar", 18, 0.0, 0.0, 0.0, 54, 54] ]

# With the paramenters I got from Robert, the error is (1) higher than
#  what he gets and (2) dominated by the width of the Gaussian
# I get a much better agreement with the ideal value IF the Gaussian
#  size is reduced by one order of magnitude 3e4->3e5 for Ar
# It seems the position of the nucleus is also important: I get bad
#  results from D2 if I move the nucleus
# Higher prec with off centered nucleus is too demanding for my laptop

**************************************
18 [0.0, 0.0, 0.0]
Fermi Dirac potential
Using Half Charge Radius for Ar: 6.8888709658e-05
Integral of the Fermi-Dirac distribution via cartesian 3D integration: 1.6483679126516535
The normalization constant is: 10.919892253328463
Integral of the Fermi-Dirac distribution via 3D integration: 17.999999999999993
3D density

*FunctionTree: nn
  genNodes: 0
  square norm: 1.21406e+14
  root scale: 0
  order: 11
  nodes: 904
  endNodes: 792
  nodes per scale: 
    scale=0  nodes=8
    scale=1  nodes=64
    scale=2  nodes=64
    scale=3  nodes=64
    scale=4  nodes=64
    scale=5  nodes=64
    scale=6  nodes=64
    scale=7  nodes=64
    scale=8  nodes=64
    scale=9  nodes=64
    scale=10  nodes=64
    scale=11  nodes=64
    scale=12  nodes=64
    scale=13  nodes=64
    scale=14  nodes=64

3D potential

*FunctionTree: nn
  genNodes: 0
  square norm: 4972.66
  root scale: 0
  order: 11
  nodes: 1160
  endNodes: 1016
  nodes per scale: 
    scale=0  nodes=8
    scale=1  nodes=64
    scale=2  nodes=64
    scale=3  nodes=64
    scale=4  nodes=64
    scale=5  nodes=64
    scale=6  nodes=64
    scale=7  nodes=64
    scale=8  nodes=64
    scale=9  nodes=64
    scale=10  nodes=64
    scale=11  nodes=64
    scale=12  nodes=64
    scale=13  nodes=64
    scale=14  nodes=64
    scale=15  nodes=256

Potential

*FunctionTree: nn
  genNodes: 0
  square norm: 4972.66
  root scale: 0
  order: 11
  nodes: 1160
  endNodes: 1016
  nodes per scale: 
    scale=0  nodes=8
    scale=1  nodes=64
    scale=2  nodes=64
    scale=3  nodes=64
    scale=4  nodes=64
    scale=5  nodes=64
    scale=6  nodes=64
    scale=7  nodes=64
    scale=8  nodes=64
    scale=9  nodes=64
    scale=10  nodes=64
    scale=11  nodes=64
    scale=12  nodes=64
    scale=13  nodes=64
    scale=14  nodes=64
    scale=15  nodes=256

Number of Atoms =  1
[['Ar', 18, 0.0, 0.0, 0.0, 54, 54]]
Using derivative  BS
Hartree-Fock 1e D2
Classic-like energies: cke = 164.7828734035033 cpe = -326.7547483952769 cke + cpe = -161.97187499177363
mu = 17.998437431720212
Error = 0.002452841190581802
Delta E 162.6764873163466
Energy -162.6764873163466 0
Converged?  0.002452841190581802  >  1e-07   ----   162.6764873163466  >  1e-09   ----  iteration 0
Classic-like energies: cke = 166.14744706368614 cpe = -328.14229265909495 cke + cpe = -161.9948455954088
mu = 17.999713641911573
Error = 0.0014190405820419956
Delta E 0.02317134534828824
Energy -162.69965866169488 -162.6764873163466
Converged?  0.0014190405820419956  >  1e-07   ----   0.02317134534828824  >  1e-09   ----  iteration 1
Classic-like energies: cke = 166.9039963625541 cpe = -328.902550624872 cke + cpe = -161.9985542623179
mu = 17.999919681060685
Error = 0.0008117985306874242
Delta E 0.0037410799124870664
Energy -162.70339974160737 -162.69965866169488
Converged?  0.0008117985306874242  >  1e-07   ----   0.0037410799124870664  >  1e-09   ----  iteration 2
Classic-like energies: cke = 167.2991452003702 cpe = -329.2985373719147 cke + cpe = -161.99939217154449
mu = 17.999966231720798
Error = 0.0004442471536911799
Delta E 0.0008452324872791905
Energy -162.70424497409465 -162.70339974160737
Converged?  0.0004442471536911799  >  1e-07   ----   0.0008452324872791905  >  1e-09   ----  iteration 3
Classic-like energies: cke = 167.5062288565549 cpe = -329.5058276743266 cke + cpe = -161.9995988177717
mu = 17.99997771208463
Error = 0.0002400172797662569
Delta E 0.0002084523057419574
Energy -162.7044534264004 -162.70424497409465
Converged?  0.0002400172797662569  >  1e-07   ----   0.0002084523057419574  >  1e-09   ----  iteration 4
Classic-like energies: cke = 167.61315841108578 cpe = -329.61281018870375 cke + cpe = -161.99965177761797
mu = 17.999980654301712
Error = 0.00012728947920843034
Delta E 5.3422714870521304e-05
Energy -162.70450684911526 -162.7044534264004
Converged?  0.00012728947920843034  >  1e-07   ----   5.3422714870521304e-05  >  1e-09   ----  iteration 5
Classic-like energies: cke = 167.66850870405395 cpe = -329.66817428244 cke + cpe = -161.99966557838607
mu = 17.99998142101186
Error = 6.700134096064892e-05
Delta E 1.392138599953796e-05
Energy -162.70452077050126 -162.70450684911526
Converged?  6.700134096064892e-05  >  1e-07   ----   1.392138599953796e-05  >  1e-09   ----  iteration 6
Classic-like energies: cke = 167.69699858828233 cpe = -329.69666778925915 cke + cpe = -161.99966920097683
mu = 17.999981622267107
Error = 3.496590456877232e-05
Delta E 3.654252537899083e-06
Energy -162.7045244247538 -162.70452077050126
Converged?  3.496590456877232e-05  >  1e-07   ----   3.654252537899083e-06  >  1e-09   ----  iteration 7
Classic-like energies: cke = 167.71168454999486 cpe = -329.7113547049029 cke + cpe = -161.99967015490802
mu = 17.99998167526334
Error = 1.817799088170723e-05
Delta E 9.622667960229592e-07
Energy -162.7045253870206 -162.7045244247538
Converged?  1.817799088170723e-05  >  1e-07   ----   9.622667960229592e-07  >  1e-09   ----  iteration 8
Classic-like energies: cke = 167.71923457680526 cpe = -329.7189049832748 cke + cpe = -161.99967040646953
mu = 17.999981689238993
Error = 9.410661305680368e-06
Delta E 2.5376030521329085e-07
Energy -162.7045256407809 -162.7045253870206
Converged?  9.410661305680368e-06  >  1e-07   ----   2.5376030521329085e-07  >  1e-09   ----  iteration 9
Classic-like energies: cke = 167.72312029533427 cpe = -329.72279076818586 cke + cpe = -161.9996704728516
mu = 17.99998169292689
Error = 4.863240777861821e-06
Delta E 6.696194532196387e-08
Energy -162.70452570774285 -162.7045256407809
Converged?  4.863240777861821e-06  >  1e-07   ----   6.696194532196387e-08  >  1e-09   ----  iteration 10
Classic-like energies: cke = 167.72511689451224 cpe = -329.7247873848875 cke + cpe = -161.99967049037528
mu = 17.99998169390043
Error = 1.253875979510015e-06
Delta E 1.7677649566394393e-08
Energy -162.7045257254205 -162.70452570774285
Converged?  1.253875979510015e-06  >  1e-07   ----   1.7677649566394393e-08  >  1e-09   ----  iteration 11
Classic-like energies: cke = 167.72563034881873 cpe = -329.7253008418981 cke + cpe = -161.99967049307938
mu = 17.999981694050657
Error = 9.381358554379866e-07
Delta E 2.729080961216823e-09
Energy -162.70452572814958 -162.7045257254205
Converged?  9.381358554379866e-07  >  1e-07   ----   2.729080961216823e-09  >  1e-09   ----  iteration 12
Classic-like energies: cke = 167.72601895914104 cpe = -329.72568945375104 cke + cpe = -161.99967049461
mu = 17.99998169413569
Error = 7.097415294034946e-07
Delta E 1.5428156530106207e-09
Energy -162.7045257296924 -162.70452572814958
Converged?  7.097415294034946e-07  >  1e-07   ----   1.5428156530106207e-09  >  1e-09   ----  iteration 13
Classic-like energies: cke = 167.72631311215312 cpe = -329.72598360763857 cke + cpe = -161.99967049548545
mu = 17.999981694184328
Error = 5.37523913826277e-07
Delta E 8.839720067044254e-10
Energy -162.70452573057636 -162.7045257296924
Converged?  5.37523913826277e-07  >  1e-07   ----   8.839720067044254e-10  >  1e-09   ----  iteration 14
Classic-like energies: cke = 167.7265357736612, cpe = -329.726206269789, cke + cpe = -161.99967049612778
Exact Energy = -162.70485811494655
Dirac Energy = -162.70452560102058
Kutze Energy = -162.70452573122267
Error Kutze  = 0.00033238372270716354
Error Dirac  = 0.00033251392596866935
Delta Energy = -6.463096724473871e-10
Dirac - Kutzelnigg = 1.302032615058124e-07

PARAMETERS:
molecule    = [['Ar', 18, 0.0, 0.0, 0.0, 54, 54]]
D2          = True
prec        = 8
derivative  = BS
box         = 1

-------------------------------
Ar 1 1 8 BS 1
-------------------------------
Now executing: python test.py Input_Making/input__Ar118PH.txt
Input file: Input_Making/input__Ar118PH.txt
Output file: outputs/output__Ar118PH.txt
light_speed = 137.03599913900001  # default 137.03599913900001
derivative = "PH"         # possible values: PH, ABGV, BS
order = 11
box = 1
prec = 1.0e-8                 # precision threshold for the MRA operations
thr  = 1.0e-7                  # error threshold for SCF convergence

readPotential    = False        # bool
computePotential = True         # bool 
savePotential    = False         # bool
potential = "fermi_dirac"       # possible values: point_charge coulomb_HFYGB homogeneus_charge_sphere gaussian

readOrbitals     = False        # bool
saveOrbitals     = False         # bool
saveGuess        = False

scf              = True
ktrs             = False
D2               = True         # bool
two_electrons    = False         # bool

runGaunt         = False
runGaugeA        = False
runGaugeB        = False
runGaugeC        = False
runGaugeD        = False
runGaugeDelta    = False

molecule = [ ["Ar", 18, 0.0, 0.0, 0.0, 54, 54] ]

# With the paramenters I got from Robert, the error is (1) higher than
#  what he gets and (2) dominated by the width of the Gaussian
# I get a much better agreement with the ideal value IF the Gaussian
#  size is reduced by one order of magnitude 3e4->3e5 for Ar
# It seems the position of the nucleus is also important: I get bad
#  results from D2 if I move the nucleus
# Higher prec with off centered nucleus is too demanding for my laptop

**************************************
18 [0.0, 0.0, 0.0]
Fermi Dirac potential
Using Half Charge Radius for Ar: 6.8888709658e-05
Integral of the Fermi-Dirac distribution via cartesian 3D integration: 1.6483679126516535
The normalization constant is: 10.919892253328463
Integral of the Fermi-Dirac distribution via 3D integration: 17.999999999999993
3D density

*FunctionTree: nn
  genNodes: 0
  square norm: 1.21406e+14
  root scale: 0
  order: 11
  nodes: 904
  endNodes: 792
  nodes per scale: 
    scale=0  nodes=8
    scale=1  nodes=64
    scale=2  nodes=64
    scale=3  nodes=64
    scale=4  nodes=64
    scale=5  nodes=64
    scale=6  nodes=64
    scale=7  nodes=64
    scale=8  nodes=64
    scale=9  nodes=64
    scale=10  nodes=64
    scale=11  nodes=64
    scale=12  nodes=64
    scale=13  nodes=64
    scale=14  nodes=64

3D potential

*FunctionTree: nn
  genNodes: 0
  square norm: 4972.66
  root scale: 0
  order: 11
  nodes: 1160
  endNodes: 1016
  nodes per scale: 
    scale=0  nodes=8
    scale=1  nodes=64
    scale=2  nodes=64
    scale=3  nodes=64
    scale=4  nodes=64
    scale=5  nodes=64
    scale=6  nodes=64
    scale=7  nodes=64
    scale=8  nodes=64
    scale=9  nodes=64
    scale=10  nodes=64
    scale=11  nodes=64
    scale=12  nodes=64
    scale=13  nodes=64
    scale=14  nodes=64
    scale=15  nodes=256

Potential

*FunctionTree: nn
  genNodes: 0
  square norm: 4972.66
  root scale: 0
  order: 11
  nodes: 1160
  endNodes: 1016
  nodes per scale: 
    scale=0  nodes=8
    scale=1  nodes=64
    scale=2  nodes=64
    scale=3  nodes=64
    scale=4  nodes=64
    scale=5  nodes=64
    scale=6  nodes=64
    scale=7  nodes=64
    scale=8  nodes=64
    scale=9  nodes=64
    scale=10  nodes=64
    scale=11  nodes=64
    scale=12  nodes=64
    scale=13  nodes=64
    scale=14  nodes=64
    scale=15  nodes=256

Number of Atoms =  1
[['Ar', 18, 0.0, 0.0, 0.0, 54, 54]]
Using derivative  PH
Hartree-Fock 1e D2
Classic-like energies: cke = 164.7828734035033 cpe = -326.7571999229962 cke + cpe = -161.97432651949293
mu = 17.99857363901334
Error = 0.0024588698833467155
Delta E 162.6789602667646
Energy -162.6789602667646 0
Converged?  0.0024588698833467155  >  1e-07   ----   162.6789602667646  >  1e-09   ----  iteration 0
Classic-like energies: cke = 166.15145466133305 cpe = -328.1462610220195 cke + cpe = -161.99480636068643
mu = 17.999711462169966
Error = 0.0014169004291172604
Delta E 0.02065881730763408
Energy -162.69961908407222 -162.6789602667646
Converged?  0.0014169004291172604  >  1e-07   ----   0.02065881730763408  >  1e-09   ----  iteration 1
Classic-like energies: cke = 166.90634814781532 cpe = -328.9049055952679 cke + cpe = -161.99855744745258
mu = 17.9999198580134
Error = 0.0008107531160138109
Delta E 0.003783870507646725
Energy -162.70340295457987 -162.69961908407222
Converged?  0.0008107531160138109  >  1e-07   ----   0.003783870507646725  >  1e-09   ----  iteration 2
Classic-like energies: cke = 167.3003640854002 cpe = -329.29975769788354 cke + cpe = -161.99939361248335
mu = 17.999966311773104
Error = 0.00044338277990486603
Delta E 0.0008434730485191722
Energy -162.7042464276284 -162.70340295457987
Converged?  0.00044338277990486603  >  1e-07   ----   0.0008434730485191722  >  1e-09   ----  iteration 3
Classic-like energies: cke = 167.50689227474652 cpe = -329.5064915127186 cke + cpe = -161.99959923797206
mu = 17.999977735429123
Error = 0.00023953375204079338
Delta E 0.00020742264541695477
Energy -162.7044538502738 -162.7042464276284
Converged?  0.00023953375204079338  >  1e-07   ----   0.00020742264541695477  >  1e-09   ----  iteration 4
Classic-like energies: cke = 167.61350057858522 cpe = -329.61315247203225 cke + cpe = -161.99965189344704
mu = 17.999980660736668
Error = 0.00012699619553734564
Delta E 5.3115681879489784e-05
Energy -162.7045069659557 -162.7044538502738
Converged?  0.00012699619553734564  >  1e-07   ----   5.3115681879489784e-05  >  1e-09   ----  iteration 5
Classic-like energies: cke = 167.66868840314586 cpe = -329.6683540148854 cke + cpe = -161.99966561173952
mu = 17.99998142286483
Error = 6.684181854571471e-05
Delta E 1.3838191250670207e-05
Energy -162.70452080414694 -162.7045069659557
Converged?  6.684181854571471e-05  >  1e-07   ----   1.3838191250670207e-05  >  1e-09   ----  iteration 6
Classic-like energies: cke = 167.69709109420407 cpe = -329.6967603066862 cke + cpe = -161.99966921248213
mu = 17.999981622906294
Error = 3.487792550744556e-05
Delta E 3.6322112748621294e-06
Energy -162.7045244363582 -162.70452080414694
Converged?  3.487792550744556e-05  >  1e-07   ----   3.6322112748621294e-06  >  1e-09   ----  iteration 7
Classic-like energies: cke = 167.711732502203 cpe = -329.71140266285335 cke + cpe = -161.99967016065034
mu = 17.999981675582358
Error = 1.813132856025557e-05
Delta E 9.564562617470074e-07
Energy -162.70452539281447 -162.7045244363582
Converged?  1.813132856025557e-05  >  1e-07   ----   9.564562617470074e-07  >  1e-09   ----  iteration 8
Classic-like energies: cke = 167.71925924188122 cpe = -329.71892965257416 cke + cpe = -161.99967041069294
mu = 17.99998168947363
Error = 9.385889966959766e-06
Delta E 2.5222789190593176e-07
Energy -162.70452564504237 -162.70452539281447
Converged?  9.385889966959766e-06  >  1e-07   ----   2.5222789190593176e-07  >  1e-09   ----  iteration 9
Classic-like energies: cke = 167.72313302203645 cpe = -329.7228034987098 cke + cpe = -161.99967047667337
mu = 17.999981693139212
Error = 4.850302085888997e-06
Delta E 6.655540119027137e-08
Energy -162.70452571159777 -162.70452564504237
Converged?  4.850302085888997e-06  >  1e-07   ----   6.655540119027137e-08  >  1e-09   ----  iteration 10
Classic-like energies: cke = 167.7251234411746 cpe = -329.7247939352651 cke + cpe = -161.9996704940905
mu = 17.999981694106832
Error = 1.250499597753859e-06
Delta E 1.7571323951415252e-08
Energy -162.7045257291691 -162.70452571159777
Converged?  1.250499597753859e-06  >  1e-07   ----   1.7571323951415252e-08  >  1e-09   ----  iteration 11
Classic-like energies: cke = 167.72563530996393 cpe = -329.7253058067435 cke + cpe = -161.99967049677957
mu = 17.999981694256224
Error = 9.353208188689497e-07
Delta E 2.712397417781176e-09
Energy -162.7045257318815 -162.7045257291691
Converged?  9.353208188689497e-07  >  1e-07   ----   2.712397417781176e-09  >  1e-09   ----  iteration 12
Classic-like energies: cke = 167.72602271862843 cpe = -329.72569321692873 cke + cpe = -161.9996704983003
mu = 17.999981694340708
Error = 7.075850461743057e-07
Delta E 1.5323848856496625e-09
Energy -162.70452573341387 -162.7045257318815
Converged?  7.075850461743057e-07  >  1e-07   ----   1.5323848856496625e-09  >  1e-09   ----  iteration 13
Classic-like energies: cke = 167.72631596144146 cpe = -329.72598646061346 cke + cpe = -161.999670499172
mu = 17.999981694389135
Error = 5.358857879687637e-07
Delta E 8.798224371275865e-10
Energy -162.7045257342937 -162.70452573341387
Converged?  5.358857879687637e-07  >  1e-07   ----   8.798224371275865e-10  >  1e-09   ----  iteration 14
Classic-like energies: cke = 167.7265379336846, cpe = -329.7262084337514, cke + cpe = -161.99967050006683
Exact Energy = -162.70485811494655
Dirac Energy = -162.70452556826422
Kutze Energy = -162.70452573519646
Error Kutze  = 0.0003323797500343062
Error Dirac  = 0.0003325466823298484
Delta Energy = -9.027587566379225e-10
Dirac - Kutzelnigg = 1.6693229554221034e-07

PARAMETERS:
molecule    = [['Ar', 18, 0.0, 0.0, 0.0, 54, 54]]
D2          = True
prec        = 8
derivative  = PH
box         = 1

-------------------------------
Ar 1 1 8 PH 1
-------------------------------
Now executing: python test.py Input_Making/input__Ne004ABGV.txt
Input file: Input_Making/input__Ne004ABGV.txt
Output file: outputs/output__Ne004ABGV.txt
light_speed = 137.03599913900001  # default 137.03599913900001
derivative = "ABGV"         # possible values: PH, ABGV, BS
order = 7
box = 1
prec = 1.0e-4                 # precision threshold for the MRA operations
thr  = 1.0e-3                  # error threshold for SCF convergence

readPotential    = False         # bool
computePotential = True         # bool 
savePotential    = False         # bool
potential = "fermi_dirac"       # possible values: point_charge coulomb_HFYGB homogeneus_charge_sphere gaussian

readOrbitals     = False         # bool
saveOrbitals     = False         # bool
saveGuess        = False

scf              = True
ktrs             = False
D2               = False         # bool
two_electrons    = False         # bool

runGaunt         = False
runGaugeA        = False
runGaugeB        = False
runGaugeC        = False
runGaugeD        = False
runGaugeDelta    = False

molecule = [ ["Ne", 10, 0.1, 0.2, 0.3, 54, 54] ]

# With the paramenters I got from Robert, the error is (1) higher than
#  what he gets and (2) dominated by the width of the Gaussian
# I get a much better agreement with the ideal value IF the Gaussian
#  size is reduced by one order of magnitude 3e4->3e5 for Ar
# It seems the position of the nucleus is also important: I get bad
#  results from D2 if I move the nucleus
# Higher prec with off centered nucleus is too demanding for my laptop

**************************************
10 [0.1, 0.2, 0.3]
Fermi Dirac potential
Using Half Charge Radius for Ne: 5.0449447293e-05
Integral of the Fermi-Dirac distribution via cartesian 3D integration: 0.7422697847904095
The normalization constant is: 13.472190576669698
Integral of the Fermi-Dirac distribution via 3D integration: 9.999999999999993
3D density

*FunctionTree: nn
  genNodes: 0
  square norm: 7.00266e+13
  root scale: 0
  order: 7
  nodes: 400
  endNodes: 351
  nodes per scale: 
    scale=0  nodes=8
    scale=1  nodes=8
    scale=2  nodes=8
    scale=3  nodes=8
    scale=4  nodes=8
    scale=5  nodes=8
    scale=6  nodes=8
    scale=7  nodes=8
    scale=8  nodes=8
    scale=9  nodes=8
    scale=10  nodes=8
    scale=11  nodes=32
    scale=12  nodes=64
    scale=13  nodes=216

3D potential

*FunctionTree: nn
  genNodes: 0
  square norm: 1485.41
  root scale: 0
  order: 7
  nodes: 720
  endNodes: 631
  nodes per scale: 
    scale=0  nodes=8
    scale=1  nodes=56
    scale=2  nodes=48
    scale=3  nodes=56
    scale=4  nodes=48
    scale=5  nodes=56
    scale=6  nodes=48
    scale=7  nodes=56
    scale=8  nodes=48
    scale=9  nodes=56
    scale=10  nodes=48
    scale=11  nodes=56
    scale=12  nodes=48
    scale=13  nodes=56
    scale=14  nodes=32

Potential

*FunctionTree: nn
  genNodes: 0
  square norm: 1485.41
  root scale: 0
  order: 7
  nodes: 720
  endNodes: 631
  nodes per scale: 
    scale=0  nodes=8
    scale=1  nodes=56
    scale=2  nodes=48
    scale=3  nodes=56
    scale=4  nodes=48
    scale=5  nodes=56
    scale=6  nodes=48
    scale=7  nodes=56
    scale=8  nodes=48
    scale=9  nodes=56
    scale=10  nodes=48
    scale=11  nodes=56
    scale=12  nodes=48
    scale=13  nodes=56
    scale=14  nodes=32

Number of Atoms =  1
[['Ne', 10, 0.1, 0.2, 0.3, 54, 54]]
Using derivative  ABGV
One-electron calculations 0.0001
calc_dirac_mu 99.99414995587847 18728.801250848315 137.035999139
Error 0.000758564849708021
Delta E 18728.801250848315
Energy -50.063809175695496
Converged?  0.000758564849708021  >  0.001   ----   18728.801250848315  >  1e-05   ----  iteration 0
calc_dirac_mu 99.9978835557213 18728.79937905817 137.035999139
Error 0.00043646700810328346
Delta E 0.0018717901439231355
Energy -50.06568096583942
Converged?  0.00043646700810328346  >  0.001   ----   0.0018717901439231355  >  1e-05   ----  iteration 1
calc_dirac_mu 99.99803182892212 18728.79930472339 137.035999139
Error 0.00023932819411967975
Delta E 7.433478094753809e-05
Energy -50.06575530062037
Converged?  0.00023932819411967975  >  0.001   ----   7.433478094753809e-05  >  1e-05   ----  iteration 2
calc_dirac_mu 99.99805592116951 18728.799292645064 137.035999139
Error 0.00012758664856429074
Delta E 1.2078326108166948e-05
Energy -50.065767378946475
Converged?  0.00012758664856429074  >  0.001   ----   1.2078326108166948e-05  >  1e-05   ----  iteration 3
calc_dirac_mu 99.99805994890956 18728.79929062581 137.035999139
Error 6.668188872355232e-05
Delta E 2.019252860918641e-06
Energy -50.065769398199336
Converged?  6.668188872355232e-05  >  0.001   ----   2.019252860918641e-06  >  1e-05   ----  iteration 4
calc_dirac_mu 99.99806012988628 18728.79929053508 137.035999139
Error 3.438292998284096e-05
Delta E 9.073119144886732e-08
Energy -50.06576948893053
Converged?  3.438292998284096e-05  >  0.001   ----   9.073119144886732e-08  >  1e-05   ----  iteration 5
Classic-like energies: cke = 50.530907521168686, cpe = -100.52541957239573, cke + cpe = -49.99451205122705
Exact Energy = -50.06674201684291
Dirac Energy = -50.06576928152208
Kutze Energy = -50.061239398223215
Error Kutze  = 0.0055026186200848315
Error Dirac  = 0.0009727353208290879
Delta Energy = 2.0740844774991274e-07
Dirac - Kutzelnigg = -0.004529883299255744

PARAMETERS:
molecule    = [['Ne', 10, 0.1, 0.2, 0.3, 54, 54]]
D2          = False
prec        = 4
derivative  = ABGV
box         = 1

-------------------------------
Ne 0 0 4 ABGV 1
-------------------------------
Now executing: python test.py Input_Making/input__Ne004BS.txt
Input file: Input_Making/input__Ne004BS.txt
Output file: outputs/output__Ne004BS.txt
light_speed = 137.03599913900001  # default 137.03599913900001
derivative = "BS"         # possible values: PH, ABGV, BS
order = 7
box = 1
prec = 1.0e-4                 # precision threshold for the MRA operations
thr  = 1.0e-3                  # error threshold for SCF convergence

readPotential    = False         # bool
computePotential = True         # bool 
savePotential    = False         # bool
potential = "fermi_dirac"       # possible values: point_charge coulomb_HFYGB homogeneus_charge_sphere gaussian

readOrbitals     = False         # bool
saveOrbitals     = False         # bool
saveGuess        = False

scf              = True
ktrs             = False
D2               = False         # bool
two_electrons    = False         # bool

runGaunt         = False
runGaugeA        = False
runGaugeB        = False
runGaugeC        = False
runGaugeD        = False
runGaugeDelta    = False

molecule = [ ["Ne", 10, 0.1, 0.2, 0.3, 54, 54] ]

# With the paramenters I got from Robert, the error is (1) higher than
#  what he gets and (2) dominated by the width of the Gaussian
# I get a much better agreement with the ideal value IF the Gaussian
#  size is reduced by one order of magnitude 3e4->3e5 for Ar
# It seems the position of the nucleus is also important: I get bad
#  results from D2 if I move the nucleus
# Higher prec with off centered nucleus is too demanding for my laptop

**************************************
10 [0.1, 0.2, 0.3]
Fermi Dirac potential
Using Half Charge Radius for Ne: 5.0449447293e-05
Integral of the Fermi-Dirac distribution via cartesian 3D integration: 0.7422697847904095
The normalization constant is: 13.472190576669698
Integral of the Fermi-Dirac distribution via 3D integration: 9.999999999999993
3D density

*FunctionTree: nn
  genNodes: 0
  square norm: 7.00266e+13
  root scale: 0
  order: 7
  nodes: 400
  endNodes: 351
  nodes per scale: 
    scale=0  nodes=8
    scale=1  nodes=8
    scale=2  nodes=8
    scale=3  nodes=8
    scale=4  nodes=8
    scale=5  nodes=8
    scale=6  nodes=8
    scale=7  nodes=8
    scale=8  nodes=8
    scale=9  nodes=8
    scale=10  nodes=8
    scale=11  nodes=32
    scale=12  nodes=64
    scale=13  nodes=216

3D potential

*FunctionTree: nn
  genNodes: 0
  square norm: 1485.41
  root scale: 0
  order: 7
  nodes: 720
  endNodes: 631
  nodes per scale: 
    scale=0  nodes=8
    scale=1  nodes=56
    scale=2  nodes=48
    scale=3  nodes=56
    scale=4  nodes=48
    scale=5  nodes=56
    scale=6  nodes=48
    scale=7  nodes=56
    scale=8  nodes=48
    scale=9  nodes=56
    scale=10  nodes=48
    scale=11  nodes=56
    scale=12  nodes=48
    scale=13  nodes=56
    scale=14  nodes=32

Potential

*FunctionTree: nn
  genNodes: 0
  square norm: 1485.41
  root scale: 0
  order: 7
  nodes: 720
  endNodes: 631
  nodes per scale: 
    scale=0  nodes=8
    scale=1  nodes=56
    scale=2  nodes=48
    scale=3  nodes=56
    scale=4  nodes=48
    scale=5  nodes=56
    scale=6  nodes=48
    scale=7  nodes=56
    scale=8  nodes=48
    scale=9  nodes=56
    scale=10  nodes=48
    scale=11  nodes=56
    scale=12  nodes=48
    scale=13  nodes=56
    scale=14  nodes=32

Number of Atoms =  1
[['Ne', 10, 0.1, 0.2, 0.3, 54, 54]]
Using derivative  BS
One-electron calculations 0.0001
calc_dirac_mu 99.99870280989522 18728.79896833607 137.035999139
Error 0.0007728094258003893
Delta E 18728.79896833607
Energy -50.06609168794239
Converged?  0.0007728094258003893  >  0.001   ----   18728.79896833607  >  1e-05   ----  iteration 0
calc_dirac_mu 99.99900836860675 18728.7988151483 137.035999139
Error 0.00043415915312973674
Delta E 0.00015318776786443777
Energy -50.066244875710254
Converged?  0.00043415915312973674  >  0.001   ----   0.00015318776786443777  >  1e-05   ----  iteration 1
calc_dirac_mu 99.99915940937912 18728.79873942603 137.035999139
Error 0.00023809532713332666
Delta E 7.57222696847748e-05
Energy -50.06632059797994
Converged?  0.00023809532713332666  >  0.001   ----   7.57222696847748e-05  >  1e-05   ----  iteration 2
calc_dirac_mu 99.99919871169597 18728.79871972234 137.035999139
Error 0.0001269827923988401
Delta E 1.970368975889869e-05
Energy -50.0663403016697
Converged?  0.0001269827923988401  >  0.001   ----   1.970368975889869e-05  >  1e-05   ----  iteration 3
calc_dirac_mu 99.99920875404146 18728.798714687746 137.035999139
Error 6.638718871125832e-05
Delta E 5.0345952331554145e-06
Energy -50.06634533626493
Converged?  6.638718871125832e-05  >  0.001   ----   5.0345952331554145e-06  >  1e-05   ----  iteration 4
calc_dirac_mu 99.99921160251581 18728.7987132597 137.035999139
Error 3.423953435601197e-05
Delta E 1.4280449249781668e-06
Energy -50.066346764309856
Converged?  3.423953435601197e-05  >  0.001   ----   1.4280449249781668e-06  >  1e-05   ----  iteration 5
calc_dirac_mu 99.99921250995456 18728.798712804768 137.035999139
Error 1.7497178960750033e-05
Delta E 4.549328878056258e-07
Energy -50.06634721924274
Converged?  1.7497178960750033e-05  >  0.001   ----   4.549328878056258e-07  >  1e-05   ----  iteration 6
Classic-like energies: cke = 50.52883221544354, cpe = -100.5255763362495, cke + cpe = -49.99674412080596
Exact Energy = -50.06674201684291
Dirac Energy = -50.06634738468347
Kutze Energy = -50.06347743415579
Error Kutze  = 0.003264582686824724
Error Dirac  = 0.00039463215944124386
Delta Energy = -1.6544072423130274e-07
Dirac - Kutzelnigg = -0.0028699505273834802

PARAMETERS:
molecule    = [['Ne', 10, 0.1, 0.2, 0.3, 54, 54]]
D2          = False
prec        = 4
derivative  = BS
box         = 1

-------------------------------
Ne 0 0 4 BS 1
-------------------------------
Now executing: python test.py Input_Making/input__Ne004PH.txt
Input file: Input_Making/input__Ne004PH.txt
Output file: outputs/output__Ne004PH.txt
light_speed = 137.03599913900001  # default 137.03599913900001
derivative = "PH"         # possible values: PH, ABGV, BS
order = 7
box = 1
prec = 1.0e-4                 # precision threshold for the MRA operations
thr  = 1.0e-3                  # error threshold for SCF convergence

readPotential    = False         # bool
computePotential = True         # bool 
savePotential    = False         # bool
potential = "fermi_dirac"       # possible values: point_charge coulomb_HFYGB homogeneus_charge_sphere gaussian

readOrbitals     = False         # bool
saveOrbitals     = False         # bool
saveGuess        = False

scf              = True
ktrs             = False
D2               = False         # bool
two_electrons    = False         # bool

runGaunt         = False
runGaugeA        = False
runGaugeB        = False
runGaugeC        = False
runGaugeD        = False
runGaugeDelta    = False

molecule = [ ["Ne", 10, 0.1, 0.2, 0.3, 54, 54] ]

# With the paramenters I got from Robert, the error is (1) higher than
#  what he gets and (2) dominated by the width of the Gaussian
# I get a much better agreement with the ideal value IF the Gaussian
#  size is reduced by one order of magnitude 3e4->3e5 for Ar
# It seems the position of the nucleus is also important: I get bad
#  results from D2 if I move the nucleus
# Higher prec with off centered nucleus is too demanding for my laptop

**************************************
10 [0.1, 0.2, 0.3]
Fermi Dirac potential
Using Half Charge Radius for Ne: 5.0449447293e-05
Integral of the Fermi-Dirac distribution via cartesian 3D integration: 0.7422697847904095
The normalization constant is: 13.472190576669698
Integral of the Fermi-Dirac distribution via 3D integration: 9.999999999999993
3D density

*FunctionTree: nn
  genNodes: 0
  square norm: 7.00266e+13
  root scale: 0
  order: 7
  nodes: 400
  endNodes: 351
  nodes per scale: 
    scale=0  nodes=8
    scale=1  nodes=8
    scale=2  nodes=8
    scale=3  nodes=8
    scale=4  nodes=8
    scale=5  nodes=8
    scale=6  nodes=8
    scale=7  nodes=8
    scale=8  nodes=8
    scale=9  nodes=8
    scale=10  nodes=8
    scale=11  nodes=32
    scale=12  nodes=64
    scale=13  nodes=216

3D potential

*FunctionTree: nn
  genNodes: 0
  square norm: 1485.41
  root scale: 0
  order: 7
  nodes: 720
  endNodes: 631
  nodes per scale: 
    scale=0  nodes=8
    scale=1  nodes=56
    scale=2  nodes=48
    scale=3  nodes=56
    scale=4  nodes=48
    scale=5  nodes=56
    scale=6  nodes=48
    scale=7  nodes=56
    scale=8  nodes=48
    scale=9  nodes=56
    scale=10  nodes=48
    scale=11  nodes=56
    scale=12  nodes=48
    scale=13  nodes=56
    scale=14  nodes=32

Potential

*FunctionTree: nn
  genNodes: 0
  square norm: 1485.41
  root scale: 0
  order: 7
  nodes: 720
  endNodes: 631
  nodes per scale: 
    scale=0  nodes=8
    scale=1  nodes=56
    scale=2  nodes=48
    scale=3  nodes=56
    scale=4  nodes=48
    scale=5  nodes=56
    scale=6  nodes=48
    scale=7  nodes=56
    scale=8  nodes=48
    scale=9  nodes=56
    scale=10  nodes=48
    scale=11  nodes=56
    scale=12  nodes=48
    scale=13  nodes=56
    scale=14  nodes=32

Number of Atoms =  1
[['Ne', 10, 0.1, 0.2, 0.3, 54, 54]]
Using derivative  PH
One-electron calculations 0.0001
calc_dirac_mu 99.9982960628896 18728.79917225323 137.035999139
Error 0.0007738054620333586
Delta E 18728.79917225323
Energy -50.06588777077923
Converged?  0.0007738054620333586  >  0.001   ----   18728.79917225323  >  1e-05   ----  iteration 0
calc_dirac_mu 100.00059091047936 18728.798021762104 137.035999139
Error 0.00043775662279845075
Delta E 0.0011504911271913443
Energy -50.06703826190642
Converged?  0.00043775662279845075  >  0.001   ----   0.0011504911271913443  >  1e-05   ----  iteration 1
calc_dirac_mu 100.00076615531695 18728.797933905447 137.035999139
Error 0.00024004449430372338
Delta E 8.785665704635903e-05
Energy -50.067126118563465
Converged?  0.00024004449430372338  >  0.001   ----   8.785665704635903e-05  >  1e-05   ----  iteration 2
calc_dirac_mu 100.00080549012633 18728.797914185467 137.035999139
Error 0.00012798138214626883
Delta E 1.9719980627996847e-05
Energy -50.06714583854409
Converged?  0.00012798138214626883  >  0.001   ----   1.9719980627996847e-05  >  1e-05   ----  iteration 3
calc_dirac_mu 100.00081536270258 18728.797909235982 137.035999139
Error 6.689274988982238e-05
Delta E 4.949484718963504e-06
Energy -50.06715078802881
Converged?  6.689274988982238e-05  >  0.001   ----   4.949484718963504e-06  >  1e-05   ----  iteration 4
calc_dirac_mu 100.00081805104722 18728.797907888216 137.035999139
Error 3.44940176196713e-05
Delta E 1.347765646642074e-06
Energy -50.06715213579446
Converged?  3.44940176196713e-05  >  0.001   ----   1.347765646642074e-06  >  1e-05   ----  iteration 5
calc_dirac_mu 100.00081885370179 18728.797907485816 137.035999139
Error 1.7624906634711895e-05
Delta E 4.0240047383122146e-07
Energy -50.06715253819493
Converged?  1.7624906634711895e-05  >  0.001   ----   4.0240047383122146e-07  >  1e-05   ----  iteration 6
Classic-like energies: cke = 50.533628140896454, cpe = -100.52806419200228, cke + cpe = -49.99443605110582
Exact Energy = -50.06674201684291
Dirac Energy = -50.067152673578676
Kutze Energy = -50.0611631949556
Error Kutze  = 0.005578821888775565
Error Dirac  = -0.00041065673576667905
Delta Energy = -1.35383743327111e-07
Dirac - Kutzelnigg = -0.005989478624542244

PARAMETERS:
molecule    = [['Ne', 10, 0.1, 0.2, 0.3, 54, 54]]
D2          = False
prec        = 4
derivative  = PH
box         = 1

-------------------------------
Ne 0 0 4 PH 1
-------------------------------
Now executing: python test.py Input_Making/input__Ne005ABGV.txt
Input file: Input_Making/input__Ne005ABGV.txt
Output file: outputs/output__Ne005ABGV.txt
light_speed = 137.03599913900001  # default 137.03599913900001
derivative = "ABGV"         # possible values: PH, ABGV, BS
order = 8
box = 1
prec = 1.0e-5                 # precision threshold for the MRA operations
thr  = 1.0e-4                  # error threshold for SCF convergence

readPotential    = False         # bool
computePotential = True         # bool 
savePotential    = False         # bool
potential = "fermi_dirac"       # possible values: point_charge coulomb_HFYGB homogeneus_charge_sphere gaussian

readOrbitals     = False         # bool
saveOrbitals     = False         # bool
saveGuess        = False

scf              = True
ktrs             = False
D2               = False         # bool
two_electrons    = False         # bool

runGaunt         = False
runGaugeA        = False
runGaugeB        = False
runGaugeC        = False
runGaugeD        = False
runGaugeDelta    = False

molecule = [ ["Ne", 10, 0.1, 0.2, 0.3, 54, 54] ]

# With the paramenters I got from Robert, the error is (1) higher than
#  what he gets and (2) dominated by the width of the Gaussian
# I get a much better agreement with the ideal value IF the Gaussian
#  size is reduced by one order of magnitude 3e4->3e5 for Ar
# It seems the position of the nucleus is also important: I get bad
#  results from D2 if I move the nucleus
# Higher prec with off centered nucleus is too demanding for my laptop

**************************************
10 [0.1, 0.2, 0.3]
Fermi Dirac potential
Using Half Charge Radius for Ne: 5.0449447293e-05
Integral of the Fermi-Dirac distribution via cartesian 3D integration: 0.7422693016632677
The normalization constant is: 13.472199345429114
Integral of the Fermi-Dirac distribution via 3D integration: 10.000000000000007
3D density

*FunctionTree: nn
  genNodes: 0
  square norm: 7.00266e+13
  root scale: 0
  order: 8
  nodes: 400
  endNodes: 351
  nodes per scale: 
    scale=0  nodes=8
    scale=1  nodes=8
    scale=2  nodes=8
    scale=3  nodes=8
    scale=4  nodes=8
    scale=5  nodes=8
    scale=6  nodes=8
    scale=7  nodes=8
    scale=8  nodes=8
    scale=9  nodes=8
    scale=10  nodes=8
    scale=11  nodes=32
    scale=12  nodes=64
    scale=13  nodes=216

3D potential

*FunctionTree: nn
  genNodes: 0
  square norm: 1485.41
  root scale: 0
  order: 8
  nodes: 856
  endNodes: 750
  nodes per scale: 
    scale=0  nodes=8
    scale=1  nodes=64
    scale=2  nodes=64
    scale=3  nodes=56
    scale=4  nodes=64
    scale=5  nodes=56
    scale=6  nodes=64
    scale=7  nodes=56
    scale=8  nodes=64
    scale=9  nodes=56
    scale=10  nodes=64
    scale=11  nodes=56
    scale=12  nodes=64
    scale=13  nodes=56
    scale=14  nodes=64

Potential

*FunctionTree: nn
  genNodes: 0
  square norm: 1485.41
  root scale: 0
  order: 8
  nodes: 856
  endNodes: 750
  nodes per scale: 
    scale=0  nodes=8
    scale=1  nodes=64
    scale=2  nodes=64
    scale=3  nodes=56
    scale=4  nodes=64
    scale=5  nodes=56
    scale=6  nodes=64
    scale=7  nodes=56
    scale=8  nodes=64
    scale=9  nodes=56
    scale=10  nodes=64
    scale=11  nodes=56
    scale=12  nodes=64
    scale=13  nodes=56
    scale=14  nodes=64

Number of Atoms =  1
[['Ne', 10, 0.1, 0.2, 0.3, 54, 54]]
Using derivative  ABGV
One-electron calculations 1e-05
calc_dirac_mu 99.9994074029654 18728.798615097767 137.035999139
Error 0.000774367155139763
Delta E 18728.798615097767
Energy -50.066444926244
Converged?  0.000774367155139763  >  0.0001   ----   18728.798615097767  >  1.0000000000000002e-06   ----  iteration 0
calc_dirac_mu 100.00237741273259 18728.79712612306 137.035999139
Error 0.00044490752643899204
Delta E 0.0014889747071720194
Energy -50.067933900951175
Converged?  0.00044490752643899204  >  0.0001   ----   0.0014889747071720194  >  1.0000000000000002e-06   ----  iteration 1
calc_dirac_mu 100.00256249913934 18728.79703333246 137.035999139
Error 0.00024379495050514657
Delta E 9.279060031985864e-05
Energy -50.068026691551495
Converged?  0.00024379495050514657  >  0.0001   ----   9.279060031985864e-05  >  1.0000000000000002e-06   ----  iteration 2
calc_dirac_mu 100.00259906200336 18728.797015002154 137.035999139
Error 0.000129848931846864
Delta E 1.8330305465497077e-05
Energy -50.06804502185696
Converged?  0.000129848931846864  >  0.0001   ----   1.8330305465497077e-05  >  1.0000000000000002e-06   ----  iteration 3
calc_dirac_mu 100.00260788433181 18728.797010579197 137.035999139
Error 6.781221264586245e-05
Delta E 4.422956408234313e-06
Energy -50.06804944481337
Converged?  6.781221264586245e-05  >  0.0001   ----   4.422956408234313e-06  >  1.0000000000000002e-06   ----  iteration 4
calc_dirac_mu 100.00261001411099 18728.79700951146 137.035999139
Error 3.494599900019024e-05
Delta E 1.0677358659449965e-06
Energy -50.068050512549235
Converged?  3.494599900019024e-05  >  0.0001   ----   1.0677358659449965e-06  >  1.0000000000000002e-06   ----  iteration 5
calc_dirac_mu 100.00261052590079 18728.797009254882 137.035999139
Error 1.7847583203632814e-05
Delta E 2.5657936930656433e-07
Energy -50.068050769128604
Converged?  1.7847583203632814e-05  >  0.0001   ----   2.5657936930656433e-07  >  1.0000000000000002e-06   ----  iteration 6
calc_dirac_mu 100.00261064493002 18728.79700919521 137.035999139
Error 9.059844322868022e-06
Delta E 5.967376637272537e-08
Energy -50.06805082880237
Converged?  9.059844322868022e-06  >  0.0001   ----   5.967376637272537e-08  >  1.0000000000000002e-06   ----  iteration 7
Classic-like energies: cke = 50.537749945792655, cpe = -100.53673619243484, cke + cpe = -49.99898624664219
Exact Energy = -50.06674201684291
Dirac Energy = -50.06805084166626
Kutze Energy = -50.06572555349663
Error Kutze  = 0.0010164633458771277
Error Dirac  = -0.001308824823354371
Delta Energy = -1.2863893061876297e-08
Dirac - Kutzelnigg = -0.0023252881692314986

PARAMETERS:
molecule    = [['Ne', 10, 0.1, 0.2, 0.3, 54, 54]]
D2          = False
prec        = 5
derivative  = ABGV
box         = 1

-------------------------------
Ne 0 0 5 ABGV 1
-------------------------------
Now executing: python test.py Input_Making/input__Ne005BS.txt
Input file: Input_Making/input__Ne005BS.txt
Output file: outputs/output__Ne005BS.txt
light_speed = 137.03599913900001  # default 137.03599913900001
derivative = "BS"         # possible values: PH, ABGV, BS
order = 8
box = 1
prec = 1.0e-5                 # precision threshold for the MRA operations
thr  = 1.0e-4                  # error threshold for SCF convergence

readPotential    = False         # bool
computePotential = True         # bool 
savePotential    = False         # bool
potential = "fermi_dirac"       # possible values: point_charge coulomb_HFYGB homogeneus_charge_sphere gaussian

readOrbitals     = False         # bool
saveOrbitals     = False         # bool
saveGuess        = False

scf              = True
ktrs             = False
D2               = False         # bool
two_electrons    = False         # bool

runGaunt         = False
runGaugeA        = False
runGaugeB        = False
runGaugeC        = False
runGaugeD        = False
runGaugeDelta    = False

molecule = [ ["Ne", 10, 0.1, 0.2, 0.3, 54, 54] ]

# With the paramenters I got from Robert, the error is (1) higher than
#  what he gets and (2) dominated by the width of the Gaussian
# I get a much better agreement with the ideal value IF the Gaussian
#  size is reduced by one order of magnitude 3e4->3e5 for Ar
# It seems the position of the nucleus is also important: I get bad
#  results from D2 if I move the nucleus
# Higher prec with off centered nucleus is too demanding for my laptop

**************************************
10 [0.1, 0.2, 0.3]
Fermi Dirac potential
Using Half Charge Radius for Ne: 5.0449447293e-05
Integral of the Fermi-Dirac distribution via cartesian 3D integration: 0.7422693016632677
The normalization constant is: 13.472199345429114
Integral of the Fermi-Dirac distribution via 3D integration: 10.000000000000007
3D density

*FunctionTree: nn
  genNodes: 0
  square norm: 7.00266e+13
  root scale: 0
  order: 8
  nodes: 400
  endNodes: 351
  nodes per scale: 
    scale=0  nodes=8
    scale=1  nodes=8
    scale=2  nodes=8
    scale=3  nodes=8
    scale=4  nodes=8
    scale=5  nodes=8
    scale=6  nodes=8
    scale=7  nodes=8
    scale=8  nodes=8
    scale=9  nodes=8
    scale=10  nodes=8
    scale=11  nodes=32
    scale=12  nodes=64
    scale=13  nodes=216

3D potential

*FunctionTree: nn
  genNodes: 0
  square norm: 1485.41
  root scale: 0
  order: 8
  nodes: 856
  endNodes: 750
  nodes per scale: 
    scale=0  nodes=8
    scale=1  nodes=64
    scale=2  nodes=64
    scale=3  nodes=56
    scale=4  nodes=64
    scale=5  nodes=56
    scale=6  nodes=64
    scale=7  nodes=56
    scale=8  nodes=64
    scale=9  nodes=56
    scale=10  nodes=64
    scale=11  nodes=56
    scale=12  nodes=64
    scale=13  nodes=56
    scale=14  nodes=64

Potential

*FunctionTree: nn
  genNodes: 0
  square norm: 1485.41
  root scale: 0
  order: 8
  nodes: 856
  endNodes: 750
  nodes per scale: 
    scale=0  nodes=8
    scale=1  nodes=64
    scale=2  nodes=64
    scale=3  nodes=56
    scale=4  nodes=64
    scale=5  nodes=56
    scale=6  nodes=64
    scale=7  nodes=56
    scale=8  nodes=64
    scale=9  nodes=56
    scale=10  nodes=64
    scale=11  nodes=56
    scale=12  nodes=64
    scale=13  nodes=56
    scale=14  nodes=64

Number of Atoms =  1
[['Ne', 10, 0.1, 0.2, 0.3, 54, 54]]
Using derivative  BS
One-electron calculations 1e-05
calc_dirac_mu 99.99932972072966 18728.798654042715 137.035999139
Error 0.0007811807090240864
Delta E 18728.798654042715
Energy -50.06640598129525
Converged?  0.0007811807090240864  >  0.0001   ----   18728.798654042715  >  1.0000000000000002e-06   ----  iteration 0
calc_dirac_mu 99.9984221826949 18728.799109024756 137.035999139
Error 0.00043698016092219886
Delta E 0.0004549820405372884
Energy -50.06595099925471
Converged?  0.00043698016092219886  >  0.0001   ----   0.0004549820405372884  >  1.0000000000000002e-06   ----  iteration 1
calc_dirac_mu 99.99859012167529 18728.799024830798 137.035999139
Error 0.00023962977347307402
Delta E 8.419395817327313e-05
Energy -50.06603519321288
Converged?  0.00023962977347307402  >  0.0001   ----   8.419395817327313e-05  >  1.0000000000000002e-06   ----  iteration 2
calc_dirac_mu 99.99863068579842 18728.799004494518 137.035999139
Error 0.000127736138593392
Delta E 2.0336279703769833e-05
Energy -50.06605552949259
Converged?  0.000127736138593392  >  0.0001   ----   2.0336279703769833e-05  >  1.0000000000000002e-06   ----  iteration 3
calc_dirac_mu 99.99864126191386 18728.798999192324 137.035999139
Error 6.67495113868074e-05
Delta E 5.30219404026866e-06
Energy -50.06606083168663
Converged?  6.67495113868074e-05  >  0.0001   ----   5.30219404026866e-06  >  1.0000000000000002e-06   ----  iteration 4
calc_dirac_mu 99.99864437916492 18728.798997629532 137.035999139
Error 3.441378809241518e-05
Delta E 1.5627920220140368e-06
Energy -50.06606239447865
Converged?  3.441378809241518e-05  >  0.0001   ----   1.5627920220140368e-06  >  1.0000000000000002e-06   ----  iteration 5
calc_dirac_mu 99.99864543231696 18728.79899710155 137.035999139
Error 1.7581607870999802e-05
Delta E 5.279835022520274e-07
Energy -50.06606292246215
Converged?  1.7581607870999802e-05  >  0.0001   ----   5.279835022520274e-07  >  1.0000000000000002e-06   ----  iteration 6
calc_dirac_mu 99.9986458408112 18728.798996896756 137.035999139
Error 8.927063282035805e-06
Delta E 2.047927409876138e-07
Energy -50.06606312725489
Converged?  8.927063282035805e-06  >  0.0001   ----   2.047927409876138e-07  >  1.0000000000000002e-06   ----  iteration 7
calc_dirac_mu 99.99864601817588 18728.798996807836 137.035999139
Error 4.513902963719088e-06
Delta E 8.891947800293565e-08
Energy -50.06606321617437
Converged?  4.513902963719088e-06  >  0.0001   ----   8.891947800293565e-08  >  1.0000000000000002e-06   ----  iteration 8
Classic-like energies: cke = 50.53529454742085, cpe = -100.53486560435077, cke + cpe = -49.99957105692992
Exact Energy = -50.06674201684291
Dirac Energy = -50.06606325766188
Kutze Energy = -50.066311927105055
Error Kutze  = 0.00043008973807445727
Error Dirac  = 0.0006787591810279991
Delta Energy = -4.1487510316073895e-08
Dirac - Kutzelnigg = 0.0002486694429535419

PARAMETERS:
molecule    = [['Ne', 10, 0.1, 0.2, 0.3, 54, 54]]
D2          = False
prec        = 5
derivative  = BS
box         = 1

-------------------------------
Ne 0 0 5 BS 1
-------------------------------
Now executing: python test.py Input_Making/input__Ne005PH.txt
Input file: Input_Making/input__Ne005PH.txt
Output file: outputs/output__Ne005PH.txt
light_speed = 137.03599913900001  # default 137.03599913900001
derivative = "PH"         # possible values: PH, ABGV, BS
order = 8
box = 1
prec = 1.0e-5                 # precision threshold for the MRA operations
thr  = 1.0e-4                  # error threshold for SCF convergence

readPotential    = False         # bool
computePotential = True         # bool 
savePotential    = False         # bool
potential = "fermi_dirac"       # possible values: point_charge coulomb_HFYGB homogeneus_charge_sphere gaussian

readOrbitals     = False         # bool
saveOrbitals     = False         # bool
saveGuess        = False

scf              = True
ktrs             = False
D2               = False         # bool
two_electrons    = False         # bool

runGaunt         = False
runGaugeA        = False
runGaugeB        = False
runGaugeC        = False
runGaugeD        = False
runGaugeDelta    = False

molecule = [ ["Ne", 10, 0.1, 0.2, 0.3, 54, 54] ]

# With the paramenters I got from Robert, the error is (1) higher than
#  what he gets and (2) dominated by the width of the Gaussian
# I get a much better agreement with the ideal value IF the Gaussian
#  size is reduced by one order of magnitude 3e4->3e5 for Ar
# It seems the position of the nucleus is also important: I get bad
#  results from D2 if I move the nucleus
# Higher prec with off centered nucleus is too demanding for my laptop

**************************************
10 [0.1, 0.2, 0.3]
Fermi Dirac potential
Using Half Charge Radius for Ne: 5.0449447293e-05
Integral of the Fermi-Dirac distribution via cartesian 3D integration: 0.7422693016632677
The normalization constant is: 13.472199345429114
Integral of the Fermi-Dirac distribution via 3D integration: 10.000000000000007
3D density

*FunctionTree: nn
  genNodes: 0
  square norm: 7.00266e+13
  root scale: 0
  order: 8
  nodes: 400
  endNodes: 351
  nodes per scale: 
    scale=0  nodes=8
    scale=1  nodes=8
    scale=2  nodes=8
    scale=3  nodes=8
    scale=4  nodes=8
    scale=5  nodes=8
    scale=6  nodes=8
    scale=7  nodes=8
    scale=8  nodes=8
    scale=9  nodes=8
    scale=10  nodes=8
    scale=11  nodes=32
    scale=12  nodes=64
    scale=13  nodes=216

3D potential

*FunctionTree: nn
  genNodes: 0
  square norm: 1485.41
  root scale: 0
  order: 8
  nodes: 856
  endNodes: 750
  nodes per scale: 
    scale=0  nodes=8
    scale=1  nodes=64
    scale=2  nodes=64
    scale=3  nodes=56
    scale=4  nodes=64
    scale=5  nodes=56
    scale=6  nodes=64
    scale=7  nodes=56
    scale=8  nodes=64
    scale=9  nodes=56
    scale=10  nodes=64
    scale=11  nodes=56
    scale=12  nodes=64
    scale=13  nodes=56
    scale=14  nodes=64

Potential

*FunctionTree: nn
  genNodes: 0
  square norm: 1485.41
  root scale: 0
  order: 8
  nodes: 856
  endNodes: 750
  nodes per scale: 
    scale=0  nodes=8
    scale=1  nodes=64
    scale=2  nodes=64
    scale=3  nodes=56
    scale=4  nodes=64
    scale=5  nodes=56
    scale=6  nodes=64
    scale=7  nodes=56
    scale=8  nodes=64
    scale=9  nodes=56
    scale=10  nodes=64
    scale=11  nodes=56
    scale=12  nodes=64
    scale=13  nodes=56
    scale=14  nodes=64

Number of Atoms =  1
[['Ne', 10, 0.1, 0.2, 0.3, 54, 54]]
Using derivative  PH
One-electron calculations 1e-05
calc_dirac_mu 99.99950751839359 18728.798564906236 137.035999139
Error 0.0007825539593087704
Delta E 18728.798564906236
Energy -50.06649511777505
Converged?  0.0007825539593087704  >  0.0001   ----   18728.798564906236  >  1.0000000000000002e-06   ----  iteration 0
calc_dirac_mu 99.99786365360677 18728.79938903583 137.035999139
Error 0.00043567437855090367
Delta E 0.0008241295945481397
Energy -50.0656709881805
Converged?  0.00043567437855090367  >  0.0001   ----   0.0008241295945481397  >  1.0000000000000002e-06   ----  iteration 1
calc_dirac_mu 99.998047743994 18728.799296744583 137.035999139
Error 0.00023898336944086165
Delta E 9.229124771081842e-05
Energy -50.06576327942821
Converged?  0.00023898336944086165  >  0.0001   ----   9.229124771081842e-05  >  1.0000000000000002e-06   ----  iteration 2
calc_dirac_mu 99.99808957776645 18728.79927577178 137.035999139
Error 0.00012740971393710528
Delta E 2.097280230373144e-05
Energy -50.065784252230515
Converged?  0.00012740971393710528  >  0.0001   ----   2.097280230373144e-05  >  1.0000000000000002e-06   ----  iteration 3
calc_dirac_mu 99.99810075502377 18728.799270168212 137.035999139
Error 6.658608722554405e-05
Delta E 5.603567842626944e-06
Energy -50.06578985579836
Converged?  6.658608722554405e-05  >  0.0001   ----   5.603567842626944e-06  >  1.0000000000000002e-06   ----  iteration 4
calc_dirac_mu 99.99810420513515 18728.799268438546 137.035999139
Error 3.433235569422115e-05
Delta E 1.7296661098953336e-06
Energy -50.06579158546447
Converged?  3.433235569422115e-05  >  0.0001   ----   1.7296661098953336e-06  >  1.0000000000000002e-06   ----  iteration 5
calc_dirac_mu 99.99810544187613 18728.799267818522 137.035999139
Error 1.754113748011816e-05
Delta E 6.200243660714477e-07
Energy -50.06579220548883
Converged?  1.754113748011816e-05  >  0.0001   ----   6.200243660714477e-07  >  1.0000000000000002e-06   ----  iteration 6
calc_dirac_mu 99.99810594945718 18728.799267564053 137.035999139
Error 8.906981560936493e-06
Delta E 2.5446934159845114e-07
Energy -50.065792459958175
Converged?  8.906981560936493e-06  >  0.0001   ----   2.5446934159845114e-07  >  1.0000000000000002e-06   ----  iteration 7
calc_dirac_mu 99.99810617903464 18728.799267448958 137.035999139
Error 4.503947697598479e-06
Delta E 1.1509473551996052e-07
Energy -50.06579257505291
Converged?  4.503947697598479e-06  >  0.0001   ----   1.1509473551996052e-07  >  1.0000000000000002e-06   ----  iteration 8
calc_dirac_mu 99.99810628884649 18728.799267393904 137.035999139
Error 2.271101937663806e-06
Delta E 5.505353328771889e-08
Energy -50.06579263010644
Converged?  2.271101937663806e-06  >  0.0001   ----   5.505353328771889e-08  >  1.0000000000000002e-06   ----  iteration 9
Classic-like energies: cke = 50.53614905026315, cpe = -100.5351174676629, cke + cpe = -49.99896841739975
Exact Energy = -50.06674201684291
Dirac Energy = -50.0657926572494
Kutze Energy = -50.06570767659187
Error Kutze  = 0.001034340250043897
Error Dirac  = 0.0009493595935055055
Delta Energy = -2.714295987971127e-08
Dirac - Kutzelnigg = -8.498065653839149e-05

PARAMETERS:
molecule    = [['Ne', 10, 0.1, 0.2, 0.3, 54, 54]]
D2          = False
prec        = 5
derivative  = PH
box         = 1

-------------------------------
Ne 0 0 5 PH 1
-------------------------------
Now executing: python test.py Input_Making/input__Ne006ABGV.txt
Input file: Input_Making/input__Ne006ABGV.txt
Output file: outputs/output__Ne006ABGV.txt
light_speed = 137.03599913900001  # default 137.03599913900001
derivative = "ABGV"         # possible values: PH, ABGV, BS
order = 9
box = 1
prec = 1.0e-6                 # precision threshold for the MRA operations
thr  = 1.0e-5                  # error threshold for SCF convergence

readPotential    = False         # bool
computePotential = True         # bool 
savePotential    = False         # bool
potential = "fermi_dirac"       # possible values: point_charge coulomb_HFYGB homogeneus_charge_sphere gaussian

readOrbitals     = False         # bool
saveOrbitals     = False         # bool
saveGuess        = False

scf              = True
ktrs             = False
D2               = False         # bool
two_electrons    = False         # bool

runGaunt         = False
runGaugeA        = False
runGaugeB        = False
runGaugeC        = False
runGaugeD        = False
runGaugeDelta    = False

molecule = [ ["Ne", 10, 0.1, 0.2, 0.3, 54, 54] ]

# With the paramenters I got from Robert, the error is (1) higher than
#  what he gets and (2) dominated by the width of the Gaussian
# I get a much better agreement with the ideal value IF the Gaussian
#  size is reduced by one order of magnitude 3e4->3e5 for Ar
# It seems the position of the nucleus is also important: I get bad
#  results from D2 if I move the nucleus
# Higher prec with off centered nucleus is too demanding for my laptop

**************************************
10 [0.1, 0.2, 0.3]
Fermi Dirac potential
Using Half Charge Radius for Ne: 5.0449447293e-05
Integral of the Fermi-Dirac distribution via cartesian 3D integration: 0.7422693793598821
The normalization constant is: 13.472197935234503
Integral of the Fermi-Dirac distribution via 3D integration: 10.00000000000001
3D density

*FunctionTree: nn
  genNodes: 0
  square norm: 7.00266e+13
  root scale: 0
  order: 9
  nodes: 192
  endNodes: 169
  nodes per scale: 
    scale=0  nodes=8
    scale=1  nodes=8
    scale=2  nodes=8
    scale=3  nodes=8
    scale=4  nodes=8
    scale=5  nodes=8
    scale=6  nodes=8
    scale=7  nodes=8
    scale=8  nodes=8
    scale=9  nodes=8
    scale=10  nodes=8
    scale=11  nodes=32
    scale=12  nodes=64
    scale=13  nodes=8

3D potential

*FunctionTree: nn
  genNodes: 0
  square norm: 1485.41
  root scale: 0
  order: 9
  nodes: 1248
  endNodes: 1093
  nodes per scale: 
    scale=0  nodes=8
    scale=1  nodes=64
    scale=2  nodes=88
    scale=3  nodes=88
    scale=4  nodes=88
    scale=5  nodes=88
    scale=6  nodes=88
    scale=7  nodes=88
    scale=8  nodes=88
    scale=9  nodes=88
    scale=10  nodes=88
    scale=11  nodes=88
    scale=12  nodes=88
    scale=13  nodes=88
    scale=14  nodes=88
    scale=15  nodes=32

Potential

*FunctionTree: nn
  genNodes: 0
  square norm: 1485.41
  root scale: 0
  order: 9
  nodes: 1248
  endNodes: 1093
  nodes per scale: 
    scale=0  nodes=8
    scale=1  nodes=64
    scale=2  nodes=88
    scale=3  nodes=88
    scale=4  nodes=88
    scale=5  nodes=88
    scale=6  nodes=88
    scale=7  nodes=88
    scale=8  nodes=88
    scale=9  nodes=88
    scale=10  nodes=88
    scale=11  nodes=88
    scale=12  nodes=88
    scale=13  nodes=88
    scale=14  nodes=88
    scale=15  nodes=32

Number of Atoms =  1
[['Ne', 10, 0.1, 0.2, 0.3, 54, 54]]
Using derivative  ABGV
One-electron calculations 1e-06
calc_dirac_mu 99.99967148045012 18728.798482706054 137.035999139
Error 0.0007742068823947871
Delta E 18728.798482706054
Energy -50.066577317957126
Converged?  0.0007742068823947871  >  9.999999999999999e-06   ----   18728.798482706054  >  1e-07   ----  iteration 0
calc_dirac_mu 99.99988836068975 18728.798373976046 137.035999139
Error 0.00043928907751810314
Delta E 0.00010873000792344101
Energy -50.06668604796505
Converged?  0.00043928907751810314  >  9.999999999999999e-06   ----   0.00010873000792344101  >  1e-07   ----  iteration 1
calc_dirac_mu 100.0000634388623 18728.798286202946 137.035999139
Error 0.00024085651503177795
Delta E 8.777309994911775e-05
Energy -50.066773821065
Converged?  0.00024085651503177795  >  9.999999999999999e-06   ----   8.777309994911775e-05  >  1e-07   ----  iteration 2
calc_dirac_mu 100.0001005061492 18728.798267619757 137.035999139
Error 0.0001283583485036941
Delta E 1.8583188648335636e-05
Energy -50.06679240425365
Converged?  0.0001283583485036941  >  9.999999999999999e-06   ----   1.8583188648335636e-05  >  1e-07   ----  iteration 3
calc_dirac_mu 100.00010951494228 18728.79826310332 137.035999139
Error 6.706258264026308e-05
Delta E 4.516437911661342e-06
Energy -50.06679692069156
Converged?  6.706258264026308e-05  >  9.999999999999999e-06   ----   4.516437911661342e-06  >  1e-07   ----  iteration 4
calc_dirac_mu 100.00011182017221 18728.798261947624 137.035999139
Error 3.457044535205023e-05
Delta E 1.15569491754286e-06
Energy -50.066798076386476
Converged?  3.457044535205023e-05  >  9.999999999999999e-06   ----   1.15569491754286e-06  >  1e-07   ----  iteration 5
calc_dirac_mu 100.0001123894278 18728.798261662236 137.035999139
Error 1.7659579902343184e-05
Delta E 2.853885234799236e-07
Energy -50.066798361775
Converged?  1.7659579902343184e-05  >  9.999999999999999e-06   ----   2.853885234799236e-07  >  1e-07   ----  iteration 6
calc_dirac_mu 100.00011252798998 18728.79826159277 137.035999139
Error 8.965730318765486e-06
Delta E 6.946720532141626e-08
Energy -50.066798431242205
Converged?  8.965730318765486e-06  >  9.999999999999999e-06   ----   6.946720532141626e-08  >  1e-07   ----  iteration 7
calc_dirac_mu 100.00011256783674 18728.798261572792 137.035999139
Error 4.533045345798802e-06
Delta E 1.9976141629740596e-08
Energy -50.06679845121835
Converged?  4.533045345798802e-06  >  9.999999999999999e-06   ----   1.9976141629740596e-08  >  1e-07   ----  iteration 8
calc_dirac_mu 100.00011257919341 18728.7982615671 137.035999139
Error 2.2854953908476953e-06
Delta E 5.693436833098531e-09
Energy -50.06679845691178
Converged?  2.2854953908476953e-06  >  9.999999999999999e-06   ----   5.693436833098531e-09  >  1e-07   ----  iteration 9
Classic-like energies: cke = 50.536802632506195, cpe = -100.53682744426213, cke + cpe = -50.000024811755935
Exact Energy = -50.06674201684291
Dirac Energy = -50.06679845867984
Kutze Energy = -50.06676689492512
Error Kutze  = -2.4878081603674218e-05
Error Dirac  = -5.644183693220839e-05
Delta Energy = -1.7680577002465725e-09
Dirac - Kutzelnigg = -3.156375532853417e-05

PARAMETERS:
molecule    = [['Ne', 10, 0.1, 0.2, 0.3, 54, 54]]
D2          = False
prec        = 6
derivative  = ABGV
box         = 1

-------------------------------
Ne 0 0 6 ABGV 1
-------------------------------
Now executing: python test.py Input_Making/input__Ne006BS.txt
Input file: Input_Making/input__Ne006BS.txt
Output file: outputs/output__Ne006BS.txt
light_speed = 137.03599913900001  # default 137.03599913900001
derivative = "BS"         # possible values: PH, ABGV, BS
order = 9
box = 1
prec = 1.0e-6                 # precision threshold for the MRA operations
thr  = 1.0e-5                  # error threshold for SCF convergence

readPotential    = False         # bool
computePotential = True         # bool 
savePotential    = False         # bool
potential = "fermi_dirac"       # possible values: point_charge coulomb_HFYGB homogeneus_charge_sphere gaussian

readOrbitals     = False         # bool
saveOrbitals     = False         # bool
saveGuess        = False

scf              = True
ktrs             = False
D2               = False         # bool
two_electrons    = False         # bool

runGaunt         = False
runGaugeA        = False
runGaugeB        = False
runGaugeC        = False
runGaugeD        = False
runGaugeDelta    = False

molecule = [ ["Ne", 10, 0.1, 0.2, 0.3, 54, 54] ]

# With the paramenters I got from Robert, the error is (1) higher than
#  what he gets and (2) dominated by the width of the Gaussian
# I get a much better agreement with the ideal value IF the Gaussian
#  size is reduced by one order of magnitude 3e4->3e5 for Ar
# It seems the position of the nucleus is also important: I get bad
#  results from D2 if I move the nucleus
# Higher prec with off centered nucleus is too demanding for my laptop

**************************************
10 [0.1, 0.2, 0.3]
Fermi Dirac potential
Using Half Charge Radius for Ne: 5.0449447293e-05
Integral of the Fermi-Dirac distribution via cartesian 3D integration: 0.7422693793598821
The normalization constant is: 13.472197935234503
Integral of the Fermi-Dirac distribution via 3D integration: 10.00000000000001
3D density

*FunctionTree: nn
  genNodes: 0
  square norm: 7.00266e+13
  root scale: 0
  order: 9
  nodes: 192
  endNodes: 169
  nodes per scale: 
    scale=0  nodes=8
    scale=1  nodes=8
    scale=2  nodes=8
    scale=3  nodes=8
    scale=4  nodes=8
    scale=5  nodes=8
    scale=6  nodes=8
    scale=7  nodes=8
    scale=8  nodes=8
    scale=9  nodes=8
    scale=10  nodes=8
    scale=11  nodes=32
    scale=12  nodes=64
    scale=13  nodes=8

3D potential

*FunctionTree: nn
  genNodes: 0
  square norm: 1485.41
  root scale: 0
  order: 9
  nodes: 1248
  endNodes: 1093
  nodes per scale: 
    scale=0  nodes=8
    scale=1  nodes=64
    scale=2  nodes=88
    scale=3  nodes=88
    scale=4  nodes=88
    scale=5  nodes=88
    scale=6  nodes=88
    scale=7  nodes=88
    scale=8  nodes=88
    scale=9  nodes=88
    scale=10  nodes=88
    scale=11  nodes=88
    scale=12  nodes=88
    scale=13  nodes=88
    scale=14  nodes=88
    scale=15  nodes=32

Potential

*FunctionTree: nn
  genNodes: 0
  square norm: 1485.41
  root scale: 0
  order: 9
  nodes: 1248
  endNodes: 1093
  nodes per scale: 
    scale=0  nodes=8
    scale=1  nodes=64
    scale=2  nodes=88
    scale=3  nodes=88
    scale=4  nodes=88
    scale=5  nodes=88
    scale=6  nodes=88
    scale=7  nodes=88
    scale=8  nodes=88
    scale=9  nodes=88
    scale=10  nodes=88
    scale=11  nodes=88
    scale=12  nodes=88
    scale=13  nodes=88
    scale=14  nodes=88
    scale=15  nodes=32

Number of Atoms =  1
[['Ne', 10, 0.1, 0.2, 0.3, 54, 54]]
Using derivative  BS
One-electron calculations 1e-06
calc_dirac_mu 99.99940759730163 18728.798615000338 137.035999139
Error 0.0007834887988796337
Delta E 18728.798615000338
Energy -50.06644502367271
Converged?  0.0007834887988796337  >  9.999999999999999e-06   ----   18728.798615000338  >  1e-07   ----  iteration 0
calc_dirac_mu 99.99850723061509 18728.79906638712 137.035999139
Error 0.0004367787410875517
Delta E 0.0004513867825153284
Energy -50.0659936368902
Converged?  0.0004367787410875517  >  9.999999999999999e-06   ----   0.0004513867825153284  >  1e-07   ----  iteration 1
calc_dirac_mu 99.99877236398785 18728.798933466056 137.035999139
Error 0.00023972946357188026
Delta E 0.00013292106450535357
Energy -50.0661265579547
Converged?  0.00023972946357188026  >  9.999999999999999e-06   ----   0.00013292106450535357  >  1e-07   ----  iteration 2
calc_dirac_mu 99.99881242816983 18728.798913380415 137.035999139
Error 0.00012779056269602969
Delta E 2.008564115385525e-05
Energy -50.06614664359586
Converged?  0.00012779056269602969  >  9.999999999999999e-06   ----   2.008564115385525e-05  >  1e-07   ----  iteration 3
calc_dirac_mu 99.99882273154104 18728.798908214958 137.035999139
Error 6.677873334985113e-05
Delta E 5.1654569688253105e-06
Energy -50.066151809052826
Converged?  6.677873334985113e-05  >  9.999999999999999e-06   ----   5.1654569688253105e-06  >  1e-07   ----  iteration 4
calc_dirac_mu 99.9988256970926 18728.798906728218 137.035999139
Error 3.442914003502798e-05
Delta E 1.4867400750517845e-06
Energy -50.0661532957929
Converged?  3.442914003502798e-05  >  9.999999999999999e-06   ----   1.4867400750517845e-06  >  1e-07   ----  iteration 5
calc_dirac_mu 99.99882666768498 18728.798906241624 137.035999139
Error 1.7589517370468167e-05
Delta E 4.86594217363745e-07
Energy -50.06615378238712
Converged?  1.7589517370468167e-05  >  9.999999999999999e-06   ----   4.86594217363745e-07  >  1e-07   ----  iteration 6
calc_dirac_mu 99.99882703123181 18728.798906059365 137.035999139
Error 8.931074926463694e-06
Delta E 1.8225910025648773e-07
Energy -50.06615396464622
Converged?  8.931074926463694e-06  >  9.999999999999999e-06   ----   1.8225910025648773e-07  >  1e-07   ----  iteration 7
calc_dirac_mu 99.99882718565145 18728.79890598195 137.035999139
Error 4.5159163298871794e-06
Delta E 7.741618901491165e-08
Energy -50.06615404206241
Converged?  4.5159163298871794e-06  >  9.999999999999999e-06   ----   7.741618901491165e-08  >  1e-07   ----  iteration 8
calc_dirac_mu 99.99882725653384 18728.798905946413 137.035999139
Error 2.2770364669406385e-06
Delta E 3.553577698767185e-08
Energy -50.066154077598185
Converged?  2.2770364669406385e-06  >  9.999999999999999e-06   ----   3.553577698767185e-08  >  1e-07   ----  iteration 9
calc_dirac_mu 99.99882729075621 18728.798905929256 137.035999139
Error 1.1459748359495724e-06
Delta E 1.7156708054244518e-08
Energy -50.06615409475489
Converged?  1.1459748359495724e-06  >  9.999999999999999e-06   ----   1.7156708054244518e-08  >  1e-07   ----  iteration 10
calc_dirac_mu 99.99882730755634 18728.798905920834 137.035999139
Error 5.759948714328374e-07
Delta E 8.421920938417315e-09
Energy -50.066154103176814
Converged?  5.759948714328374e-07  >  9.999999999999999e-06   ----   8.421920938417315e-09  >  1e-07   ----  iteration 11
Classic-like energies: cke = 50.53615722593784, cpe = -100.5362812525998, cke + cpe = -50.000124026661965
Exact Energy = -50.06674201684291
Dirac Energy = -50.06615410739687
Kutze Energy = -50.06686637505783
Error Kutze  = -0.00012435821554390714
Error Dirac  = 0.0005879094460397027
Delta Energy = -4.220055416226387e-09
Dirac - Kutzelnigg = 0.0007122676615836099

PARAMETERS:
molecule    = [['Ne', 10, 0.1, 0.2, 0.3, 54, 54]]
D2          = False
prec        = 6
derivative  = BS
box         = 1

-------------------------------
Ne 0 0 6 BS 1
-------------------------------
Now executing: python test.py Input_Making/input__Ne006PH.txt
Input file: Input_Making/input__Ne006PH.txt
Output file: outputs/output__Ne006PH.txt
light_speed = 137.03599913900001  # default 137.03599913900001
derivative = "PH"         # possible values: PH, ABGV, BS
order = 9
box = 1
prec = 1.0e-6                 # precision threshold for the MRA operations
thr  = 1.0e-5                  # error threshold for SCF convergence

readPotential    = False         # bool
computePotential = True         # bool 
savePotential    = False         # bool
potential = "fermi_dirac"       # possible values: point_charge coulomb_HFYGB homogeneus_charge_sphere gaussian

readOrbitals     = False         # bool
saveOrbitals     = False         # bool
saveGuess        = False

scf              = True
ktrs             = False
D2               = False         # bool
two_electrons    = False         # bool

runGaunt         = False
runGaugeA        = False
runGaugeB        = False
runGaugeC        = False
runGaugeD        = False
runGaugeDelta    = False

molecule = [ ["Ne", 10, 0.1, 0.2, 0.3, 54, 54] ]

# With the paramenters I got from Robert, the error is (1) higher than
#  what he gets and (2) dominated by the width of the Gaussian
# I get a much better agreement with the ideal value IF the Gaussian
#  size is reduced by one order of magnitude 3e4->3e5 for Ar
# It seems the position of the nucleus is also important: I get bad
#  results from D2 if I move the nucleus
# Higher prec with off centered nucleus is too demanding for my laptop

**************************************
10 [0.1, 0.2, 0.3]
Fermi Dirac potential
Using Half Charge Radius for Ne: 5.0449447293e-05
Integral of the Fermi-Dirac distribution via cartesian 3D integration: 0.7422693793598821
The normalization constant is: 13.472197935234503
Integral of the Fermi-Dirac distribution via 3D integration: 10.00000000000001
3D density

*FunctionTree: nn
  genNodes: 0
  square norm: 7.00266e+13
  root scale: 0
  order: 9
  nodes: 192
  endNodes: 169
  nodes per scale: 
    scale=0  nodes=8
    scale=1  nodes=8
    scale=2  nodes=8
    scale=3  nodes=8
    scale=4  nodes=8
    scale=5  nodes=8
    scale=6  nodes=8
    scale=7  nodes=8
    scale=8  nodes=8
    scale=9  nodes=8
    scale=10  nodes=8
    scale=11  nodes=32
    scale=12  nodes=64
    scale=13  nodes=8

3D potential

*FunctionTree: nn
  genNodes: 0
  square norm: 1485.41
  root scale: 0
  order: 9
  nodes: 1248
  endNodes: 1093
  nodes per scale: 
    scale=0  nodes=8
    scale=1  nodes=64
    scale=2  nodes=88
    scale=3  nodes=88
    scale=4  nodes=88
    scale=5  nodes=88
    scale=6  nodes=88
    scale=7  nodes=88
    scale=8  nodes=88
    scale=9  nodes=88
    scale=10  nodes=88
    scale=11  nodes=88
    scale=12  nodes=88
    scale=13  nodes=88
    scale=14  nodes=88
    scale=15  nodes=32

Potential

*FunctionTree: nn
  genNodes: 0
  square norm: 1485.41
  root scale: 0
  order: 9
  nodes: 1248
  endNodes: 1093
  nodes per scale: 
    scale=0  nodes=8
    scale=1  nodes=64
    scale=2  nodes=88
    scale=3  nodes=88
    scale=4  nodes=88
    scale=5  nodes=88
    scale=6  nodes=88
    scale=7  nodes=88
    scale=8  nodes=88
    scale=9  nodes=88
    scale=10  nodes=88
    scale=11  nodes=88
    scale=12  nodes=88
    scale=13  nodes=88
    scale=14  nodes=88
    scale=15  nodes=32

Number of Atoms =  1
[['Ne', 10, 0.1, 0.2, 0.3, 54, 54]]
Using derivative  PH
One-electron calculations 1e-06
calc_dirac_mu 99.99929617489042 18728.798670860473 137.035999139
Error 0.0007851533256259862
Delta E 18728.798670860473
Energy -50.06638916353768
Converged?  0.0007851533256259862  >  9.999999999999999e-06   ----   18728.798670860473  >  1e-07   ----  iteration 0
calc_dirac_mu 99.99408939684173 18728.801281208773 137.035999139
Error 0.0004279872937475218
Delta E 0.0026103482996404637
Energy -50.06377881523804
Converged?  0.0004279872937475218  >  9.999999999999999e-06   ----   0.0026103482996404637  >  1e-07   ----  iteration 1
calc_dirac_mu 99.99588088115732 18728.800383072194 137.035999139
Error 0.00023834655490937622
Delta E 0.0008981365790532436
Energy -50.06467695181709
Converged?  0.00023834655490937622  >  9.999999999999999e-06   ----   0.0008981365790532436  >  1e-07   ----  iteration 2
calc_dirac_mu 99.99592770512719 18728.800359597626 137.035999139
Error 0.0001270999053394504
Delta E 2.347456756979227e-05
Energy -50.06470042638466
Converged?  0.0001270999053394504  >  9.999999999999999e-06   ----   2.347456756979227e-05  >  1e-07   ----  iteration 3
calc_dirac_mu 99.99594159078582 18728.800352636237 137.035999139
Error 6.643758121210587e-05
Delta E 6.96138886269182e-06
Energy -50.064707387773524
Converged?  6.643758121210587e-05  >  9.999999999999999e-06   ----   6.96138886269182e-06  >  1e-07   ----  iteration 4
calc_dirac_mu 99.99594652330161 18728.800350163387 137.035999139
Error 3.426177003449478e-05
Delta E 2.4728506105020642e-06
Energy -50.064709860624134
Converged?  3.426177003449478e-05  >  9.999999999999999e-06   ----   2.4728506105020642e-06  >  1e-07   ----  iteration 5
calc_dirac_mu 99.99594856343354 18728.800349140594 137.035999139
Error 1.750778982388118e-05
Delta E 1.0227922757621855e-06
Energy -50.06471088341641
Converged?  1.750778982388118e-05  >  9.999999999999999e-06   ----   1.0227922757621855e-06  >  1e-07   ----  iteration 6
calc_dirac_mu 99.9959494844127 18728.800348678873 137.035999139
Error 8.89127810841023e-06
Delta E 4.6172135625965893e-07
Energy -50.064711345137766
Converged?  8.89127810841023e-06  >  9.999999999999999e-06   ----   4.6172135625965893e-07  >  1e-07   ----  iteration 7
calc_dirac_mu 99.99594993857168 18728.800348451186 137.035999139
Error 4.496606423698038e-06
Delta E 2.2768654162064195e-07
Energy -50.06471157282431
Converged?  4.496606423698038e-06  >  9.999999999999999e-06   ----   2.2768654162064195e-07  >  1e-07   ----  iteration 8
calc_dirac_mu 99.99595016470214 18728.80034833782 137.035999139
Error 2.267689913588685e-06
Delta E 1.1336669558659196e-07
Energy -50.064711686191
Converged?  2.267689913588685e-06  >  9.999999999999999e-06   ----   1.1336669558659196e-07  >  1e-07   ----  iteration 9
calc_dirac_mu 99.99595027853549 18728.80034828075 137.035999139
Error 1.1414608222795727e-06
Delta E 5.70689735468477e-08
Energy -50.06471174325998
Converged?  1.1414608222795727e-06  >  9.999999999999999e-06   ----   5.70689735468477e-08  >  1e-07   ----  iteration 10
calc_dirac_mu 99.99595033582669 18728.80034825203 137.035999139
Error 5.738193138899852e-07
Delta E 2.8721842681989074e-08
Energy -50.06471177198182
Converged?  5.738193138899852e-07  >  9.999999999999999e-06   ----   2.8721842681989074e-08  >  1e-07   ----  iteration 11
calc_dirac_mu 99.99595036466908 18728.800348237568 137.035999139
Error 2.8823223431699365e-07
Delta E 1.4460965758189559e-08
Energy -50.064711786442786
Converged?  2.8823223431699365e-07  >  9.999999999999999e-06   ----   1.4460965758189559e-08  >  1e-07   ----  iteration 12
calc_dirac_mu 99.99595037927914 18728.800348230245 137.035999139
Error 1.446981485481752e-07
Delta E 7.323251338675618e-09
Energy -50.06471179376604
Converged?  1.446981485481752e-07  >  9.999999999999999e-06   ----   7.323251338675618e-09  >  1e-07   ----  iteration 13
Classic-like energies: cke = 50.53597748231034, cpe = -100.5350053002706, cke + cpe = -49.99902781796026
Exact Energy = -50.06674201684291
Dirac Energy = -50.06471179743676
Kutze Energy = -50.065767235942275
Error Kutze  = 0.0009747809017426334
Error Dirac  = 0.0020302194061514456
Delta Energy = -3.6707206163555384e-09
Dirac - Kutzelnigg = 0.0010554385044088122

PARAMETERS:
molecule    = [['Ne', 10, 0.1, 0.2, 0.3, 54, 54]]
D2          = False
prec        = 6
derivative  = PH
box         = 1

-------------------------------
Ne 0 0 6 PH 1
-------------------------------
Now executing: python test.py Input_Making/input__Ne007ABGV.txt
Input file: Input_Making/input__Ne007ABGV.txt
Output file: outputs/output__Ne007ABGV.txt
light_speed = 137.03599913900001  # default 137.03599913900001
derivative = "ABGV"         # possible values: PH, ABGV, BS
order = 10
box = 1
prec = 1.0e-7                 # precision threshold for the MRA operations
thr  = 1.0e-6                  # error threshold for SCF convergence

readPotential    = False         # bool
computePotential = True         # bool 
savePotential    = False         # bool
potential = "fermi_dirac"       # possible values: point_charge coulomb_HFYGB homogeneus_charge_sphere gaussian

readOrbitals     = False         # bool
saveOrbitals     = False         # bool
saveGuess        = False

scf              = True
ktrs             = False
D2               = False         # bool
two_electrons    = False         # bool

runGaunt         = False
runGaugeA        = False
runGaugeB        = False
runGaugeC        = False
runGaugeD        = False
runGaugeDelta    = False

molecule = [ ["Ne", 10, 0.1, 0.2, 0.3, 54, 54] ]

# With the paramenters I got from Robert, the error is (1) higher than
#  what he gets and (2) dominated by the width of the Gaussian
# I get a much better agreement with the ideal value IF the Gaussian
#  size is reduced by one order of magnitude 3e4->3e5 for Ar
# It seems the position of the nucleus is also important: I get bad
#  results from D2 if I move the nucleus
# Higher prec with off centered nucleus is too demanding for my laptop

**************************************
10 [0.1, 0.2, 0.3]
Fermi Dirac potential
Using Half Charge Radius for Ne: 5.0449447293e-05
Integral of the Fermi-Dirac distribution via cartesian 3D integration: 0.7422693879577564
The normalization constant is: 13.472197779182986
Integral of the Fermi-Dirac distribution via 3D integration: 10.000000000000034
3D density

*FunctionTree: nn
  genNodes: 0
  square norm: 7.00266e+13
  root scale: 0
  order: 10
  nodes: 216
  endNodes: 190
  nodes per scale: 
    scale=0  nodes=8
    scale=1  nodes=8
    scale=2  nodes=8
    scale=3  nodes=8
    scale=4  nodes=8
    scale=5  nodes=8
    scale=6  nodes=8
    scale=7  nodes=8
    scale=8  nodes=8
    scale=9  nodes=8
    scale=10  nodes=8
    scale=11  nodes=32
    scale=12  nodes=64
    scale=13  nodes=24
    scale=14  nodes=8

3D potential

*FunctionTree: nn
  genNodes: 0
  square norm: 1485.41
  root scale: 0
  order: 10
  nodes: 1520
  endNodes: 1331
  nodes per scale: 
    scale=0  nodes=8
    scale=1  nodes=64
    scale=2  nodes=104
    scale=3  nodes=104
    scale=4  nodes=104
    scale=5  nodes=104
    scale=6  nodes=104
    scale=7  nodes=104
    scale=8  nodes=104
    scale=9  nodes=104
    scale=10  nodes=104
    scale=11  nodes=104
    scale=12  nodes=96
    scale=13  nodes=104
    scale=14  nodes=104
    scale=15  nodes=104

Potential

*FunctionTree: nn
  genNodes: 0
  square norm: 1485.41
  root scale: 0
  order: 10
  nodes: 1520
  endNodes: 1331
  nodes per scale: 
    scale=0  nodes=8
    scale=1  nodes=64
    scale=2  nodes=104
    scale=3  nodes=104
    scale=4  nodes=104
    scale=5  nodes=104
    scale=6  nodes=104
    scale=7  nodes=104
    scale=8  nodes=104
    scale=9  nodes=104
    scale=10  nodes=104
    scale=11  nodes=104
    scale=12  nodes=96
    scale=13  nodes=104
    scale=14  nodes=104
    scale=15  nodes=104

Number of Atoms =  1
[['Ne', 10, 0.1, 0.2, 0.3, 54, 54]]
Using derivative  ABGV
One-electron calculations 1e-07
calc_dirac_mu 99.99942369501342 18728.798606929966 137.035999139
Error 0.00077379497036593
Delta E 18728.798606929966
Energy -50.066453094044846
Converged?  0.00077379497036593  >  1e-06   ----   18728.798606929966  >  1e-08   ----  iteration 0
calc_dirac_mu 99.9996083306701 18728.79851436535 137.035999139
Error 0.0004389884270876705
Delta E 9.256461635231972e-05
Energy -50.0665456586612
Converged?  0.0004389884270876705  >  1e-06   ----   9.256461635231972e-05  >  1e-08   ----  iteration 1
calc_dirac_mu 99.99977726684125 18728.79842967146 137.035999139
Error 0.00024068644654689608
Delta E 8.469388922094367e-05
Energy -50.06663035255042
Converged?  0.00024068644654689608  >  1e-06   ----   8.469388922094367e-05  >  1e-08   ----  iteration 2
calc_dirac_mu 99.99981430627287 18728.798411102238 137.035999139
Error 0.00012827139698052135
Delta E 1.856922244769521e-05
Energy -50.06664892177287
Converged?  0.00012827139698052135  >  1e-06   ----   1.856922244769521e-05  >  1e-08   ----  iteration 3
calc_dirac_mu 99.99982317380265 18728.79840665662 137.035999139
Error 6.701824849191747e-05
Delta E 4.445617378223687e-06
Energy -50.066653367390245
Converged?  6.701824849191747e-05  >  1e-06   ----   4.445617378223687e-06  >  1e-08   ----  iteration 4
calc_dirac_mu 99.9998253929085 18728.7984055441 137.035999139
Error 3.454790775319994e-05
Delta E 1.1125193850602955e-06
Energy -50.06665447990963
Converged?  3.454790775319994e-05  >  1e-06   ----   1.1125193850602955e-06  >  1e-08   ----  iteration 5
calc_dirac_mu 99.9998259346675 18728.798405272497 137.035999139
Error 1.7648184386911787e-05
Delta E 2.716042217798531e-07
Energy -50.06665475151385
Converged?  1.7648184386911787e-05  >  1e-06   ----   2.716042217798531e-07  >  1e-08   ----  iteration 6
calc_dirac_mu 99.99982606980808 18728.798405204747 137.035999139
Error 8.9599986141863e-06
Delta E 6.775007932446897e-08
Energy -50.06665481926393
Converged?  8.9599986141863e-06  >  1e-06   ----   6.775007932446897e-08  >  1e-08   ----  iteration 7
calc_dirac_mu 99.9998261034274 18728.798405187892 137.035999139
Error 4.530154773436105e-06
Delta E 1.6854755813255906e-08
Energy -50.06665483611869
Converged?  4.530154773436105e-06  >  1e-06   ----   1.6854755813255906e-08  >  1e-08   ----  iteration 8
calc_dirac_mu 99.99982611169891 18728.798405183745 137.035999139
Error 2.2840384003771237e-06
Delta E 4.147295840084553e-09
Energy -50.06665484026598
Converged?  2.2840384003771237e-06  >  1e-06   ----   4.147295840084553e-09  >  1e-08   ----  iteration 9
calc_dirac_mu 99.99982611373028 18728.798405182726 137.035999139
Error 1.1494150840934843e-06
Delta E 1.0186340659856796e-09
Energy -50.06665484128462
Converged?  1.1494150840934843e-06  >  1e-06   ----   1.0186340659856796e-09  >  1e-08   ----  iteration 10
calc_dirac_mu 99.99982611426987 18728.798405182457 137.035999139
Error 5.776841920096841e-07
Delta E 2.6921043172478676e-10
Energy -50.06665484155383
Converged?  5.776841920096841e-07  >  1e-06   ----   2.6921043172478676e-10  >  1e-08   ----  iteration 11
Classic-like energies: cke = 50.53679475233494, cpe = -100.5370419364217, cke + cpe = -50.00024718408676
Exact Energy = -50.06674201684291
Dirac Energy = -50.06665484156838
Kutze Energy = -50.06698986171317
Error Kutze  = -0.0002478448695910629
Error Dirac  = 8.717527452972718e-05
Delta Energy = -1.4551915228366852e-11
Dirac - Kutzelnigg = 0.00033502014412079006

PARAMETERS:
molecule    = [['Ne', 10, 0.1, 0.2, 0.3, 54, 54]]
D2          = False
prec        = 7
derivative  = ABGV
box         = 1

-------------------------------
Ne 0 0 7 ABGV 1
-------------------------------
Now executing: python test.py Input_Making/input__Ne007BS.txt
Input file: Input_Making/input__Ne007BS.txt
Output file: outputs/output__Ne007BS.txt
light_speed = 137.03599913900001  # default 137.03599913900001
derivative = "BS"         # possible values: PH, ABGV, BS
order = 10
box = 1
prec = 1.0e-7                 # precision threshold for the MRA operations
thr  = 1.0e-6                  # error threshold for SCF convergence

readPotential    = False         # bool
computePotential = True         # bool 
savePotential    = False         # bool
potential = "fermi_dirac"       # possible values: point_charge coulomb_HFYGB homogeneus_charge_sphere gaussian

readOrbitals     = False         # bool
saveOrbitals     = False         # bool
saveGuess        = False

scf              = True
ktrs             = False
D2               = False         # bool
two_electrons    = False         # bool

runGaunt         = False
runGaugeA        = False
runGaugeB        = False
runGaugeC        = False
runGaugeD        = False
runGaugeDelta    = False

molecule = [ ["Ne", 10, 0.1, 0.2, 0.3, 54, 54] ]

# With the paramenters I got from Robert, the error is (1) higher than
#  what he gets and (2) dominated by the width of the Gaussian
# I get a much better agreement with the ideal value IF the Gaussian
#  size is reduced by one order of magnitude 3e4->3e5 for Ar
# It seems the position of the nucleus is also important: I get bad
#  results from D2 if I move the nucleus
# Higher prec with off centered nucleus is too demanding for my laptop

**************************************
10 [0.1, 0.2, 0.3]
Fermi Dirac potential
Using Half Charge Radius for Ne: 5.0449447293e-05
Integral of the Fermi-Dirac distribution via cartesian 3D integration: 0.7422693879577564
The normalization constant is: 13.472197779182986
Integral of the Fermi-Dirac distribution via 3D integration: 10.000000000000034
3D density

*FunctionTree: nn
  genNodes: 0
  square norm: 7.00266e+13
  root scale: 0
  order: 10
  nodes: 216
  endNodes: 190
  nodes per scale: 
    scale=0  nodes=8
    scale=1  nodes=8
    scale=2  nodes=8
    scale=3  nodes=8
    scale=4  nodes=8
    scale=5  nodes=8
    scale=6  nodes=8
    scale=7  nodes=8
    scale=8  nodes=8
    scale=9  nodes=8
    scale=10  nodes=8
    scale=11  nodes=32
    scale=12  nodes=64
    scale=13  nodes=24
    scale=14  nodes=8

3D potential

*FunctionTree: nn
  genNodes: 0
  square norm: 1485.41
  root scale: 0
  order: 10
  nodes: 1520
  endNodes: 1331
  nodes per scale: 
    scale=0  nodes=8
    scale=1  nodes=64
    scale=2  nodes=104
    scale=3  nodes=104
    scale=4  nodes=104
    scale=5  nodes=104
    scale=6  nodes=104
    scale=7  nodes=104
    scale=8  nodes=104
    scale=9  nodes=104
    scale=10  nodes=104
    scale=11  nodes=104
    scale=12  nodes=96
    scale=13  nodes=104
    scale=14  nodes=104
    scale=15  nodes=104

Potential

*FunctionTree: nn
  genNodes: 0
  square norm: 1485.41
  root scale: 0
  order: 10
  nodes: 1520
  endNodes: 1331
  nodes per scale: 
    scale=0  nodes=8
    scale=1  nodes=64
    scale=2  nodes=104
    scale=3  nodes=104
    scale=4  nodes=104
    scale=5  nodes=104
    scale=6  nodes=104
    scale=7  nodes=104
    scale=8  nodes=104
    scale=9  nodes=104
    scale=10  nodes=104
    scale=11  nodes=104
    scale=12  nodes=96
    scale=13  nodes=104
    scale=14  nodes=104
    scale=15  nodes=104

Number of Atoms =  1
[['Ne', 10, 0.1, 0.2, 0.3, 54, 54]]
Using derivative  BS
One-electron calculations 1e-07
calc_dirac_mu 99.9994335448922 18728.79860199186 137.035999139
Error 0.0007845015890306174
Delta E 18728.79860199186
Energy -50.06645803214997
Converged?  0.0007845015890306174  >  1e-06   ----   18728.79860199186  >  1e-08   ----  iteration 0
calc_dirac_mu 99.9986502304571 18728.798994696066 137.035999139
Error 0.0004370551209573946
Delta E 0.000392704205296468
Energy -50.06606532794467
Converged?  0.0004370551209573946  >  1e-06   ----   0.000392704205296468  >  1e-08   ----  iteration 1
calc_dirac_mu 99.9988134557138 18728.79891286527 137.035999139
Error 0.00023965982386004177
Delta E 8.183079626178369e-05
Energy -50.06614715874093
Converged?  0.00023965982386004177  >  1e-06   ----   8.183079626178369e-05  >  1e-08   ----  iteration 2
calc_dirac_mu 99.99885337059902 18728.798892854476 137.035999139
Error 0.00012775461273094966
Delta E 2.0010793377878144e-05
Energy -50.06616716953431
Converged?  0.00012775461273094966  >  1e-06   ----   2.0010793377878144e-05  >  1e-08   ----  iteration 3
calc_dirac_mu 99.99886361556177 18728.7988877183 137.035999139
Error 6.67603661025234e-05
Delta E 5.136174877407029e-06
Energy -50.06617230570919
Converged?  6.67603661025234e-05  >  1e-06   ----   5.136174877407029e-06  >  1e-08   ----  iteration 4
calc_dirac_mu 99.99886654668147 18728.798886248824 137.035999139
Error 3.441978692419375e-05
Delta E 1.4694778656121343e-06
Energy -50.06617377518705
Converged?  3.441978692419375e-05  >  1e-06   ----   1.4694778656121343e-06  >  1e-08   ----  iteration 5
calc_dirac_mu 99.9988674990105 18728.798885771386 137.035999139
Error 1.7584765611974486e-05
Delta E 4.774374247062951e-07
Energy -50.06617425262448
Converged?  1.7584765611974486e-05  >  1e-06   ----   4.774374247062951e-07  >  1e-08   ----  iteration 6
calc_dirac_mu 99.99886785402236 18728.798885593405 137.035999139
Error 8.928666540041312e-06
Delta E 1.7798083717934787e-07
Energy -50.066174430605315
Converged?  8.928666540041312e-06  >  1e-06   ----   1.7798083717934787e-07  >  1e-08   ----  iteration 7
calc_dirac_mu 99.99886800336355 18728.798885518536 137.035999139
Error 4.514695341328338e-06
Delta E 7.486960384994745e-08
Energy -50.06617450547492
Converged?  4.514695341328338e-06  >  1e-06   ----   7.486960384994745e-08  >  1e-08   ----  iteration 8
calc_dirac_mu 99.99886807175751 18728.798885484248 137.035999139
Error 2.2764180733741537e-06
Delta E 3.4287950256839395e-08
Energy -50.06617453976287
Converged?  2.2764180733741537e-06  >  1e-06   ----   3.4287950256839395e-08  >  1e-08   ----  iteration 9
calc_dirac_mu 99.99886810452618 18728.79888546782 137.035999139
Error 1.145661359042404e-06
Delta E 1.6429112292826176e-08
Energy -50.06617455619198
Converged?  1.145661359042404e-06  >  1e-06   ----   1.6429112292826176e-08  >  1e-08   ----  iteration 10
calc_dirac_mu 99.99886812069468 18728.798885459713 137.035999139
Error 5.758362420803933e-07
Delta E 8.105416782200336e-09
Energy -50.0661745642974
Converged?  5.758362420803933e-07  >  1e-06   ----   8.105416782200336e-09  >  1e-08   ----  iteration 11
calc_dirac_mu 99.9988681287345 18728.798885455682 137.035999139
Error 2.891984548519508e-07
Delta E 4.030880518257618e-09
Energy -50.06617456832828
Converged?  2.891984548519508e-07  >  1e-06   ----   4.030880518257618e-09  >  1e-08   ----  iteration 12
calc_dirac_mu 99.99886813283534 18728.798885453627 137.035999139
Error 1.4515984985044024e-07
Delta E 2.055458026006818e-09
Energy -50.06617457038374
Converged?  1.4515984985044024e-07  >  1e-06   ----   2.055458026006818e-09  >  1e-08   ----  iteration 13
calc_dirac_mu 99.99886813482227 18728.79888545263 137.035999139
Error 7.283345334778039e-08
Delta E 9.968061931431293e-10
Energy -50.06617457138054
Converged?  7.283345334778039e-08  >  1e-06   ----   9.968061931431293e-10  >  1e-08   ----  iteration 14
Classic-like energies: cke = 50.53637191948683, cpe = -100.5366012152193, cke + cpe = -50.000229295732474
Exact Energy = -50.06674201684291
Dirac Energy = -50.066174571864394
Kutze Energy = -50.06697192553965
Error Kutze  = -0.00022990869547356851
Error Dirac  = 0.0005674449785146862
Delta Energy = -4.838511813431978e-10
Dirac - Kutzelnigg = 0.0007973536739882547

PARAMETERS:
molecule    = [['Ne', 10, 0.1, 0.2, 0.3, 54, 54]]
D2          = False
prec        = 7
derivative  = BS
box         = 1

-------------------------------
Ne 0 0 7 BS 1
-------------------------------
Now executing: python test.py Input_Making/input__Ne007PH.txt
Input file: Input_Making/input__Ne007PH.txt
Output file: outputs/output__Ne007PH.txt
light_speed = 137.03599913900001  # default 137.03599913900001
derivative = "PH"         # possible values: PH, ABGV, BS
order = 10
box = 1
prec = 1.0e-7                 # precision threshold for the MRA operations
thr  = 1.0e-6                  # error threshold for SCF convergence

readPotential    = False         # bool
computePotential = True         # bool 
savePotential    = False         # bool
potential = "fermi_dirac"       # possible values: point_charge coulomb_HFYGB homogeneus_charge_sphere gaussian

readOrbitals     = False         # bool
saveOrbitals     = False         # bool
saveGuess        = False

scf              = True
ktrs             = False
D2               = False         # bool
two_electrons    = False         # bool

runGaunt         = False
runGaugeA        = False
runGaugeB        = False
runGaugeC        = False
runGaugeD        = False
runGaugeDelta    = False

molecule = [ ["Ne", 10, 0.1, 0.2, 0.3, 54, 54] ]

# With the paramenters I got from Robert, the error is (1) higher than
#  what he gets and (2) dominated by the width of the Gaussian
# I get a much better agreement with the ideal value IF the Gaussian
#  size is reduced by one order of magnitude 3e4->3e5 for Ar
# It seems the position of the nucleus is also important: I get bad
#  results from D2 if I move the nucleus
# Higher prec with off centered nucleus is too demanding for my laptop

**************************************
10 [0.1, 0.2, 0.3]
Fermi Dirac potential
Using Half Charge Radius for Ne: 5.0449447293e-05
Integral of the Fermi-Dirac distribution via cartesian 3D integration: 0.7422693879577564
The normalization constant is: 13.472197779182986
Integral of the Fermi-Dirac distribution via 3D integration: 10.000000000000034
3D density

*FunctionTree: nn
  genNodes: 0
  square norm: 7.00266e+13
  root scale: 0
  order: 10
  nodes: 216
  endNodes: 190
  nodes per scale: 
    scale=0  nodes=8
    scale=1  nodes=8
    scale=2  nodes=8
    scale=3  nodes=8
    scale=4  nodes=8
    scale=5  nodes=8
    scale=6  nodes=8
    scale=7  nodes=8
    scale=8  nodes=8
    scale=9  nodes=8
    scale=10  nodes=8
    scale=11  nodes=32
    scale=12  nodes=64
    scale=13  nodes=24
    scale=14  nodes=8

3D potential

*FunctionTree: nn
  genNodes: 0
  square norm: 1485.41
  root scale: 0
  order: 10
  nodes: 1520
  endNodes: 1331
  nodes per scale: 
    scale=0  nodes=8
    scale=1  nodes=64
    scale=2  nodes=104
    scale=3  nodes=104
    scale=4  nodes=104
    scale=5  nodes=104
    scale=6  nodes=104
    scale=7  nodes=104
    scale=8  nodes=104
    scale=9  nodes=104
    scale=10  nodes=104
    scale=11  nodes=104
    scale=12  nodes=96
    scale=13  nodes=104
    scale=14  nodes=104
    scale=15  nodes=104

Potential

*FunctionTree: nn
  genNodes: 0
  square norm: 1485.41
  root scale: 0
  order: 10
  nodes: 1520
  endNodes: 1331
  nodes per scale: 
    scale=0  nodes=8
    scale=1  nodes=64
    scale=2  nodes=104
    scale=3  nodes=104
    scale=4  nodes=104
    scale=5  nodes=104
    scale=6  nodes=104
    scale=7  nodes=104
    scale=8  nodes=104
    scale=9  nodes=104
    scale=10  nodes=104
    scale=11  nodes=104
    scale=12  nodes=96
    scale=13  nodes=104
    scale=14  nodes=104
    scale=15  nodes=104

Number of Atoms =  1
[['Ne', 10, 0.1, 0.2, 0.3, 54, 54]]
Using derivative  PH
One-electron calculations 1e-07
calc_dirac_mu 99.99944792471527 18728.79859478273 137.035999139
Error 0.0007966366488899888
Delta E 18728.79859478273
Energy -50.06646524128155
Converged?  0.0007966366488899888  >  1e-06   ----   18728.79859478273  >  1e-08   ----  iteration 0
calc_dirac_mu 99.99642929223748 18728.800108133662 137.035999139
Error 0.0004326299913847651
Delta E 0.0015133509332372341
Energy -50.06495189034831
Converged?  0.0004326299913847651  >  1e-06   ----   0.0015133509332372341  >  1e-08   ----  iteration 1
calc_dirac_mu 99.99288901103677 18728.801883006035 137.035999139
Error 0.00022954165378305736
Delta E 0.0017748723730619531
Energy -50.06317701797525
Converged?  0.00022954165378305736  >  1e-06   ----   0.0017748723730619531  >  1e-08   ----  iteration 2
calc_dirac_mu 99.99294360172 18728.801855637732 137.035999139
Error 0.00012262808628061826
Delta E 2.7368303562980145e-05
Energy -50.06320438627881
Converged?  0.00012262808628061826  >  1e-06   ----   2.7368303562980145e-05  >  1e-08   ----  iteration 3
calc_dirac_mu 99.99296054570068 18728.801847143095 137.035999139
Error 6.41866224576197e-05
Delta E 8.494636858813465e-06
Energy -50.06321288091567
Converged?  6.41866224576197e-05  >  1e-06   ----   8.494636858813465e-06  >  1e-08   ----  iteration 4
calc_dirac_mu 99.99296728664119 18728.801843763616 137.035999139
Error 3.313392131435869e-05
Delta E 3.379478584975004e-06
Energy -50.063216260394256
Converged?  3.313392131435869e-05  >  1e-06   ----   3.379478584975004e-06  >  1e-08   ----  iteration 5
calc_dirac_mu 99.99297035002581 18728.80184222783 137.035999139
Error 1.694393122869416e-05
Delta E 1.535787305328995e-06
Energy -50.06321779618156
Converged?  1.694393122869416e-05  >  1e-06   ----   1.535787305328995e-06  >  1e-08   ----  iteration 6
calc_dirac_mu 99.99297184308544 18728.801841479304 137.035999139
Error 8.609725139111648e-06
Delta E 7.485250534955412e-07
Energy -50.063218544706615
Converged?  8.609725139111648e-06  >  1e-06   ----   7.485250534955412e-07  >  1e-08   ----  iteration 7
calc_dirac_mu 99.992972592556 18728.801841103566 137.035999139
Error 4.356081749239247e-06
Delta E 3.757377271540463e-07
Energy -50.06321892044434
Converged?  4.356081749239247e-06  >  1e-06   ----   3.757377271540463e-07  >  1e-08   ----  iteration 8
calc_dirac_mu 99.99297297246811 18728.801840913104 137.035999139
Error 2.197574989805664e-06
Delta E 1.9046274246647954e-07
Energy -50.063219110907085
Converged?  2.197574989805664e-06  >  1e-06   ----   1.9046274246647954e-07  >  1e-08   ----  iteration 9
calc_dirac_mu 99.9929731653411 18728.80184081641 137.035999139
Error 1.1064830417292942e-06
Delta E 9.669383871369064e-08
Energy -50.06321920760092
Converged?  1.1064830417292942e-06  >  1e-06   ----   9.669383871369064e-08  >  1e-08   ----  iteration 10
calc_dirac_mu 99.99297326306943 18728.801840767414 137.035999139
Error 5.563728451091858e-07
Delta E 4.899629857391119e-08
Energy -50.06321925659722
Converged?  5.563728451091858e-07  >  1e-06   ----   4.899629857391119e-08  >  1e-08   ----  iteration 11
calc_dirac_mu 99.99297331256204 18728.801840742603 137.035999139
Error 2.795306617775597e-07
Delta E 2.4811015464365482e-08
Energy -50.06321928140824
Converged?  2.795306617775597e-07  >  1e-06   ----   2.4811015464365482e-08  >  1e-08   ----  iteration 12
calc_dirac_mu 99.9929733375226 18728.801840730088 137.035999139
Error 1.403582317315377e-07
Delta E 1.2514647096395493e-08
Energy -50.063219293922884
Converged?  1.403582317315377e-07  >  1e-06   ----   1.2514647096395493e-08  >  1e-08   ----  iteration 13
calc_dirac_mu 99.99297335004097 18728.801840723812 137.035999139
Error 7.044902468517846e-08
Delta E 6.275513442233205e-09
Energy -50.0632193001984
Converged?  7.044902468517846e-08  >  1e-06   ----   6.275513442233205e-09  >  1e-08   ----  iteration 14
Classic-like energies: cke = 50.53402713100583, cpe = -100.53359424270764, cke + cpe = -49.99956711170181
Exact Energy = -50.06674201684291
Dirac Energy = -50.06321930334161
Kutze Energy = -50.066307971329884
Error Kutze  = 0.0004340455125202425
Error Dirac  = 0.003522713501297403
Delta Energy = -3.14321368932724e-09
Dirac - Kutzelnigg = 0.0030886679887771606

PARAMETERS:
molecule    = [['Ne', 10, 0.1, 0.2, 0.3, 54, 54]]
D2          = False
prec        = 7
derivative  = PH
box         = 1

-------------------------------
Ne 0 0 7 PH 1
-------------------------------
Now executing: python test.py Input_Making/input__Ne008ABGV.txt
Input file: Input_Making/input__Ne008ABGV.txt
Output file: outputs/output__Ne008ABGV.txt
light_speed = 137.03599913900001  # default 137.03599913900001
derivative = "ABGV"         # possible values: PH, ABGV, BS
order = 11
box = 1
prec = 1.0e-8                 # precision threshold for the MRA operations
thr  = 1.0e-7                  # error threshold for SCF convergence

readPotential    = False         # bool
computePotential = True         # bool 
savePotential    = False         # bool
potential = "fermi_dirac"       # possible values: point_charge coulomb_HFYGB homogeneus_charge_sphere gaussian

readOrbitals     = False         # bool
saveOrbitals     = False         # bool
saveGuess        = False

scf              = True
ktrs             = False
D2               = False         # bool
two_electrons    = False         # bool

runGaunt         = False
runGaugeA        = False
runGaugeB        = False
runGaugeC        = False
runGaugeD        = False
runGaugeDelta    = False

molecule = [ ["Ne", 10, 0.1, 0.2, 0.3, 54, 54] ]

# With the paramenters I got from Robert, the error is (1) higher than
#  what he gets and (2) dominated by the width of the Gaussian
# I get a much better agreement with the ideal value IF the Gaussian
#  size is reduced by one order of magnitude 3e4->3e5 for Ar
# It seems the position of the nucleus is also important: I get bad
#  results from D2 if I move the nucleus
# Higher prec with off centered nucleus is too demanding for my laptop

**************************************
10 [0.1, 0.2, 0.3]
Fermi Dirac potential
Using Half Charge Radius for Ne: 5.0449447293e-05
Integral of the Fermi-Dirac distribution via cartesian 3D integration: 0.7422693898135609
The normalization constant is: 13.472197745500113
Integral of the Fermi-Dirac distribution via 3D integration: 10.000000000000004
3D density

*FunctionTree: nn
  genNodes: 0
  square norm: 7.00266e+13
  root scale: 0
  order: 11
  nodes: 224
  endNodes: 197
  nodes per scale: 
    scale=0  nodes=8
    scale=1  nodes=8
    scale=2  nodes=8
    scale=3  nodes=8
    scale=4  nodes=8
    scale=5  nodes=8
    scale=6  nodes=8
    scale=7  nodes=8
    scale=8  nodes=8
    scale=9  nodes=8
    scale=10  nodes=8
    scale=11  nodes=32
    scale=12  nodes=64
    scale=13  nodes=24
    scale=14  nodes=16

3D potential

*FunctionTree: nn
  genNodes: 0
  square norm: 1485.41
  root scale: 0
  order: 11
  nodes: 1712
  endNodes: 1499
  nodes per scale: 
    scale=0  nodes=8
    scale=1  nodes=64
    scale=2  nodes=120
    scale=3  nodes=112
    scale=4  nodes=120
    scale=5  nodes=112
    scale=6  nodes=120
    scale=7  nodes=112
    scale=8  nodes=120
    scale=9  nodes=112
    scale=10  nodes=120
    scale=11  nodes=112
    scale=12  nodes=120
    scale=13  nodes=112
    scale=14  nodes=120
    scale=15  nodes=128

Potential

*FunctionTree: nn
  genNodes: 0
  square norm: 1485.41
  root scale: 0
  order: 11
  nodes: 1712
  endNodes: 1499
  nodes per scale: 
    scale=0  nodes=8
    scale=1  nodes=64
    scale=2  nodes=120
    scale=3  nodes=112
    scale=4  nodes=120
    scale=5  nodes=112
    scale=6  nodes=120
    scale=7  nodes=112
    scale=8  nodes=120
    scale=9  nodes=112
    scale=10  nodes=120
    scale=11  nodes=112
    scale=12  nodes=120
    scale=13  nodes=112
    scale=14  nodes=120
    scale=15  nodes=128

Number of Atoms =  1
[['Ne', 10, 0.1, 0.2, 0.3, 54, 54]]
Using derivative  ABGV
One-electron calculations 1e-08
calc_dirac_mu 99.99942604041385 18728.79860575413 137.035999139
Error 0.0007737982957065784
Delta E 18728.79860575413
Energy -50.066454269879614
Converged?  0.0007737982957065784  >  1e-07   ----   18728.79860575413  >  1e-09   ----  iteration 0
calc_dirac_mu 99.99964801024875 18728.798494472525 137.035999139
Error 0.00043906624267479275
Delta E 0.00011128160622320138
Energy -50.06656555148584
Converged?  0.00043906624267479275  >  1e-07   ----   0.00011128160622320138  >  1e-09   ----  iteration 1
calc_dirac_mu 99.99981705193728 18728.798409725736 137.035999139
Error 0.0002407272267866817
Delta E 8.47467890707776e-05
Energy -50.06665029827491
Converged?  0.0002407272267866817  >  1e-07   ----   8.47467890707776e-05  >  1e-09   ----  iteration 2
calc_dirac_mu 99.99985416377801 18728.79839112021 137.035999139
Error 0.0001282923321062715
Delta E 1.860552583821118e-05
Energy -50.066668903800746
Converged?  0.0001282923321062715  >  1e-07   ----   1.860552583821118e-05  >  1e-09   ----  iteration 3
calc_dirac_mu 99.9998630298287 18728.798386675335 137.035999139
Error 6.702881772408485e-05
Delta E 4.444875230547041e-06
Energy -50.06667334867598
Converged?  6.702881772408485e-05  >  1e-07   ----   4.444875230547041e-06  >  1e-09   ----  iteration 4
calc_dirac_mu 99.99986521660072 18728.798385579026 137.035999139
Error 3.4553154379372126e-05
Delta E 1.0963085514958948e-06
Energy -50.06667444498453
Converged?  3.4553154379372126e-05  >  1e-07   ----   1.0963085514958948e-06  >  1e-09   ----  iteration 5
calc_dirac_mu 99.99986575920083 18728.798385307 137.035999139
Error 1.765082067104694e-05
Delta E 2.7202622732147574e-07
Energy -50.066674717010756
Converged?  1.765082067104694e-05  >  1e-07   ----   2.7202622732147574e-07  >  1e-09   ----  iteration 6
calc_dirac_mu 99.99986589532854 18728.798385238755 137.035999139
Error 8.961323385007533e-06
Delta E 6.824484444223344e-08
Energy -50.0666747852556
Converged?  8.961323385007533e-06  >  1e-07   ----   6.824484444223344e-08  >  1e-09   ----  iteration 7
calc_dirac_mu 99.99986592936682 18728.79838522169 137.035999139
Error 4.530820061472203e-06
Delta E 1.7065758584067225e-08
Energy -50.06667480232136
Converged?  4.530820061472203e-06  >  1e-07   ----   1.7065758584067225e-08  >  1e-09   ----  iteration 8
calc_dirac_mu 99.99986593798113 18728.79838521737 137.035999139
Error 2.284372728470606e-06
Delta E 4.318280844017863e-09
Energy -50.06667480663964
Converged?  2.284372728470606e-06  >  1e-07   ----   4.318280844017863e-09  >  1e-09   ----  iteration 9
calc_dirac_mu 99.99986594007916 18728.79838521632 137.035999139
Error 1.1495828505298829e-06
Delta E 1.051375875249505e-09
Energy -50.066674807691015
Converged?  1.1495828505298829e-06  >  1e-07   ----   1.051375875249505e-09  >  1e-09   ----  iteration 10
calc_dirac_mu 99.99986594051401 18728.7983852161 137.035999139
Error 5.777680719041995e-07
Delta E 2.1827872842550278e-10
Energy -50.066674807909294
Converged?  5.777680719041995e-07  >  1e-07   ----   2.1827872842550278e-10  >  1e-09   ----  iteration 11
calc_dirac_mu 99.99986594069493 18728.79838521601 137.035999139
Error 2.901499500542433e-07
Delta E 9.094947017729282e-11
Energy -50.06667480800024
Converged?  2.901499500542433e-07  >  1e-07   ----   9.094947017729282e-11  >  1e-09   ----  iteration 12
calc_dirac_mu 99.99986594071714 18728.798385216 137.035999139
Error 1.456280492915101e-07
Delta E 1.0913936421275139e-11
Energy -50.06667480801116
Converged?  1.456280492915101e-07  >  1e-07   ----   1.0913936421275139e-11  >  1e-09   ----  iteration 13
calc_dirac_mu 99.99986594082506 18728.798385215945 137.035999139
Error 7.306411882939914e-08
Delta E 5.4569682106375694e-11
Energy -50.06667480806573
Converged?  7.306411882939914e-08  >  1e-07   ----   5.4569682106375694e-11  >  1e-09   ----  iteration 14
Classic-like energies: cke = 50.53685278466202, cpe = -100.5371284016985, cke + cpe = -50.00027561703648
Exact Energy = -50.06674201684291
Dirac Energy = -50.06667480801116
Kutze Energy = -50.067018370672976
Error Kutze  = -0.0002763538286671974
Error Dirac  = 6.720883175148629e-05
Delta Energy = 5.4569682106375694e-11
Dirac - Kutzelnigg = 0.00034356266041868366

PARAMETERS:
molecule    = [['Ne', 10, 0.1, 0.2, 0.3, 54, 54]]
D2          = False
prec        = 8
derivative  = ABGV
box         = 1

-------------------------------
Ne 0 0 8 ABGV 1
-------------------------------
Now executing: python test.py Input_Making/input__Ne008BS.txt
Input file: Input_Making/input__Ne008BS.txt
Output file: outputs/output__Ne008BS.txt
light_speed = 137.03599913900001  # default 137.03599913900001
derivative = "BS"         # possible values: PH, ABGV, BS
order = 11
box = 1
prec = 1.0e-8                 # precision threshold for the MRA operations
thr  = 1.0e-7                  # error threshold for SCF convergence

readPotential    = False         # bool
computePotential = True         # bool 
savePotential    = False         # bool
potential = "fermi_dirac"       # possible values: point_charge coulomb_HFYGB homogeneus_charge_sphere gaussian

readOrbitals     = False         # bool
saveOrbitals     = False         # bool
saveGuess        = False

scf              = True
ktrs             = False
D2               = False         # bool
two_electrons    = False         # bool

runGaunt         = False
runGaugeA        = False
runGaugeB        = False
runGaugeC        = False
runGaugeD        = False
runGaugeDelta    = False

molecule = [ ["Ne", 10, 0.1, 0.2, 0.3, 54, 54] ]

# With the paramenters I got from Robert, the error is (1) higher than
#  what he gets and (2) dominated by the width of the Gaussian
# I get a much better agreement with the ideal value IF the Gaussian
#  size is reduced by one order of magnitude 3e4->3e5 for Ar
# It seems the position of the nucleus is also important: I get bad
#  results from D2 if I move the nucleus
# Higher prec with off centered nucleus is too demanding for my laptop

**************************************
10 [0.1, 0.2, 0.3]
Fermi Dirac potential
Using Half Charge Radius for Ne: 5.0449447293e-05
Integral of the Fermi-Dirac distribution via cartesian 3D integration: 0.7422693898135609
The normalization constant is: 13.472197745500113
Integral of the Fermi-Dirac distribution via 3D integration: 10.000000000000004
3D density

*FunctionTree: nn
  genNodes: 0
  square norm: 7.00266e+13
  root scale: 0
  order: 11
  nodes: 224
  endNodes: 197
  nodes per scale: 
    scale=0  nodes=8
    scale=1  nodes=8
    scale=2  nodes=8
    scale=3  nodes=8
    scale=4  nodes=8
    scale=5  nodes=8
    scale=6  nodes=8
    scale=7  nodes=8
    scale=8  nodes=8
    scale=9  nodes=8
    scale=10  nodes=8
    scale=11  nodes=32
    scale=12  nodes=64
    scale=13  nodes=24
    scale=14  nodes=16

3D potential

*FunctionTree: nn
  genNodes: 0
  square norm: 1485.41
  root scale: 0
  order: 11
  nodes: 1712
  endNodes: 1499
  nodes per scale: 
    scale=0  nodes=8
    scale=1  nodes=64
    scale=2  nodes=120
    scale=3  nodes=112
    scale=4  nodes=120
    scale=5  nodes=112
    scale=6  nodes=120
    scale=7  nodes=112
    scale=8  nodes=120
    scale=9  nodes=112
    scale=10  nodes=120
    scale=11  nodes=112
    scale=12  nodes=120
    scale=13  nodes=112
    scale=14  nodes=120
    scale=15  nodes=128

Potential

*FunctionTree: nn
  genNodes: 0
  square norm: 1485.41
  root scale: 0
  order: 11
  nodes: 1712
  endNodes: 1499
  nodes per scale: 
    scale=0  nodes=8
    scale=1  nodes=64
    scale=2  nodes=120
    scale=3  nodes=112
    scale=4  nodes=120
    scale=5  nodes=112
    scale=6  nodes=120
    scale=7  nodes=112
    scale=8  nodes=120
    scale=9  nodes=112
    scale=10  nodes=120
    scale=11  nodes=112
    scale=12  nodes=120
    scale=13  nodes=112
    scale=14  nodes=120
    scale=15  nodes=128

Number of Atoms =  1
[['Ne', 10, 0.1, 0.2, 0.3, 54, 54]]
Using derivative  BS
One-electron calculations 1e-08
calc_dirac_mu 99.99943311562394 18728.79860220707 137.035999139
Error 0.0007834941671817522
Delta E 18728.79860220707
Energy -50.06645781694169
Converged?  0.0007834941671817522  >  1e-07   ----   18728.79860220707  >  1e-09   ----  iteration 0
calc_dirac_mu 99.99873260919425 18728.79895339659 137.035999139
Error 0.0004372389408977765
Delta E 0.0003511895192787051
Energy -50.066106627422414
Converged?  0.0004372389408977765  >  1e-07   ----   0.0003511895192787051  >  1e-09   ----  iteration 1
calc_dirac_mu 99.99872106276256 18728.79895918524 137.035999139
Error 0.00023937919969353098
Delta E 5.788650014437735e-06
Energy -50.0661008387724
Converged?  0.00023937919969353098  >  1e-07   ----   5.788650014437735e-06  >  1e-09   ----  iteration 2
calc_dirac_mu 99.9987612194738 18728.79893905321 137.035999139
Error 0.0001276122693517222
Delta E 2.0132029021624476e-05
Energy -50.06612097080142
Converged?  0.0001276122693517222  >  1e-07   ----   2.0132029021624476e-05  >  1e-09   ----  iteration 3
calc_dirac_mu 99.99877157682572 18728.79893386069 137.035999139
Error 6.668878763482015e-05
Delta E 5.192519893171266e-06
Energy -50.066126163321314
Converged?  6.668878763482015e-05  >  1e-07   ----   5.192519893171266e-06  >  1e-09   ----  iteration 4
calc_dirac_mu 99.99877457626637 18728.79893235696 137.035999139
Error 3.438395696963344e-05
Delta E 1.5037294360809028e-06
Energy -50.06612766705075
Converged?  3.438395696963344e-05  >  1e-07   ----   1.5037294360809028e-06  >  1e-09   ----  iteration 5
calc_dirac_mu 99.99877556678531 18728.798931860376 137.035999139
Error 1.7566868429280064e-05
Delta E 4.965841071680188e-07
Energy -50.06612816363486
Converged?  1.7566868429280064e-05  >  1e-07   ----   4.965841071680188e-07  >  1e-09   ----  iteration 6
calc_dirac_mu 99.99877594251723 18728.79893167201 137.035999139
Error 8.91973650995382e-06
Delta E 1.883672666735947e-07
Energy -50.066128352002124
Converged?  8.91973650995382e-06  >  1e-07   ----   1.883672666735947e-07  >  1e-09   ----  iteration 7
calc_dirac_mu 99.99877610286278 18728.79893159162 137.035999139
Error 4.510242206973295e-06
Delta E 8.038841770030558e-08
Energy -50.06612843239054
Converged?  4.510242206973295e-06  >  1e-07   ----   8.038841770030558e-08  >  1e-09   ----  iteration 8
calc_dirac_mu 99.99877617680175 18728.798931554553 137.035999139
Error 2.274197746599169e-06
Delta E 3.706736606545746e-08
Energy -50.06612846945791
Converged?  2.274197746599169e-06  >  1e-07   ----   3.706736606545746e-08  >  1e-09   ----  iteration 9
calc_dirac_mu 99.99877621259844 18728.798931536607 137.035999139
Error 1.1445548953831473e-06
Delta E 1.794614945538342e-08
Energy -50.06612848740406
Converged?  1.1445548953831473e-06  >  1e-07   ----   1.794614945538342e-08  >  1e-09   ----  iteration 10
calc_dirac_mu 99.99877623029047 18728.798931527737 137.035999139
Error 5.752848943095587e-07
Delta E 8.869392331689596e-09
Energy -50.06612849627345
Converged?  5.752848943095587e-07  >  1e-07   ----   8.869392331689596e-09  >  1e-09   ----  iteration 11
calc_dirac_mu 99.99877623904763 18728.798931523346 137.035999139
Error 2.8892360973204556e-07
Delta E 4.3910404201596975e-09
Energy -50.06612850066449
Converged?  2.8892360973204556e-07  >  1e-07   ----   4.3910404201596975e-09  >  1e-09   ----  iteration 12
calc_dirac_mu 99.99877624351666 18728.798931521105 137.035999139
Error 1.4502286197716184e-07
Delta E 2.240994945168495e-09
Energy -50.066128502905485
Converged?  1.4502286197716184e-07  >  1e-07   ----   2.240994945168495e-09  >  1e-09   ----  iteration 13
calc_dirac_mu 99.99877624564326 18728.79893152004 137.035999139
Error 7.276508003731982e-08
Delta E 1.0659277904778719e-09
Energy -50.06612850397141
Converged?  7.276508003731982e-08  >  1e-07   ----   1.0659277904778719e-09  >  1e-09   ----  iteration 14
Classic-like energies: cke = 50.53633641743271, cpe = -100.53657138338842, cke + cpe = -50.00023496595571
Exact Energy = -50.06674201684291
Dirac Energy = -50.06612850458987
Kutze Energy = -50.06697761092116
Error Kutze  = -0.00023559407782158814
Error Dirac  = 0.0006135122530395165
Delta Energy = -6.184563972055912e-10
Dirac - Kutzelnigg = 0.0008491063308611047

PARAMETERS:
molecule    = [['Ne', 10, 0.1, 0.2, 0.3, 54, 54]]
D2          = False
prec        = 8
derivative  = BS
box         = 1

-------------------------------
Ne 0 0 8 BS 1
-------------------------------
Now executing: python test.py Input_Making/input__Ne008PH.txt
Input file: Input_Making/input__Ne008PH.txt
Output file: outputs/output__Ne008PH.txt
light_speed = 137.03599913900001  # default 137.03599913900001
derivative = "PH"         # possible values: PH, ABGV, BS
order = 11
box = 1
prec = 1.0e-8                 # precision threshold for the MRA operations
thr  = 1.0e-7                  # error threshold for SCF convergence

readPotential    = False         # bool
computePotential = True         # bool 
savePotential    = False         # bool
potential = "fermi_dirac"       # possible values: point_charge coulomb_HFYGB homogeneus_charge_sphere gaussian

readOrbitals     = False         # bool
saveOrbitals     = False         # bool
saveGuess        = False

scf              = True
ktrs             = False
D2               = False         # bool
two_electrons    = False         # bool

runGaunt         = False
runGaugeA        = False
runGaugeB        = False
runGaugeC        = False
runGaugeD        = False
runGaugeDelta    = False

molecule = [ ["Ne", 10, 0.1, 0.2, 0.3, 54, 54] ]

# With the paramenters I got from Robert, the error is (1) higher than
#  what he gets and (2) dominated by the width of the Gaussian
# I get a much better agreement with the ideal value IF the Gaussian
#  size is reduced by one order of magnitude 3e4->3e5 for Ar
# It seems the position of the nucleus is also important: I get bad
#  results from D2 if I move the nucleus
# Higher prec with off centered nucleus is too demanding for my laptop

**************************************
10 [0.1, 0.2, 0.3]
Fermi Dirac potential
Using Half Charge Radius for Ne: 5.0449447293e-05
Integral of the Fermi-Dirac distribution via cartesian 3D integration: 0.7422693898135609
The normalization constant is: 13.472197745500113
Integral of the Fermi-Dirac distribution via 3D integration: 10.000000000000004
3D density

*FunctionTree: nn
  genNodes: 0
  square norm: 7.00266e+13
  root scale: 0
  order: 11
  nodes: 224
  endNodes: 197
  nodes per scale: 
    scale=0  nodes=8
    scale=1  nodes=8
    scale=2  nodes=8
    scale=3  nodes=8
    scale=4  nodes=8
    scale=5  nodes=8
    scale=6  nodes=8
    scale=7  nodes=8
    scale=8  nodes=8
    scale=9  nodes=8
    scale=10  nodes=8
    scale=11  nodes=32
    scale=12  nodes=64
    scale=13  nodes=24
    scale=14  nodes=16

3D potential

*FunctionTree: nn
  genNodes: 0
  square norm: 1485.41
  root scale: 0
  order: 11
  nodes: 1712
  endNodes: 1499
  nodes per scale: 
    scale=0  nodes=8
    scale=1  nodes=64
    scale=2  nodes=120
    scale=3  nodes=112
    scale=4  nodes=120
    scale=5  nodes=112
    scale=6  nodes=120
    scale=7  nodes=112
    scale=8  nodes=120
    scale=9  nodes=112
    scale=10  nodes=120
    scale=11  nodes=112
    scale=12  nodes=120
    scale=13  nodes=112
    scale=14  nodes=120
    scale=15  nodes=128

Potential

*FunctionTree: nn
  genNodes: 0
  square norm: 1485.41
  root scale: 0
  order: 11
  nodes: 1712
  endNodes: 1499
  nodes per scale: 
    scale=0  nodes=8
    scale=1  nodes=64
    scale=2  nodes=120
    scale=3  nodes=112
    scale=4  nodes=120
    scale=5  nodes=112
    scale=6  nodes=120
    scale=7  nodes=112
    scale=8  nodes=120
    scale=9  nodes=112
    scale=10  nodes=120
    scale=11  nodes=112
    scale=12  nodes=120
    scale=13  nodes=112
    scale=14  nodes=120
    scale=15  nodes=128

Number of Atoms =  1
[['Ne', 10, 0.1, 0.2, 0.3, 54, 54]]
Using derivative  PH
One-electron calculations 1e-08
calc_dirac_mu 99.99941913243694 18728.798609217352 137.035999139
Error 0.000829782303213766
Delta E 18728.798609217352
Energy -50.066450806658395
Converged?  0.000829782303213766  >  1e-07   ----   18728.798609217352  >  1e-09   ----  iteration 0
calc_dirac_mu 99.99434078067405 18728.80115518087 137.035999139
Error 0.0004285868214859232
Delta E 0.0025459635180595797
Energy -50.063904843140335
Converged?  0.0004285868214859232  >  1e-07   ----   0.0025459635180595797  >  1e-09   ----  iteration 1
calc_dirac_mu 99.99464574775627 18728.801002289725 137.035999139
Error 0.00023543364391418505
Delta E 0.00015289114526240155
Energy -50.0640577342856
Converged?  0.00023543364391418505  >  1e-07   ----   0.00015289114526240155  >  1e-09   ----  iteration 2
calc_dirac_mu 99.99469638846631 18728.800976901686 137.035999139
Error 0.00012562374222238924
Delta E 2.5388038920937106e-05
Energy -50.06408312232452
Converged?  0.00012562374222238924  >  1e-07   ----   2.5388038920937106e-05  >  1e-09   ----  iteration 3
calc_dirac_mu 99.99471189195562 18728.80096912922 137.035999139
Error 6.569580095183447e-05
Delta E 7.772465323796496e-06
Energy -50.06409089478984
Converged?  6.569580095183447e-05  >  1e-07   ----   7.772465323796496e-06  >  1e-09   ----  iteration 4
calc_dirac_mu 99.99471770904765 18728.8009662129 137.035999139
Error 3.389067658337059e-05
Delta E 2.916320227086544e-06
Energy -50.06409381111007
Converged?  3.389067658337059e-05  >  1e-07   ----   2.916320227086544e-06  >  1e-09   ----  iteration 5
calc_dirac_mu 99.99472024009063 18728.800964943995 137.035999139
Error 1.732257538781071e-05
Delta E 1.268905180040747e-06
Energy -50.06409508001525
Converged?  1.732257538781071e-05  >  1e-07   ----   1.268905180040747e-06  >  1e-09   ----  iteration 6
calc_dirac_mu 99.99472144138407 18728.800964341743 137.035999139
Error 8.798984996183955e-06
Delta E 6.022528395988047e-07
Energy -50.06409568226809
Converged?  8.798984996183955e-06  >  1e-07   ----   6.022528395988047e-07  >  1e-09   ----  iteration 7
calc_dirac_mu 99.99472203596524 18728.800964043658 137.035999139
Error 4.4506331323729915e-06
Delta E 2.980850695166737e-07
Energy -50.06409598035316
Converged?  4.4506331323729915e-06  >  1e-07   ----   2.980850695166737e-07  >  1e-09   ----  iteration 8
calc_dirac_mu 99.99472233542843 18728.800963893525 137.035999139
Error 2.2447999341970763e-06
Delta E 1.501321094110608e-07
Energy -50.06409613048527
Converged?  2.2447999341970763e-06  >  1e-07   ----   1.501321094110608e-07  >  1e-09   ----  iteration 9
calc_dirac_mu 99.99472248673753 18728.80096381767 137.035999139
Error 1.1300665801256674e-06
Delta E 7.585549610666931e-08
Energy -50.064096206340764
Converged?  1.1300665801256674e-06  >  1e-07   ----   7.585549610666931e-08  >  1e-09   ----  iteration 10
calc_dirac_mu 99.99472256340935 18728.80096377923 137.035999139
Error 5.681492439840797e-07
Delta E 3.843888407573104e-08
Energy -50.06409624477965
Converged?  5.681492439840797e-07  >  1e-07   ----   3.843888407573104e-08  >  1e-09   ----  iteration 11
calc_dirac_mu 99.99472260205631 18728.800963759855 137.035999139
Error 2.854108517065622e-07
Delta E 1.9375875126570463e-08
Energy -50.06409626415552
Converged?  2.854108517065622e-07  >  1e-07   ----   1.9375875126570463e-08  >  1e-09   ----  iteration 12
calc_dirac_mu 99.99472262167181 18728.80096375002 137.035999139
Error 1.4329451640738455e-07
Delta E 9.8334567155689e-09
Energy -50.06409627398898
Converged?  1.4329451640738455e-07  >  1e-07   ----   9.8334567155689e-09  >  1e-09   ----  iteration 13
calc_dirac_mu 99.9947226313875 18728.80096374515 137.035999139
Error 7.191499006536067e-08
Delta E 4.871253622695804e-09
Energy -50.064096278860234
Converged?  7.191499006536067e-08  >  1e-07   ----   4.871253622695804e-09  >  1e-09   ----  iteration 14
Classic-like energies: cke = 50.538064980120694, cpe = -100.53449845707152, cke + cpe = -49.99643347695083
Exact Energy = -50.06674201684291
Dirac Energy = -50.06409628138863
Kutze Energy = -50.06316595992911
Error Kutze  = 0.003576056915335357
Error Dirac  = 0.0026457354542799294
Delta Energy = -2.5283952709287405e-09
Dirac - Kutzelnigg = -0.0009303214610554278

PARAMETERS:
molecule    = [['Ne', 10, 0.1, 0.2, 0.3, 54, 54]]
D2          = False
prec        = 8
derivative  = PH
box         = 1

-------------------------------
Ne 0 0 8 PH 1
-------------------------------
Now executing: python test.py Input_Making/input__Ne014ABGV.txt
Input file: Input_Making/input__Ne014ABGV.txt
Output file: outputs/output__Ne014ABGV.txt
light_speed = 137.03599913900001  # default 137.03599913900001
derivative = "ABGV"         # possible values: PH, ABGV, BS
order = 7
box = 1
prec = 1.0e-4                 # precision threshold for the MRA operations
thr  = 1.0e-3                  # error threshold for SCF convergence

readPotential    = False        # bool
computePotential = True         # bool 
savePotential    = False         # bool
potential = "fermi_dirac"       # possible values: point_charge coulomb_HFYGB homogeneus_charge_sphere gaussian

readOrbitals     = False        # bool
saveOrbitals     = False         # bool
saveGuess        = False

scf              = True
ktrs             = False
D2               = True         # bool
two_electrons    = False         # bool

runGaunt         = False
runGaugeA        = False
runGaugeB        = False
runGaugeC        = False
runGaugeD        = False
runGaugeDelta    = False

molecule = [ ["Ne", 10, 0.1, 0.2, 0.3, 54, 54] ]

# With the paramenters I got from Robert, the error is (1) higher than
#  what he gets and (2) dominated by the width of the Gaussian
# I get a much better agreement with the ideal value IF the Gaussian
#  size is reduced by one order of magnitude 3e4->3e5 for Ar
# It seems the position of the nucleus is also important: I get bad
#  results from D2 if I move the nucleus
# Higher prec with off centered nucleus is too demanding for my laptop

**************************************
10 [0.1, 0.2, 0.3]
Fermi Dirac potential
Using Half Charge Radius for Ne: 5.0449447293e-05
Integral of the Fermi-Dirac distribution via cartesian 3D integration: 0.7422697847904095
The normalization constant is: 13.472190576669698
Integral of the Fermi-Dirac distribution via 3D integration: 9.999999999999993
3D density

*FunctionTree: nn
  genNodes: 0
  square norm: 7.00266e+13
  root scale: 0
  order: 7
  nodes: 400
  endNodes: 351
  nodes per scale: 
    scale=0  nodes=8
    scale=1  nodes=8
    scale=2  nodes=8
    scale=3  nodes=8
    scale=4  nodes=8
    scale=5  nodes=8
    scale=6  nodes=8
    scale=7  nodes=8
    scale=8  nodes=8
    scale=9  nodes=8
    scale=10  nodes=8
    scale=11  nodes=32
    scale=12  nodes=64
    scale=13  nodes=216

3D potential

*FunctionTree: nn
  genNodes: 0
  square norm: 1485.41
  root scale: 0
  order: 7
  nodes: 720
  endNodes: 631
  nodes per scale: 
    scale=0  nodes=8
    scale=1  nodes=56
    scale=2  nodes=48
    scale=3  nodes=56
    scale=4  nodes=48
    scale=5  nodes=56
    scale=6  nodes=48
    scale=7  nodes=56
    scale=8  nodes=48
    scale=9  nodes=56
    scale=10  nodes=48
    scale=11  nodes=56
    scale=12  nodes=48
    scale=13  nodes=56
    scale=14  nodes=32

Potential

*FunctionTree: nn
  genNodes: 0
  square norm: 1485.41
  root scale: 0
  order: 7
  nodes: 720
  endNodes: 631
  nodes per scale: 
    scale=0  nodes=8
    scale=1  nodes=56
    scale=2  nodes=48
    scale=3  nodes=56
    scale=4  nodes=48
    scale=5  nodes=56
    scale=6  nodes=48
    scale=7  nodes=56
    scale=8  nodes=48
    scale=9  nodes=56
    scale=10  nodes=48
    scale=11  nodes=56
    scale=12  nodes=48
    scale=13  nodes=56
    scale=14  nodes=32

Number of Atoms =  1
[['Ne', 10, 0.1, 0.2, 0.3, 54, 54]]
Using derivative  ABGV
Hartree-Fock 1e D2
Classic-like energies: cke = 50.29262725666523 cpe = -100.26286290296835 cke + cpe = -49.970235646303124
mu = 9.997023121540044
Error = 0.0006617919144331053
Delta E 50.03689811939202
Energy -50.03689811939202 0
Converged?  0.0006617919144331053  >  0.001   ----   50.03689811939202  >  1e-05   ----  iteration 0
Classic-like energies: cke = 50.38125769202899 cpe = -100.38132293895863 cke + cpe = -50.000065246929644
mu = 10.000006524690836
Error = 0.0004945020218238147
Delta E 0.02990931880005121
Energy -50.06680743819207 -50.03689811939202
Converged?  0.0004945020218238147  >  0.001   ----   0.02990931880005121  >  1e-05   ----  iteration 1
Classic-like energies: cke = 50.45723180146203 cpe = -100.45740980211367 cke + cpe = -50.000178000651644
mu = 10.000017800049323
Error = 0.000272727467760491
Delta E 0.00011305514213688639
Energy -50.06692049333421 -50.06680743819207
Converged?  0.000272727467760491  >  0.001   ----   0.00011305514213688639  >  1e-05   ----  iteration 2
Classic-like energies: cke = 50.495836847755115 cpe = -100.49603823494567 cke + cpe = -50.00020138719056
mu = 10.000020138698778
Error = 0.00014607461510960043
Delta E 2.3449056818947156e-05
Energy -50.06694394239103 -50.06692049333421
Converged?  0.00014607461510960043  >  0.001   ----   2.3449056818947156e-05  >  1e-05   ----  iteration 3
Classic-like energies: cke = 50.51538229127368 cpe = -100.5155890923743 cke + cpe = -50.00020680110062
mu = 10.000020680088678
Error = 7.68264075427867e-05
Delta E 5.428383410333026e-06
Energy -50.06694937077444 -50.06694394239103
Converged?  7.68264075427867e-05  >  0.001   ----   5.428383410333026e-06  >  1e-05   ----  iteration 4
Classic-like energies: cke = 50.52525612149139 cpe = -100.52546416134832 cke + cpe = -50.000208039856936
mu = 10.000020803964054
Error = 4.004868322140056e-05
Delta E 1.2420671566815145e-06
Energy -50.066950612841595 -50.06694937077444
Converged?  4.004868322140056e-05  >  0.001   ----   1.2420671566815145e-06  >  1e-05   ----  iteration 5
Classic-like energies: cke = 50.5302399462702 cpe = -100.53044827956525 cke + cpe = -50.00020833329505
mu = 10.000020833307804
Error = 2.10468599038294e-05
Delta E 2.942235113323477e-07
Energy -50.066950907065106 -50.066950612841595
Converged?  2.10468599038294e-05  >  0.001   ----   2.942235113323477e-07  >  1e-05   ----  iteration 6
Classic-like energies: cke = 50.53275396562323, cpe = -100.53296268377818, cke + cpe = -50.00020871815495
Exact Energy = -50.06674201684291
Dirac Energy = -50.067052369733574
Kutze Energy = -50.06695129295213
Error Kutze  = -0.00020927610967191868
Error Dirac  = -0.0003103528906649444
Delta Energy = -3.858870272210879e-07
Dirac - Kutzelnigg = -0.00010107678099302575

PARAMETERS:
molecule    = [['Ne', 10, 0.1, 0.2, 0.3, 54, 54]]
D2          = True
prec        = 4
derivative  = ABGV
box         = 1

-------------------------------
Ne 0 1 4 ABGV 1
-------------------------------
Now executing: python test.py Input_Making/input__Ne014BS.txt
Input file: Input_Making/input__Ne014BS.txt
Output file: outputs/output__Ne014BS.txt
light_speed = 137.03599913900001  # default 137.03599913900001
derivative = "BS"         # possible values: PH, ABGV, BS
order = 7
box = 1
prec = 1.0e-4                 # precision threshold for the MRA operations
thr  = 1.0e-3                  # error threshold for SCF convergence

readPotential    = False        # bool
computePotential = True         # bool 
savePotential    = False         # bool
potential = "fermi_dirac"       # possible values: point_charge coulomb_HFYGB homogeneus_charge_sphere gaussian

readOrbitals     = False        # bool
saveOrbitals     = False         # bool
saveGuess        = False

scf              = True
ktrs             = False
D2               = True         # bool
two_electrons    = False         # bool

runGaunt         = False
runGaugeA        = False
runGaugeB        = False
runGaugeC        = False
runGaugeD        = False
runGaugeDelta    = False

molecule = [ ["Ne", 10, 0.1, 0.2, 0.3, 54, 54] ]

# With the paramenters I got from Robert, the error is (1) higher than
#  what he gets and (2) dominated by the width of the Gaussian
# I get a much better agreement with the ideal value IF the Gaussian
#  size is reduced by one order of magnitude 3e4->3e5 for Ar
# It seems the position of the nucleus is also important: I get bad
#  results from D2 if I move the nucleus
# Higher prec with off centered nucleus is too demanding for my laptop

**************************************
10 [0.1, 0.2, 0.3]
Fermi Dirac potential
Using Half Charge Radius for Ne: 5.0449447293e-05
Integral of the Fermi-Dirac distribution via cartesian 3D integration: 0.7422697847904095
The normalization constant is: 13.472190576669698
Integral of the Fermi-Dirac distribution via 3D integration: 9.999999999999993
3D density

*FunctionTree: nn
  genNodes: 0
  square norm: 7.00266e+13
  root scale: 0
  order: 7
  nodes: 400
  endNodes: 351
  nodes per scale: 
    scale=0  nodes=8
    scale=1  nodes=8
    scale=2  nodes=8
    scale=3  nodes=8
    scale=4  nodes=8
    scale=5  nodes=8
    scale=6  nodes=8
    scale=7  nodes=8
    scale=8  nodes=8
    scale=9  nodes=8
    scale=10  nodes=8
    scale=11  nodes=32
    scale=12  nodes=64
    scale=13  nodes=216

3D potential

*FunctionTree: nn
  genNodes: 0
  square norm: 1485.41
  root scale: 0
  order: 7
  nodes: 720
  endNodes: 631
  nodes per scale: 
    scale=0  nodes=8
    scale=1  nodes=56
    scale=2  nodes=48
    scale=3  nodes=56
    scale=4  nodes=48
    scale=5  nodes=56
    scale=6  nodes=48
    scale=7  nodes=56
    scale=8  nodes=48
    scale=9  nodes=56
    scale=10  nodes=48
    scale=11  nodes=56
    scale=12  nodes=48
    scale=13  nodes=56
    scale=14  nodes=32

Potential

*FunctionTree: nn
  genNodes: 0
  square norm: 1485.41
  root scale: 0
  order: 7
  nodes: 720
  endNodes: 631
  nodes per scale: 
    scale=0  nodes=8
    scale=1  nodes=56
    scale=2  nodes=48
    scale=3  nodes=56
    scale=4  nodes=48
    scale=5  nodes=56
    scale=6  nodes=48
    scale=7  nodes=56
    scale=8  nodes=48
    scale=9  nodes=56
    scale=10  nodes=48
    scale=11  nodes=56
    scale=12  nodes=48
    scale=13  nodes=56
    scale=14  nodes=32

Number of Atoms =  1
[['Ne', 10, 0.1, 0.2, 0.3, 54, 54]]
Using derivative  BS
Hartree-Fock 1e D2
Classic-like energies: cke = 50.29262725666523 cpe = -100.26126413040134 cke + cpe = -49.968636873736116
mu = 9.996863195396456
Error = 0.0006497121862801857
Delta E 50.03529507553102
Energy -50.03529507553102 0
Converged?  0.0006497121862801857  >  0.001   ----   50.03529507553102  >  1e-05   ----  iteration 0
Classic-like energies: cke = 50.37883002781841 cpe = -100.37888219377687 cke + cpe = -50.000052165958465
mu = 10.000005216594486
Error = 0.0004991270283882162
Delta E 0.03149924671978965
Energy -50.06679432225081 -50.03529507553102
Converged?  0.0004991270283882162  >  0.001   ----   0.03149924671978965  >  1e-05   ----  iteration 1
Classic-like energies: cke = 50.45592666928873 cpe = -100.45609117900904 cke + cpe = -50.00016450972031
mu = 10.0000164509585
Error = 0.00027576263103606165
Delta E 0.00011264408651356916
Energy -50.06690696633732 -50.06679432225081
Converged?  0.00027576263103606165  >  0.001   ----   0.00011264408651356916  >  1e-05   ----  iteration 2
Classic-like energies: cke = 50.495136804925494 cpe = -100.49532563139793 cke + cpe = -50.00018882647244
mu = 10.000018882629416
Error = 0.00014790133801699247
Delta E 2.4381758045421975e-05
Energy -50.066931348095366 -50.06690696633732
Converged?  0.00014790133801699247  >  0.001   ----   2.4381758045421975e-05  >  1e-05   ----  iteration 3
Classic-like energies: cke = 50.514990069627906 cpe = -100.51518445052886 cke + cpe = -50.00019438090096
mu = 10.000019438071204
Error = 7.774997038545156e-05
Delta E 5.56927702888288e-06
Energy -50.066936917372395 -50.066931348095366
Converged?  7.774997038545156e-05  >  0.001   ----   5.56927702888288e-06  >  1e-05   ----  iteration 4
Classic-like energies: cke = 50.52502074154709 cpe = -100.52521643427335 cke + cpe = -50.00019569272626
mu = 10.000019569253478
Error = 4.033203960102582e-05
Delta E 1.3153316800185166e-06
Energy -50.066938232704075 -50.066936917372395
Converged?  4.033203960102582e-05  >  0.001   ----   1.3153316800185166e-06  >  1e-05   ----  iteration 5
Classic-like energies: cke = 50.53008395129264 cpe = -100.53027990825915 cke + cpe = -50.00019595696651
mu = 10.00001959567745
Error = 2.075357195501524e-05
Delta E 2.649456405379169e-07
Energy -50.066938497649716 -50.066938232704075
Converged?  2.075357195501524e-05  >  0.001   ----   2.649456405379169e-07  >  1e-05   ----  iteration 6
Classic-like energies: cke = 50.53263805098004, cpe = -100.53281938977261, cke + cpe = -50.00018133879257
Exact Energy = -50.06674201684291
Dirac Energy = -50.06670359549389
Kutze Energy = -50.0669238403974
Error Kutze  = -0.0001818235541577451
Error Dirac  = 3.842134901788086e-05
Delta Energy = 1.4657252314975722e-05
Dirac - Kutzelnigg = 0.00022024490317562595

PARAMETERS:
molecule    = [['Ne', 10, 0.1, 0.2, 0.3, 54, 54]]
D2          = True
prec        = 4
derivative  = BS
box         = 1

-------------------------------
Ne 0 1 4 BS 1
-------------------------------
Now executing: python test.py Input_Making/input__Ne014PH.txt
Input file: Input_Making/input__Ne014PH.txt
Output file: outputs/output__Ne014PH.txt
light_speed = 137.03599913900001  # default 137.03599913900001
derivative = "PH"         # possible values: PH, ABGV, BS
order = 7
box = 1
prec = 1.0e-4                 # precision threshold for the MRA operations
thr  = 1.0e-3                  # error threshold for SCF convergence

readPotential    = False        # bool
computePotential = True         # bool 
savePotential    = False         # bool
potential = "fermi_dirac"       # possible values: point_charge coulomb_HFYGB homogeneus_charge_sphere gaussian

readOrbitals     = False        # bool
saveOrbitals     = False         # bool
saveGuess        = False

scf              = True
ktrs             = False
D2               = True         # bool
two_electrons    = False         # bool

runGaunt         = False
runGaugeA        = False
runGaugeB        = False
runGaugeC        = False
runGaugeD        = False
runGaugeDelta    = False

molecule = [ ["Ne", 10, 0.1, 0.2, 0.3, 54, 54] ]

# With the paramenters I got from Robert, the error is (1) higher than
#  what he gets and (2) dominated by the width of the Gaussian
# I get a much better agreement with the ideal value IF the Gaussian
#  size is reduced by one order of magnitude 3e4->3e5 for Ar
# It seems the position of the nucleus is also important: I get bad
#  results from D2 if I move the nucleus
# Higher prec with off centered nucleus is too demanding for my laptop

**************************************
10 [0.1, 0.2, 0.3]
Fermi Dirac potential
Using Half Charge Radius for Ne: 5.0449447293e-05
Integral of the Fermi-Dirac distribution via cartesian 3D integration: 0.7422697847904095
The normalization constant is: 13.472190576669698
Integral of the Fermi-Dirac distribution via 3D integration: 9.999999999999993
3D density

*FunctionTree: nn
  genNodes: 0
  square norm: 7.00266e+13
  root scale: 0
  order: 7
  nodes: 400
  endNodes: 351
  nodes per scale: 
    scale=0  nodes=8
    scale=1  nodes=8
    scale=2  nodes=8
    scale=3  nodes=8
    scale=4  nodes=8
    scale=5  nodes=8
    scale=6  nodes=8
    scale=7  nodes=8
    scale=8  nodes=8
    scale=9  nodes=8
    scale=10  nodes=8
    scale=11  nodes=32
    scale=12  nodes=64
    scale=13  nodes=216

3D potential

*FunctionTree: nn
  genNodes: 0
  square norm: 1485.41
  root scale: 0
  order: 7
  nodes: 720
  endNodes: 631
  nodes per scale: 
    scale=0  nodes=8
    scale=1  nodes=56
    scale=2  nodes=48
    scale=3  nodes=56
    scale=4  nodes=48
    scale=5  nodes=56
    scale=6  nodes=48
    scale=7  nodes=56
    scale=8  nodes=48
    scale=9  nodes=56
    scale=10  nodes=48
    scale=11  nodes=56
    scale=12  nodes=48
    scale=13  nodes=56
    scale=14  nodes=32

Potential

*FunctionTree: nn
  genNodes: 0
  square norm: 1485.41
  root scale: 0
  order: 7
  nodes: 720
  endNodes: 631
  nodes per scale: 
    scale=0  nodes=8
    scale=1  nodes=56
    scale=2  nodes=48
    scale=3  nodes=56
    scale=4  nodes=48
    scale=5  nodes=56
    scale=6  nodes=48
    scale=7  nodes=56
    scale=8  nodes=48
    scale=9  nodes=56
    scale=10  nodes=48
    scale=11  nodes=56
    scale=12  nodes=48
    scale=13  nodes=56
    scale=14  nodes=32

Number of Atoms =  1
[['Ne', 10, 0.1, 0.2, 0.3, 54, 54]]
Using derivative  PH
Hartree-Fock 1e D2
Classic-like energies: cke = 50.29262725666523 cpe = -100.26256047584987 cke + cpe = -49.96993321918464
mu = 9.996992869776856
Error = 0.0006595765275314722
Delta E 50.03659488429506
Energy -50.03659488429506 0
Converged?  0.0006595765275314722  >  0.001   ----   50.03659488429506  >  1e-05   ----  iteration 0
Classic-like energies: cke = 50.38080545046073 cpe = -100.38087075583468 cke + cpe = -50.00006530537395
mu = 10.000006530535263
Error = 0.0004953569657176568
Delta E 0.030212612496534064
Energy -50.0668074967916 -50.03659488429506
Converged?  0.0004953569657176568  >  0.001   ----   0.030212612496534064  >  1e-05   ----  iteration 1
Classic-like energies: cke = 50.45698542173733 cpe = -100.45715860449893 cke + cpe = -50.0001731827616
mu = 10.000017318261165
Error = 0.00027324798873364645
Delta E 0.00010816577341188349
Energy -50.06691566256501 -50.0668074967916
Converged?  0.00027324798873364645  >  0.001   ----   0.00010816577341188349  >  1e-05   ----  iteration 2
Classic-like energies: cke = 50.49569605699517 cpe = -100.49589271807 cke + cpe = -50.000196661074824
mu = 10.000019666088145
Error = 0.00014634586768433132
Delta E 2.3541074767763348e-05
Energy -50.06693920363978 -50.06691566256501
Converged?  0.00014634586768433132  >  0.001   ----   2.3541074767763348e-05  >  1e-05   ----  iteration 3
Classic-like energies: cke = 50.51529500112737 cpe = -100.51549711986019 cke + cpe = -50.000202118732815
mu = 10.000020211852856
Error = 7.687316603935485e-05
Delta E 5.4722491285019714e-06
Energy -50.066944675888905 -50.06693920363978
Converged?  7.687316603935485e-05  >  0.001   ----   5.4722491285019714e-06  >  1e-05   ----  iteration 4
Classic-like energies: cke = 50.52519610501115 cpe = -100.5253994646617 cke + cpe = -50.000203359650556
mu = 10.000020335944377
Error = 3.985310906703921e-05
Delta E 1.244235427577678e-06
Energy -50.06694592012433 -50.066944675888905
Converged?  3.985310906703921e-05  >  0.001   ----   1.244235427577678e-06  >  1e-05   ----  iteration 5
Classic-like energies: cke = 50.530193748258114 cpe = -100.53039736558242 cke + cpe = -50.0002036173243
mu = 10.0000203617117
Error = 2.0494476186879913e-05
Delta E 2.5836161654524403e-07
Energy -50.06694617848595 -50.06694592012433
Converged?  2.0494476186879913e-05  >  0.001   ----   2.5836161654524403e-07  >  1e-05   ----  iteration 6
Classic-like energies: cke = 50.53271470910616, cpe = -100.53291231563203, cke + cpe = -50.00019760652587
Exact Energy = -50.06674201684291
Dirac Energy = -50.066793276495446
Kutze Energy = -50.066940151618944
Error Kutze  = -0.00019813477774732746
Error Dirac  = -5.125965253682807e-05
Delta Energy = 6.026867005459735e-06
Dirac - Kutzelnigg = 0.0001468751252104994

PARAMETERS:
molecule    = [['Ne', 10, 0.1, 0.2, 0.3, 54, 54]]
D2          = True
prec        = 4
derivative  = PH
box         = 1

-------------------------------
Ne 0 1 4 PH 1
-------------------------------
Now executing: python test.py Input_Making/input__Ne015ABGV.txt
Input file: Input_Making/input__Ne015ABGV.txt
Output file: outputs/output__Ne015ABGV.txt
light_speed = 137.03599913900001  # default 137.03599913900001
derivative = "ABGV"         # possible values: PH, ABGV, BS
order = 8
box = 1
prec = 1.0e-5                 # precision threshold for the MRA operations
thr  = 1.0e-4                  # error threshold for SCF convergence

readPotential    = False        # bool
computePotential = True         # bool 
savePotential    = False         # bool
potential = "fermi_dirac"       # possible values: point_charge coulomb_HFYGB homogeneus_charge_sphere gaussian

readOrbitals     = False        # bool
saveOrbitals     = False         # bool
saveGuess        = False

scf              = True
ktrs             = False
D2               = True         # bool
two_electrons    = False         # bool

runGaunt         = False
runGaugeA        = False
runGaugeB        = False
runGaugeC        = False
runGaugeD        = False
runGaugeDelta    = False

molecule = [ ["Ne", 10, 0.1, 0.2, 0.3, 54, 54] ]

# With the paramenters I got from Robert, the error is (1) higher than
#  what he gets and (2) dominated by the width of the Gaussian
# I get a much better agreement with the ideal value IF the Gaussian
#  size is reduced by one order of magnitude 3e4->3e5 for Ar
# It seems the position of the nucleus is also important: I get bad
#  results from D2 if I move the nucleus
# Higher prec with off centered nucleus is too demanding for my laptop

**************************************
10 [0.1, 0.2, 0.3]
Fermi Dirac potential
Using Half Charge Radius for Ne: 5.0449447293e-05
Integral of the Fermi-Dirac distribution via cartesian 3D integration: 0.7422693016632677
The normalization constant is: 13.472199345429114
Integral of the Fermi-Dirac distribution via 3D integration: 10.000000000000007
3D density

*FunctionTree: nn
  genNodes: 0
  square norm: 7.00266e+13
  root scale: 0
  order: 8
  nodes: 400
  endNodes: 351
  nodes per scale: 
    scale=0  nodes=8
    scale=1  nodes=8
    scale=2  nodes=8
    scale=3  nodes=8
    scale=4  nodes=8
    scale=5  nodes=8
    scale=6  nodes=8
    scale=7  nodes=8
    scale=8  nodes=8
    scale=9  nodes=8
    scale=10  nodes=8
    scale=11  nodes=32
    scale=12  nodes=64
    scale=13  nodes=216

3D potential

*FunctionTree: nn
  genNodes: 0
  square norm: 1485.41
  root scale: 0
  order: 8
  nodes: 856
  endNodes: 750
  nodes per scale: 
    scale=0  nodes=8
    scale=1  nodes=64
    scale=2  nodes=64
    scale=3  nodes=56
    scale=4  nodes=64
    scale=5  nodes=56
    scale=6  nodes=64
    scale=7  nodes=56
    scale=8  nodes=64
    scale=9  nodes=56
    scale=10  nodes=64
    scale=11  nodes=56
    scale=12  nodes=64
    scale=13  nodes=56
    scale=14  nodes=64

Potential

*FunctionTree: nn
  genNodes: 0
  square norm: 1485.41
  root scale: 0
  order: 8
  nodes: 856
  endNodes: 750
  nodes per scale: 
    scale=0  nodes=8
    scale=1  nodes=64
    scale=2  nodes=64
    scale=3  nodes=56
    scale=4  nodes=64
    scale=5  nodes=56
    scale=6  nodes=64
    scale=7  nodes=56
    scale=8  nodes=64
    scale=9  nodes=56
    scale=10  nodes=64
    scale=11  nodes=56
    scale=12  nodes=64
    scale=13  nodes=56
    scale=14  nodes=64

Number of Atoms =  1
[['Ne', 10, 0.1, 0.2, 0.3, 54, 54]]
Using derivative  ABGV
Hartree-Fock 1e D2
Classic-like energies: cke = 50.26633171881318 cpe = -100.26435127244532 cke + cpe = -49.99801955363215
mu = 9.999801953402091
Error = 0.0007666504398033123
Delta E 50.064756276352384
Energy -50.064756276352384 0
Converged?  0.0007666504398033123  >  0.0001   ----   50.064756276352384  >  1.0000000000000002e-06   ----  iteration 0
Classic-like energies: cke = 50.397213711644426 cpe = -100.3973152669413 cke + cpe = -50.00010155529688
mu = 10.000010155524532
Error = 0.0004423592692677621
Delta E 0.002087567267871293
Energy -50.066843843620255 -50.064756276352384
Converged?  0.0004423592692677621  >  0.0001   ----   0.002087567267871293  >  1.0000000000000002e-06   ----  iteration 1
Classic-like energies: cke = 50.46630848704744 cpe = -100.46650153476352 cke + cpe = -50.00019304771608
mu = 10.000019304752975
Error = 0.00024514336330002767
Delta E 9.173700256326356e-05
Energy -50.06693558062282 -50.066843843620255
Converged?  0.00024514336330002767  >  0.0001   ----   9.173700256326356e-05  >  1.0000000000000002e-06   ----  iteration 2
Classic-like energies: cke = 50.501406832401614 cpe = -100.50161921868708 cke + cpe = -50.00021238628547
mu = 10.000021238605992
Error = 0.00013172260758936757
Delta E 1.939026599728777e-05
Energy -50.066954970888816 -50.06693558062282
Converged?  0.00013172260758936757  >  0.0001   ----   1.939026599728777e-05  >  1.0000000000000002e-06   ----  iteration 3
Classic-like energies: cke = 50.519180416951066 cpe = -100.51939718364652 cke + cpe = -50.00021676669545
mu = 10.000021676646051
Error = 6.936629257884146e-05
Delta E 4.392120295904078e-06
Energy -50.06695936300911 -50.066954970888816
Converged?  6.936629257884146e-05  >  0.0001   ----   4.392120295904078e-06  >  1.0000000000000002e-06   ----  iteration 4
Classic-like energies: cke = 50.52815943982773 cpe = -100.52837714664722 cke + cpe = -50.000217706819484
mu = 10.00002177065825
Error = 3.601741377132157e-05
Delta E 9.42637726097928e-07
Energy -50.06696030564684 -50.06695936300911
Converged?  3.601741377132157e-05  >  0.0001   ----   9.42637726097928e-07  >  1.0000000000000002e-06   ----  iteration 5
Classic-like energies: cke = 50.53269191306785 cpe = -100.53290977581582 cke + cpe = -50.000217862747974
mu = 10.000021786251065
Error = 1.852934749482108e-05
Delta E 1.563446119234868e-07
Energy -50.06696046199145 -50.06696030564684
Converged?  1.852934749482108e-05  >  0.0001   ----   1.563446119234868e-07  >  1.0000000000000002e-06   ----  iteration 6
Classic-like energies: cke = 50.53497825207634 cpe = -100.535196112294 cke + cpe = -50.00021786021766
mu = 10.000021785998035
Error = 9.478816076005686e-06
Delta E 2.537291265980457e-09
Energy -50.06696045945416 -50.06696046199145
Converged?  9.478816076005686e-06  >  0.0001   ----   2.537291265980457e-09  >  1.0000000000000002e-06   ----  iteration 7
Classic-like energies: cke = 50.536131301339395, cpe = -100.53634914778634, cke + cpe = -50.000217846446944
Exact Energy = -50.06674201684291
Dirac Energy = -50.06669368610528
Kutze Energy = -50.06696044564813
Error Kutze  = -0.00021842880596523173
Error Dirac  = 4.8330737627111375e-05
Delta Energy = 1.3806030096930044e-08
Dirac - Kutzelnigg = 0.0002667595435923431

PARAMETERS:
molecule    = [['Ne', 10, 0.1, 0.2, 0.3, 54, 54]]
D2          = True
prec        = 5
derivative  = ABGV
box         = 1

-------------------------------
Ne 0 1 5 ABGV 1
-------------------------------
Now executing: python test.py Input_Making/input__Ne015BS.txt
Input file: Input_Making/input__Ne015BS.txt
Output file: outputs/output__Ne015BS.txt
light_speed = 137.03599913900001  # default 137.03599913900001
derivative = "BS"         # possible values: PH, ABGV, BS
order = 8
box = 1
prec = 1.0e-5                 # precision threshold for the MRA operations
thr  = 1.0e-4                  # error threshold for SCF convergence

readPotential    = False        # bool
computePotential = True         # bool 
savePotential    = False         # bool
potential = "fermi_dirac"       # possible values: point_charge coulomb_HFYGB homogeneus_charge_sphere gaussian

readOrbitals     = False        # bool
saveOrbitals     = False         # bool
saveGuess        = False

scf              = True
ktrs             = False
D2               = True         # bool
two_electrons    = False         # bool

runGaunt         = False
runGaugeA        = False
runGaugeB        = False
runGaugeC        = False
runGaugeD        = False
runGaugeDelta    = False

molecule = [ ["Ne", 10, 0.1, 0.2, 0.3, 54, 54] ]

# With the paramenters I got from Robert, the error is (1) higher than
#  what he gets and (2) dominated by the width of the Gaussian
# I get a much better agreement with the ideal value IF the Gaussian
#  size is reduced by one order of magnitude 3e4->3e5 for Ar
# It seems the position of the nucleus is also important: I get bad
#  results from D2 if I move the nucleus
# Higher prec with off centered nucleus is too demanding for my laptop

**************************************
10 [0.1, 0.2, 0.3]
Fermi Dirac potential
Using Half Charge Radius for Ne: 5.0449447293e-05
Integral of the Fermi-Dirac distribution via cartesian 3D integration: 0.7422693016632677
The normalization constant is: 13.472199345429114
Integral of the Fermi-Dirac distribution via 3D integration: 10.000000000000007
3D density

*FunctionTree: nn
  genNodes: 0
  square norm: 7.00266e+13
  root scale: 0
  order: 8
  nodes: 400
  endNodes: 351
  nodes per scale: 
    scale=0  nodes=8
    scale=1  nodes=8
    scale=2  nodes=8
    scale=3  nodes=8
    scale=4  nodes=8
    scale=5  nodes=8
    scale=6  nodes=8
    scale=7  nodes=8
    scale=8  nodes=8
    scale=9  nodes=8
    scale=10  nodes=8
    scale=11  nodes=32
    scale=12  nodes=64
    scale=13  nodes=216

3D potential

*FunctionTree: nn
  genNodes: 0
  square norm: 1485.41
  root scale: 0
  order: 8
  nodes: 856
  endNodes: 750
  nodes per scale: 
    scale=0  nodes=8
    scale=1  nodes=64
    scale=2  nodes=64
    scale=3  nodes=56
    scale=4  nodes=64
    scale=5  nodes=56
    scale=6  nodes=64
    scale=7  nodes=56
    scale=8  nodes=64
    scale=9  nodes=56
    scale=10  nodes=64
    scale=11  nodes=56
    scale=12  nodes=64
    scale=13  nodes=56
    scale=14  nodes=64

Potential

*FunctionTree: nn
  genNodes: 0
  square norm: 1485.41
  root scale: 0
  order: 8
  nodes: 856
  endNodes: 750
  nodes per scale: 
    scale=0  nodes=8
    scale=1  nodes=64
    scale=2  nodes=64
    scale=3  nodes=56
    scale=4  nodes=64
    scale=5  nodes=56
    scale=6  nodes=64
    scale=7  nodes=56
    scale=8  nodes=64
    scale=9  nodes=56
    scale=10  nodes=64
    scale=11  nodes=56
    scale=12  nodes=64
    scale=13  nodes=56
    scale=14  nodes=64

Number of Atoms =  1
[['Ne', 10, 0.1, 0.2, 0.3, 54, 54]]
Using derivative  BS
Hartree-Fock 1e D2
Classic-like energies: cke = 50.26633171881318 cpe = -100.26426665589558 cke + cpe = -49.997934937082405
mu = 9.999793491575954
Error = 0.0007660210930303039
Delta E 50.0646714336094
Energy -50.0646714336094 0
Converged?  0.0007660210930303039  >  0.0001   ----   50.0646714336094  >  1.0000000000000002e-06   ----  iteration 0
Classic-like energies: cke = 50.39708354700283 cpe = -100.39718402706745 cke + cpe = -50.000100480064624
mu = 10.000010048001414
Error = 0.00044260067691006167
Delta E 0.002171331904349927
Energy -50.06684276551375 -50.0646714336094
Converged?  0.00044260067691006167  >  0.0001   ----   0.002171331904349927  >  1.0000000000000002e-06   ----  iteration 1
Classic-like energies: cke = 50.466236982252454 cpe = -100.466428962108 cke + cpe = -50.00019197985554
mu = 10.000019197967127
Error = 0.00024529774796622656
Delta E 9.17443934369544e-05
Energy -50.066934509907185 -50.06684276551375
Converged?  0.00024529774796622656  >  0.0001   ----   9.17443934369544e-05  >  1.0000000000000002e-06   ----  iteration 2
Classic-like energies: cke = 50.501367933818 cpe = -100.50157929315588 cke + cpe = -50.00021135933788
mu = 10.000021135911451
Error = 0.00013181998564584956
Delta E 1.943129004189359e-05
Energy -50.06695394119723 -50.066934509907185
Converged?  0.00013181998564584956  >  0.0001   ----   1.943129004189359e-05  >  1.0000000000000002e-06   ----  iteration 3
Classic-like energies: cke = 50.519157979504165 cpe = -100.51937372100365 cke + cpe = -50.00021574149948
mu = 10.000021574126675
Error = 6.941999417927835e-05
Delta E 4.39387575568162e-06
Energy -50.06695833507298 -50.06695394119723
Converged?  6.941999417927835e-05  >  0.0001   ----   4.39387575568162e-06  >  1.0000000000000002e-06   ----  iteration 4
Classic-like energies: cke = 50.52814542770385 cpe = -100.52836211023155 cke + cpe = -50.00021668252771
mu = 10.000021668229294
Error = 3.604427187643406e-05
Delta E 9.435425596393543e-07
Energy -50.06695927861554 -50.06695833507298
Converged?  3.604427187643406e-05  >  0.0001   ----   9.435425596393543e-07  >  1.0000000000000002e-06   ----  iteration 5
Classic-like energies: cke = 50.53268215535999 cpe = -100.53289899397281 cke + cpe = -50.000216838612815
mu = 10.000021683837772
Error = 1.8538534637722302e-05
Delta E 1.565030629535613e-07
Energy -50.066959435118605 -50.06695927861554
Converged?  1.8538534637722302e-05  >  0.0001   ----   1.565030629535613e-07  >  1.0000000000000002e-06   ----  iteration 6
Classic-like energies: cke = 50.53497064565539 cpe = -100.53518748143124 cke + cpe = -50.000216835775845
mu = 10.000021683554076
Error = 9.47328689599424e-06
Delta E 2.8437625587685034e-09
Energy -50.06695943227484 -50.066959435118605
Converged?  9.47328689599424e-06  >  0.0001   ----   2.8437625587685034e-09  >  1.0000000000000002e-06   ----  iteration 7
Classic-like energies: cke = 50.53612477956473, cpe = -100.53634051659944, cke + cpe = -50.00021573703471
Exact Energy = -50.06674201684291
Dirac Energy = -50.066680930071016
Kutze Energy = -50.06695833059467
Error Kutze  = -0.00021631375057040714
Error Dirac  = 6.108677189331502e-05
Delta Energy = 1.1016801693131129e-06
Dirac - Kutzelnigg = 0.00027740052246372215

PARAMETERS:
molecule    = [['Ne', 10, 0.1, 0.2, 0.3, 54, 54]]
D2          = True
prec        = 5
derivative  = BS
box         = 1

-------------------------------
Ne 0 1 5 BS 1
-------------------------------
Now executing: python test.py Input_Making/input__Ne015PH.txt
Input file: Input_Making/input__Ne015PH.txt
Output file: outputs/output__Ne015PH.txt
light_speed = 137.03599913900001  # default 137.03599913900001
derivative = "PH"         # possible values: PH, ABGV, BS
order = 8
box = 1
prec = 1.0e-5                 # precision threshold for the MRA operations
thr  = 1.0e-4                  # error threshold for SCF convergence

readPotential    = False        # bool
computePotential = True         # bool 
savePotential    = False         # bool
potential = "fermi_dirac"       # possible values: point_charge coulomb_HFYGB homogeneus_charge_sphere gaussian

readOrbitals     = False        # bool
saveOrbitals     = False         # bool
saveGuess        = False

scf              = True
ktrs             = False
D2               = True         # bool
two_electrons    = False         # bool

runGaunt         = False
runGaugeA        = False
runGaugeB        = False
runGaugeC        = False
runGaugeD        = False
runGaugeDelta    = False

molecule = [ ["Ne", 10, 0.1, 0.2, 0.3, 54, 54] ]

# With the paramenters I got from Robert, the error is (1) higher than
#  what he gets and (2) dominated by the width of the Gaussian
# I get a much better agreement with the ideal value IF the Gaussian
#  size is reduced by one order of magnitude 3e4->3e5 for Ar
# It seems the position of the nucleus is also important: I get bad
#  results from D2 if I move the nucleus
# Higher prec with off centered nucleus is too demanding for my laptop

**************************************
10 [0.1, 0.2, 0.3]
Fermi Dirac potential
Using Half Charge Radius for Ne: 5.0449447293e-05
Integral of the Fermi-Dirac distribution via cartesian 3D integration: 0.7422693016632677
The normalization constant is: 13.472199345429114
Integral of the Fermi-Dirac distribution via 3D integration: 10.000000000000007
3D density

*FunctionTree: nn
  genNodes: 0
  square norm: 7.00266e+13
  root scale: 0
  order: 8
  nodes: 400
  endNodes: 351
  nodes per scale: 
    scale=0  nodes=8
    scale=1  nodes=8
    scale=2  nodes=8
    scale=3  nodes=8
    scale=4  nodes=8
    scale=5  nodes=8
    scale=6  nodes=8
    scale=7  nodes=8
    scale=8  nodes=8
    scale=9  nodes=8
    scale=10  nodes=8
    scale=11  nodes=32
    scale=12  nodes=64
    scale=13  nodes=216

3D potential

*FunctionTree: nn
  genNodes: 0
  square norm: 1485.41
  root scale: 0
  order: 8
  nodes: 856
  endNodes: 750
  nodes per scale: 
    scale=0  nodes=8
    scale=1  nodes=64
    scale=2  nodes=64
    scale=3  nodes=56
    scale=4  nodes=64
    scale=5  nodes=56
    scale=6  nodes=64
    scale=7  nodes=56
    scale=8  nodes=64
    scale=9  nodes=56
    scale=10  nodes=64
    scale=11  nodes=56
    scale=12  nodes=64
    scale=13  nodes=56
    scale=14  nodes=64

Potential

*FunctionTree: nn
  genNodes: 0
  square norm: 1485.41
  root scale: 0
  order: 8
  nodes: 856
  endNodes: 750
  nodes per scale: 
    scale=0  nodes=8
    scale=1  nodes=64
    scale=2  nodes=64
    scale=3  nodes=56
    scale=4  nodes=64
    scale=5  nodes=56
    scale=6  nodes=64
    scale=7  nodes=56
    scale=8  nodes=64
    scale=9  nodes=56
    scale=10  nodes=64
    scale=11  nodes=56
    scale=12  nodes=64
    scale=13  nodes=56
    scale=14  nodes=64

Number of Atoms =  1
[['Ne', 10, 0.1, 0.2, 0.3, 54, 54]]
Using derivative  PH
Hartree-Fock 1e D2
Classic-like energies: cke = 50.26633171881318 cpe = -100.26442176831497 cke + cpe = -49.9980900495018
mu = 9.99980900312619
Error = 0.0007672608575115341
Delta E 50.06482696066764
Energy -50.06482696066764 0
Converged?  0.0007672608575115341  >  0.0001   ----   50.06482696066764  >  1.0000000000000002e-06   ----  iteration 0
Classic-like energies: cke = 50.397321463421626 cpe = -100.39742321356603 cke + cpe = -50.0001017501444
mu = 10.000010175009264
Error = 0.00044214590296660347
Delta E 0.002017078321884469
Energy -50.06684403898952 -50.06482696066764
Converged?  0.00044214590296660347  >  0.0001   ----   0.002017078321884469  >  1.0000000000000002e-06   ----  iteration 1
Classic-like energies: cke = 50.46636506518087 cpe = -100.46655754952083 cke + cpe = -50.00019248433996
mu = 10.000019248415471
Error = 0.0002449997047261295
Delta E 9.097675159353003e-05
Energy -50.066935015741116 -50.06684403898952
Converged?  0.0002449997047261295  >  0.0001   ----   9.097675159353003e-05  >  1.0000000000000002e-06   ----  iteration 2
Classic-like energies: cke = 50.50143417165772 cpe = -100.50164594370563 cke + cpe = -50.000211772047905
mu = 10.000021177182367
Error = 0.00013163115074387737
Delta E 1.933926792219154e-05
Energy -50.06695435500904 -50.066935015741116
Converged?  0.00013163115074387737  >  0.0001   ----   1.933926792219154e-05  >  1.0000000000000002e-06   ----  iteration 3
Classic-like energies: cke = 50.51919285350304 cpe = -100.51940899394614 cke + cpe = -50.0002161404431
mu = 10.000021614020952
Error = 6.931348659742165e-05
Delta E 4.380073903575976e-06
Energy -50.06695873508294 -50.06695435500904
Converged?  6.931348659742165e-05  >  0.0001   ----   4.380073903575976e-06  >  1.0000000000000002e-06   ----  iteration 4
Classic-like energies: cke = 50.52816424428656 cpe = -100.52838132198036 cke + cpe = -50.000217077693804
mu = 10.00002170774582
Error = 3.598646400833793e-05
Delta E 9.397564255664292e-07
Energy -50.06695967483937 -50.06695873508294
Converged?  3.598646400833793e-05  >  0.0001   ----   9.397564255664292e-07  >  1.0000000000000002e-06   ----  iteration 5
Classic-like energies: cke = 50.532692852676135 cpe = -100.53291008583439 cke + cpe = -50.00021723315825
mu = 10.00002172329223
Error = 1.8508533472434067e-05
Delta E 1.5587968960062426e-07
Energy -50.06695983071906 -50.06695967483937
Converged?  1.8508533472434067e-05  >  0.0001   ----   1.5587968960062426e-07  >  1.0000000000000002e-06   ----  iteration 6
Classic-like energies: cke = 50.53497723679972 cpe = -100.53519446729986 cke + cpe = -50.00021723050014
mu = 10.00002172302642
Error = 9.458923608988825e-06
Delta E 2.6644642048267997e-09
Energy -50.06695982805459 -50.06695983071906
Converged?  9.458923608988825e-06  >  0.0001   ----   2.6644642048267997e-09  >  1.0000000000000002e-06   ----  iteration 7
Classic-like energies: cke = 50.536129298923, cpe = -100.5363458334672, cke + cpe = -50.000216534544194
Exact Energy = -50.06674201684291
Dirac Energy = -50.066690608906356
Kutze Energy = -50.06695913023723
Error Kutze  = -0.00021711339286412112
Error Dirac  = 5.140793655300513e-05
Delta Energy = 6.978173630045603e-07
Dirac - Kutzelnigg = 0.00026852132941712625

PARAMETERS:
molecule    = [['Ne', 10, 0.1, 0.2, 0.3, 54, 54]]
D2          = True
prec        = 5
derivative  = PH
box         = 1

-------------------------------
Ne 0 1 5 PH 1
-------------------------------
Now executing: python test.py Input_Making/input__Ne016ABGV.txt
Input file: Input_Making/input__Ne016ABGV.txt
Output file: outputs/output__Ne016ABGV.txt
light_speed = 137.03599913900001  # default 137.03599913900001
derivative = "ABGV"         # possible values: PH, ABGV, BS
order = 9
box = 1
prec = 1.0e-6                 # precision threshold for the MRA operations
thr  = 1.0e-5                  # error threshold for SCF convergence

readPotential    = False        # bool
computePotential = True         # bool 
savePotential    = False         # bool
potential = "fermi_dirac"       # possible values: point_charge coulomb_HFYGB homogeneus_charge_sphere gaussian

readOrbitals     = False        # bool
saveOrbitals     = False         # bool
saveGuess        = False

scf              = True
ktrs             = False
D2               = True         # bool
two_electrons    = False         # bool

runGaunt         = False
runGaugeA        = False
runGaugeB        = False
runGaugeC        = False
runGaugeD        = False
runGaugeDelta    = False

molecule = [ ["Ne", 10, 0.1, 0.2, 0.3, 54, 54] ]

# With the paramenters I got from Robert, the error is (1) higher than
#  what he gets and (2) dominated by the width of the Gaussian
# I get a much better agreement with the ideal value IF the Gaussian
#  size is reduced by one order of magnitude 3e4->3e5 for Ar
# It seems the position of the nucleus is also important: I get bad
#  results from D2 if I move the nucleus
# Higher prec with off centered nucleus is too demanding for my laptop

**************************************
10 [0.1, 0.2, 0.3]
Fermi Dirac potential
Using Half Charge Radius for Ne: 5.0449447293e-05
Integral of the Fermi-Dirac distribution via cartesian 3D integration: 0.7422693793598821
The normalization constant is: 13.472197935234503
Integral of the Fermi-Dirac distribution via 3D integration: 10.00000000000001
3D density

*FunctionTree: nn
  genNodes: 0
  square norm: 7.00266e+13
  root scale: 0
  order: 9
  nodes: 192
  endNodes: 169
  nodes per scale: 
    scale=0  nodes=8
    scale=1  nodes=8
    scale=2  nodes=8
    scale=3  nodes=8
    scale=4  nodes=8
    scale=5  nodes=8
    scale=6  nodes=8
    scale=7  nodes=8
    scale=8  nodes=8
    scale=9  nodes=8
    scale=10  nodes=8
    scale=11  nodes=32
    scale=12  nodes=64
    scale=13  nodes=8

3D potential

*FunctionTree: nn
  genNodes: 0
  square norm: 1485.41
  root scale: 0
  order: 9
  nodes: 1248
  endNodes: 1093
  nodes per scale: 
    scale=0  nodes=8
    scale=1  nodes=64
    scale=2  nodes=88
    scale=3  nodes=88
    scale=4  nodes=88
    scale=5  nodes=88
    scale=6  nodes=88
    scale=7  nodes=88
    scale=8  nodes=88
    scale=9  nodes=88
    scale=10  nodes=88
    scale=11  nodes=88
    scale=12  nodes=88
    scale=13  nodes=88
    scale=14  nodes=88
    scale=15  nodes=32

Potential

*FunctionTree: nn
  genNodes: 0
  square norm: 1485.41
  root scale: 0
  order: 9
  nodes: 1248
  endNodes: 1093
  nodes per scale: 
    scale=0  nodes=8
    scale=1  nodes=64
    scale=2  nodes=88
    scale=3  nodes=88
    scale=4  nodes=88
    scale=5  nodes=88
    scale=6  nodes=88
    scale=7  nodes=88
    scale=8  nodes=88
    scale=9  nodes=88
    scale=10  nodes=88
    scale=11  nodes=88
    scale=12  nodes=88
    scale=13  nodes=88
    scale=14  nodes=88
    scale=15  nodes=32

Number of Atoms =  1
[['Ne', 10, 0.1, 0.2, 0.3, 54, 54]]
Using derivative  ABGV
Hartree-Fock 1e D2
Classic-like energies: cke = 50.266468441199116 cpe = -100.26495196769304 cke + cpe = -49.99848352649392
mu = 9.999848351499528
Error = 0.0007687271453420658
Delta E 50.06522148948566
Energy -50.06522148948566 0
Converged?  0.0007687271453420658  >  9.999999999999999e-06   ----   50.06522148948566  >  1e-07   ----  iteration 0
Classic-like energies: cke = 50.397589429247304 cpe = -100.39775003742717 cke + cpe = -50.00016060817987
mu = 10.00001606080509
Error = 0.0004411099053768526
Delta E 0.0016815648817569695
Energy -50.066903054367415 -50.06522148948566
Converged?  0.0004411099053768526  >  9.999999999999999e-06   ----   0.0016815648817569695  >  1e-07   ----  iteration 1
Classic-like energies: cke = 50.46646313704494 cpe = -100.46671413983235 cke + cpe = -50.00025100278741
mu = 10.000025100247239
Error = 0.0002444225388766479
Delta E 9.063625641658746e-05
Energy -50.06699369062383 -50.066903054367415
Converged?  0.0002444225388766479  >  9.999999999999999e-06   ----   9.063625641658746e-05  >  1e-07   ----  iteration 2
Classic-like energies: cke = 50.50143817386988 cpe = -100.50170842908803 cke + cpe = -50.00027025521815
mu = 10.000027025485297
Error = 0.0001312994817340021
Delta E 1.9303898056932667e-05
Energy -50.06701299452189 -50.06699369062383
Converged?  0.0001312994817340021  >  9.999999999999999e-06   ----   1.9303898056932667e-05  >  1e-07   ----  iteration 3
Classic-like energies: cke = 50.519149692414494 cpe = -100.51942431904378 cke + cpe = -50.000274626629285
mu = 10.00002746262522
Error = 6.913665444086254e-05
Delta E 4.383096964488686e-06
Energy -50.06701737761885 -50.06701299452189
Converged?  6.913665444086254e-05  >  9.999999999999999e-06   ----   4.383096964488686e-06  >  1e-07   ----  iteration 4
Classic-like energies: cke = 50.52809700509603 cpe = -100.52837257566992 cke + cpe = -50.00027557057389
mu = 10.00002755701942
Error = 3.589336106074468e-05
Delta E 9.464655548185874e-07
Energy -50.06701832408441 -50.06701737761885
Converged?  3.589336106074468e-05  >  9.999999999999999e-06   ----   9.464655548185874e-07  >  1e-07   ----  iteration 5
Classic-like energies: cke = 50.53261348165479 cpe = -100.53288921366439 cke + cpe = -50.0002757320096
mu = 10.000027573162946
Error = 1.8460113374815046e-05
Delta E 1.6186744034030198e-07
Energy -50.06701848595185 -50.06701832408441
Converged?  1.8460113374815046e-05  >  9.999999999999999e-06   ----   1.6186744034030198e-07  >  1e-07   ----  iteration 6
Classic-like energies: cke = 50.53489174313509 cpe = -100.53516747539219 cke + cpe = -50.000275732257094
mu = 10.000027573187696
Error = 9.433483387399125e-06
Delta E 2.501820972611313e-10
Energy -50.06701848620203 -50.06701848595185
Converged?  9.433483387399125e-06  >  9.999999999999999e-06   ----   2.501820972611313e-10  >  1e-07   ----  iteration 7
Classic-like energies: cke = 50.53604072163404, cpe = -100.53631643307972, cke + cpe = -50.00027571144568
Exact Energy = -50.06674201684291
Dirac Energy = -50.06671574919892
Kutze Energy = -50.06701846533454
Error Kutze  = -0.0002764484925137367
Error Dirac  = 2.626764398883097e-05
Delta Energy = 2.086748907004221e-08
Dirac - Kutzelnigg = 0.0003027161365025677

PARAMETERS:
molecule    = [['Ne', 10, 0.1, 0.2, 0.3, 54, 54]]
D2          = True
prec        = 6
derivative  = ABGV
box         = 1

-------------------------------
Ne 0 1 6 ABGV 1
-------------------------------
Now executing: python test.py Input_Making/input__Ne016BS.txt
Input file: Input_Making/input__Ne016BS.txt
Output file: outputs/output__Ne016BS.txt
light_speed = 137.03599913900001  # default 137.03599913900001
derivative = "BS"         # possible values: PH, ABGV, BS
order = 9
box = 1
prec = 1.0e-6                 # precision threshold for the MRA operations
thr  = 1.0e-5                  # error threshold for SCF convergence

readPotential    = False        # bool
computePotential = True         # bool 
savePotential    = False         # bool
potential = "fermi_dirac"       # possible values: point_charge coulomb_HFYGB homogeneus_charge_sphere gaussian

readOrbitals     = False        # bool
saveOrbitals     = False         # bool
saveGuess        = False

scf              = True
ktrs             = False
D2               = True         # bool
two_electrons    = False         # bool

runGaunt         = False
runGaugeA        = False
runGaugeB        = False
runGaugeC        = False
runGaugeD        = False
runGaugeDelta    = False

molecule = [ ["Ne", 10, 0.1, 0.2, 0.3, 54, 54] ]

# With the paramenters I got from Robert, the error is (1) higher than
#  what he gets and (2) dominated by the width of the Gaussian
# I get a much better agreement with the ideal value IF the Gaussian
#  size is reduced by one order of magnitude 3e4->3e5 for Ar
# It seems the position of the nucleus is also important: I get bad
#  results from D2 if I move the nucleus
# Higher prec with off centered nucleus is too demanding for my laptop

**************************************
10 [0.1, 0.2, 0.3]
Fermi Dirac potential
Using Half Charge Radius for Ne: 5.0449447293e-05
Integral of the Fermi-Dirac distribution via cartesian 3D integration: 0.7422693793598821
The normalization constant is: 13.472197935234503
Integral of the Fermi-Dirac distribution via 3D integration: 10.00000000000001
3D density

*FunctionTree: nn
  genNodes: 0
  square norm: 7.00266e+13
  root scale: 0
  order: 9
  nodes: 192
  endNodes: 169
  nodes per scale: 
    scale=0  nodes=8
    scale=1  nodes=8
    scale=2  nodes=8
    scale=3  nodes=8
    scale=4  nodes=8
    scale=5  nodes=8
    scale=6  nodes=8
    scale=7  nodes=8
    scale=8  nodes=8
    scale=9  nodes=8
    scale=10  nodes=8
    scale=11  nodes=32
    scale=12  nodes=64
    scale=13  nodes=8

3D potential

*FunctionTree: nn
  genNodes: 0
  square norm: 1485.41
  root scale: 0
  order: 9
  nodes: 1248
  endNodes: 1093
  nodes per scale: 
    scale=0  nodes=8
    scale=1  nodes=64
    scale=2  nodes=88
    scale=3  nodes=88
    scale=4  nodes=88
    scale=5  nodes=88
    scale=6  nodes=88
    scale=7  nodes=88
    scale=8  nodes=88
    scale=9  nodes=88
    scale=10  nodes=88
    scale=11  nodes=88
    scale=12  nodes=88
    scale=13  nodes=88
    scale=14  nodes=88
    scale=15  nodes=32

Potential

*FunctionTree: nn
  genNodes: 0
  square norm: 1485.41
  root scale: 0
  order: 9
  nodes: 1248
  endNodes: 1093
  nodes per scale: 
    scale=0  nodes=8
    scale=1  nodes=64
    scale=2  nodes=88
    scale=3  nodes=88
    scale=4  nodes=88
    scale=5  nodes=88
    scale=6  nodes=88
    scale=7  nodes=88
    scale=8  nodes=88
    scale=9  nodes=88
    scale=10  nodes=88
    scale=11  nodes=88
    scale=12  nodes=88
    scale=13  nodes=88
    scale=14  nodes=88
    scale=15  nodes=32

Number of Atoms =  1
[['Ne', 10, 0.1, 0.2, 0.3, 54, 54]]
Using derivative  BS
Hartree-Fock 1e D2
Classic-like energies: cke = 50.266468441199116 cpe = -100.26509295450082 cke + cpe = -49.9986245133017
mu = 9.999862450384175
Error = 0.00076989212127339
Delta E 50.065362853175024
Energy -50.065362853175024 0
Converged?  0.00076989212127339  >  9.999999999999999e-06   ----   50.065362853175024  >  1e-07   ----  iteration 0
Classic-like energies: cke = 50.39780338257586 cpe = -100.39796460843414 cke + cpe = -50.00016122585828
mu = 10.00001612257283
Error = 0.000440689448659707
Delta E 0.0015408205226279392
Energy -50.06690367369765 -50.065362853175024
Converged?  0.000440689448659707  >  9.999999999999999e-06   ----   0.0015408205226279392  >  1e-07   ----  iteration 1
Classic-like energies: cke = 50.46657523176925 cpe = -100.46682626893656 cke + cpe = -50.00025103716731
mu = 10.000025103685221
Error = 0.00024413977393095102
Delta E 9.005139747131352e-05
Energy -50.066993725095124 -50.06690367369765
Converged?  0.00024413977393095102  >  9.999999999999999e-06   ----   9.005139747131352e-05  >  1e-07   ----  iteration 2
Classic-like energies: cke = 50.50149505864202 cpe = -100.50176527518255 cke + cpe = -50.00027021654053
mu = 10.000027021617544
Error = 0.0001311259223551073
Delta E 1.9230643957257598e-05
Energy -50.06701295573908 -50.066993725095124
Converged?  0.0001311259223551073  >  9.999999999999999e-06   ----   1.9230643957257598e-05  >  1e-07   ----  iteration 3
Classic-like energies: cke = 50.51917845201709 cpe = -100.51945302322319 cke + cpe = -50.000274571206106
mu = 10.000027457082917
Error = 6.903901410649202e-05
Delta E 4.366307486236565e-06
Energy -50.06701732204657 -50.06701295573908
Converged?  6.903901410649202e-05  >  9.999999999999999e-06   ----   4.366307486236565e-06  >  1e-07   ----  iteration 4
Classic-like energies: cke = 50.52811143698684 cpe = -100.52838694847763 cke + cpe = -50.00027551149079
mu = 10.000027551111126
Error = 3.584014862468651e-05
Delta E 9.427982590182182e-07
Energy -50.067018264844826 -50.06701732204657
Converged?  3.584014862468651e-05  >  9.999999999999999e-06   ----   9.427982590182182e-07  >  1e-07   ----  iteration 5
Classic-like energies: cke = 50.53262066534758 cpe = -100.53289633743822 cke + cpe = -50.00027567209064
mu = 10.000027567171067
Error = 1.8431321937097637e-05
Delta E 1.6102932676176351e-07
Energy -50.06701842587415 -50.067018264844826
Converged?  1.8431321937097637e-05  >  9.999999999999999e-06   ----   1.6102932676176351e-07  >  1e-07   ----  iteration 6
Classic-like energies: cke = 50.534895263823955 cpe = -100.53517093599926 cke + cpe = -50.000275672175306
mu = 10.000027567179533
Error = 9.417067784702122e-06
Delta E 8.547829111194005e-11
Energy -50.06701842595963 -50.06701842587415
Converged?  9.417067784702122e-06  >  9.999999999999999e-06   ----   8.547829111194005e-11  >  1e-07   ----  iteration 7
Classic-like energies: cke = 50.5360423935918, cpe = -100.53631798492175, cke + cpe = -50.00027559132995
Exact Energy = -50.06674201684291
Dirac Energy = -50.066688539867755
Kutze Energy = -50.06701834489769
Error Kutze  = -0.00027632805358734913
Error Dirac  = 5.347697515389882e-05
Delta Energy = 8.106194115953258e-08
Dirac - Kutzelnigg = 0.00032980502874124795

PARAMETERS:
molecule    = [['Ne', 10, 0.1, 0.2, 0.3, 54, 54]]
D2          = True
prec        = 6
derivative  = BS
box         = 1

-------------------------------
Ne 0 1 6 BS 1
-------------------------------
Now executing: python test.py Input_Making/input__Ne016PH.txt
Input file: Input_Making/input__Ne016PH.txt
Output file: outputs/output__Ne016PH.txt
light_speed = 137.03599913900001  # default 137.03599913900001
derivative = "PH"         # possible values: PH, ABGV, BS
order = 9
box = 1
prec = 1.0e-6                 # precision threshold for the MRA operations
thr  = 1.0e-5                  # error threshold for SCF convergence

readPotential    = False        # bool
computePotential = True         # bool 
savePotential    = False         # bool
potential = "fermi_dirac"       # possible values: point_charge coulomb_HFYGB homogeneus_charge_sphere gaussian

readOrbitals     = False        # bool
saveOrbitals     = False         # bool
saveGuess        = False

scf              = True
ktrs             = False
D2               = True         # bool
two_electrons    = False         # bool

runGaunt         = False
runGaugeA        = False
runGaugeB        = False
runGaugeC        = False
runGaugeD        = False
runGaugeDelta    = False

molecule = [ ["Ne", 10, 0.1, 0.2, 0.3, 54, 54] ]

# With the paramenters I got from Robert, the error is (1) higher than
#  what he gets and (2) dominated by the width of the Gaussian
# I get a much better agreement with the ideal value IF the Gaussian
#  size is reduced by one order of magnitude 3e4->3e5 for Ar
# It seems the position of the nucleus is also important: I get bad
#  results from D2 if I move the nucleus
# Higher prec with off centered nucleus is too demanding for my laptop

**************************************
10 [0.1, 0.2, 0.3]
Fermi Dirac potential
Using Half Charge Radius for Ne: 5.0449447293e-05
Integral of the Fermi-Dirac distribution via cartesian 3D integration: 0.7422693793598821
The normalization constant is: 13.472197935234503
Integral of the Fermi-Dirac distribution via 3D integration: 10.00000000000001
3D density

*FunctionTree: nn
  genNodes: 0
  square norm: 7.00266e+13
  root scale: 0
  order: 9
  nodes: 192
  endNodes: 169
  nodes per scale: 
    scale=0  nodes=8
    scale=1  nodes=8
    scale=2  nodes=8
    scale=3  nodes=8
    scale=4  nodes=8
    scale=5  nodes=8
    scale=6  nodes=8
    scale=7  nodes=8
    scale=8  nodes=8
    scale=9  nodes=8
    scale=10  nodes=8
    scale=11  nodes=32
    scale=12  nodes=64
    scale=13  nodes=8

3D potential

*FunctionTree: nn
  genNodes: 0
  square norm: 1485.41
  root scale: 0
  order: 9
  nodes: 1248
  endNodes: 1093
  nodes per scale: 
    scale=0  nodes=8
    scale=1  nodes=64
    scale=2  nodes=88
    scale=3  nodes=88
    scale=4  nodes=88
    scale=5  nodes=88
    scale=6  nodes=88
    scale=7  nodes=88
    scale=8  nodes=88
    scale=9  nodes=88
    scale=10  nodes=88
    scale=11  nodes=88
    scale=12  nodes=88
    scale=13  nodes=88
    scale=14  nodes=88
    scale=15  nodes=32

Potential

*FunctionTree: nn
  genNodes: 0
  square norm: 1485.41
  root scale: 0
  order: 9
  nodes: 1248
  endNodes: 1093
  nodes per scale: 
    scale=0  nodes=8
    scale=1  nodes=64
    scale=2  nodes=88
    scale=3  nodes=88
    scale=4  nodes=88
    scale=5  nodes=88
    scale=6  nodes=88
    scale=7  nodes=88
    scale=8  nodes=88
    scale=9  nodes=88
    scale=10  nodes=88
    scale=11  nodes=88
    scale=12  nodes=88
    scale=13  nodes=88
    scale=14  nodes=88
    scale=15  nodes=32

Number of Atoms =  1
[['Ne', 10, 0.1, 0.2, 0.3, 54, 54]]
Using derivative  PH
Hartree-Fock 1e D2
Classic-like energies: cke = 50.266468441199116 cpe = -100.26517776353587 cke + cpe = -49.99870932233676
mu = 9.999870931400741
Error = 0.0007705352972830056
Delta E 50.065447888920936
Energy -50.065447888920936 0
Converged?  0.0007705352972830056  >  9.999999999999999e-06   ----   50.065447888920936  >  1e-07   ----  iteration 0
Classic-like energies: cke = 50.39793360612427 cpe = -100.39809524276316 cke + cpe = -50.00016163663889
mu = 10.000016163650827
Error = 0.00044044029467536067
Delta E 0.0014561966537698368
Energy -50.066904085574706 -50.065447888920936
Converged?  0.00044044029467536067  >  9.999999999999999e-06   ----   0.0014561966537698368  >  1e-07   ----  iteration 1
Classic-like energies: cke = 50.466645145916786 cpe = -100.46689628411956 cke + cpe = -50.00025113820277
mu = 10.000025113788743
Error = 0.00024397947204566795
Delta E 8.97408264677324e-05
Energy -50.06699382640117 -50.066904085574706
Converged?  0.00024397947204566795  >  9.999999999999999e-06   ----   8.97408264677324e-05  >  1e-07   ----  iteration 2
Classic-like energies: cke = 50.50153062666798 cpe = -100.50180089644522 cke + cpe = -50.00027026977724
mu = 10.0000270269412
Error = 0.00013102338997895383
Delta E 1.9182716911814168e-05
Energy -50.067013009118085 -50.06699382640117
Converged?  0.00013102338997895383  >  9.999999999999999e-06   ----   1.9182716911814168e-05  >  1e-07   ----  iteration 3
Classic-like energies: cke = 50.519196626625316 cpe = -100.51947124160581 cke + cpe = -50.0002746149805
mu = 10.000027461460343
Error = 6.898099340823555e-05
Delta E 4.356819225392883e-06
Energy -50.06701736593731 -50.067013009118085
Converged?  6.898099340823555e-05  >  9.999999999999999e-06   ----   4.356819225392883e-06  >  1e-07   ----  iteration 4
Classic-like energies: cke = 50.52812067922773 cpe = -100.528396232163 cke + cpe = -50.00027555293527
mu = 10.000027555255562
Error = 3.580842484867795e-05
Delta E 9.404632024256898e-07
Energy -50.06701830640051 -50.06701736593731
Converged?  3.580842484867795e-05  >  9.999999999999999e-06   ----   9.404632024256898e-07  >  1e-07   ----  iteration 5
Classic-like energies: cke = 50.53262539142267 cpe = -100.5329011045012 cke + cpe = -50.00027571307854
mu = 10.000027571269845
Error = 1.8414564912961885e-05
Delta E 1.605706501095483e-07
Energy -50.06701846697116 -50.06701830640051
Converged?  1.8414564912961885e-05  >  9.999999999999999e-06   ----   1.605706501095483e-07  >  1e-07   ----  iteration 6
Classic-like energies: cke = 50.53489770445815 cpe = -100.53517341751616 cke + cpe = -50.00027571305801
mu = 10.000027571267792
Error = 9.408510857582984e-06
Delta E 2.084732386720134e-11
Energy -50.067018466950316 -50.06701846697116
Converged?  9.408510857582984e-06  >  9.999999999999999e-06   ----   2.084732386720134e-11  >  1e-07   ----  iteration 7
Classic-like energies: cke = 50.53604368091375, cpe = -100.53631932579896, cke + cpe = -50.00027564488521
Exact Energy = -50.06674201684291
Dirac Energy = -50.06673626918928
Kutze Energy = -50.06701839859568
Error Kutze  = -0.0002763817537925206
Error Dirac  = 5.7476536312606186e-06
Delta Energy = 6.83546375057631e-08
Dirac - Kutzelnigg = 0.00028212940742378123

PARAMETERS:
molecule    = [['Ne', 10, 0.1, 0.2, 0.3, 54, 54]]
D2          = True
prec        = 6
derivative  = PH
box         = 1

-------------------------------
Ne 0 1 6 PH 1
-------------------------------
Now executing: python test.py Input_Making/input__Ne017ABGV.txt
Input file: Input_Making/input__Ne017ABGV.txt
Output file: outputs/output__Ne017ABGV.txt
light_speed = 137.03599913900001  # default 137.03599913900001
derivative = "ABGV"         # possible values: PH, ABGV, BS
order = 10
box = 1
prec = 1.0e-7                 # precision threshold for the MRA operations
thr  = 1.0e-6                  # error threshold for SCF convergence

readPotential    = False        # bool
computePotential = True         # bool 
savePotential    = False         # bool
potential = "fermi_dirac"       # possible values: point_charge coulomb_HFYGB homogeneus_charge_sphere gaussian

readOrbitals     = False        # bool
saveOrbitals     = False         # bool
saveGuess        = False

scf              = True
ktrs             = False
D2               = True         # bool
two_electrons    = False         # bool

runGaunt         = False
runGaugeA        = False
runGaugeB        = False
runGaugeC        = False
runGaugeD        = False
runGaugeDelta    = False

molecule = [ ["Ne", 10, 0.1, 0.2, 0.3, 54, 54] ]

# With the paramenters I got from Robert, the error is (1) higher than
#  what he gets and (2) dominated by the width of the Gaussian
# I get a much better agreement with the ideal value IF the Gaussian
#  size is reduced by one order of magnitude 3e4->3e5 for Ar
# It seems the position of the nucleus is also important: I get bad
#  results from D2 if I move the nucleus
# Higher prec with off centered nucleus is too demanding for my laptop

**************************************
10 [0.1, 0.2, 0.3]
Fermi Dirac potential
Using Half Charge Radius for Ne: 5.0449447293e-05
Integral of the Fermi-Dirac distribution via cartesian 3D integration: 0.7422693879577564
The normalization constant is: 13.472197779182986
Integral of the Fermi-Dirac distribution via 3D integration: 10.000000000000034
3D density

*FunctionTree: nn
  genNodes: 0
  square norm: 7.00266e+13
  root scale: 0
  order: 10
  nodes: 216
  endNodes: 190
  nodes per scale: 
    scale=0  nodes=8
    scale=1  nodes=8
    scale=2  nodes=8
    scale=3  nodes=8
    scale=4  nodes=8
    scale=5  nodes=8
    scale=6  nodes=8
    scale=7  nodes=8
    scale=8  nodes=8
    scale=9  nodes=8
    scale=10  nodes=8
    scale=11  nodes=32
    scale=12  nodes=64
    scale=13  nodes=24
    scale=14  nodes=8

3D potential

*FunctionTree: nn
  genNodes: 0
  square norm: 1485.41
  root scale: 0
  order: 10
  nodes: 1520
  endNodes: 1331
  nodes per scale: 
    scale=0  nodes=8
    scale=1  nodes=64
    scale=2  nodes=104
    scale=3  nodes=104
    scale=4  nodes=104
    scale=5  nodes=104
    scale=6  nodes=104
    scale=7  nodes=104
    scale=8  nodes=104
    scale=9  nodes=104
    scale=10  nodes=104
    scale=11  nodes=104
    scale=12  nodes=96
    scale=13  nodes=104
    scale=14  nodes=104
    scale=15  nodes=104

Potential

*FunctionTree: nn
  genNodes: 0
  square norm: 1485.41
  root scale: 0
  order: 10
  nodes: 1520
  endNodes: 1331
  nodes per scale: 
    scale=0  nodes=8
    scale=1  nodes=64
    scale=2  nodes=104
    scale=3  nodes=104
    scale=4  nodes=104
    scale=5  nodes=104
    scale=6  nodes=104
    scale=7  nodes=104
    scale=8  nodes=104
    scale=9  nodes=104
    scale=10  nodes=104
    scale=11  nodes=104
    scale=12  nodes=96
    scale=13  nodes=104
    scale=14  nodes=104
    scale=15  nodes=104

Number of Atoms =  1
[['Ne', 10, 0.1, 0.2, 0.3, 54, 54]]
Using derivative  ABGV
Hartree-Fock 1e D2
Classic-like energies: cke = 50.266029864422435 cpe = -100.26538749700435 cke + cpe = -49.99935763258192
mu = 9.999935763051873
Error = 0.000773474385790585
Delta E 50.06609793222533
Energy -50.06609793222533 0
Converged?  0.000773474385790585  >  1e-06   ----   50.06609793222533  >  1e-08   ----  iteration 0
Classic-like energies: cke = 50.39840463292907 cpe = -100.39856731012962 cke + cpe = -50.00016267720055
mu = 10.000016267706823
Error = 0.00043903147838989545
Delta E 0.0008071966947937881
Energy -50.066905128920126 -50.06609793222533
Converged?  0.00043903147838989545  >  1e-06   ----   0.0008071966947937881  >  1e-08   ----  iteration 1
Classic-like energies: cke = 50.46689259415416 cpe = -100.46714470299516 cke + cpe = -50.000252108840996
mu = 10.00002521085232
Error = 0.00024319948147138242
Delta E 8.967071219956324e-05
Energy -50.066994799632326 -50.066905128920126
Converged?  0.00024319948147138242  >  1e-06   ----   8.967071219956324e-05  >  1e-08   ----  iteration 2
Classic-like energies: cke = 50.501658425871774 cpe = -100.50192950640816 cke + cpe = -50.000271080536386
mu = 10.000027108016896
Error = 0.00013058841835006908
Delta E 1.902241312023989e-05
Energy -50.067013822045446 -50.066994799632326
Converged?  0.00013058841835006908  >  1e-06   ----   1.902241312023989e-05  >  1e-08   ----  iteration 3
Classic-like energies: cke = 50.51926396634374 cpe = -100.51953935901774 cke + cpe = -50.000275392674
mu = 10.00002753922948
Error = 6.87503007362495e-05
Delta E 4.323663496563768e-06
Energy -50.06701814570894 -50.067013822045446
Converged?  6.87503007362495e-05  >  1e-06   ----   4.323663496563768e-06  >  1e-08   ----  iteration 4
Classic-like energies: cke = 50.52815721376131 cpe = -100.52843353659475 cke + cpe = -50.000276322833436
mu = 10.000027632245166
Error = 3.568759908762702e-05
Delta E 9.326470120640806e-07
Energy -50.067019078355955 -50.06701814570894
Converged?  3.568759908762702e-05  >  1e-06   ----   9.326470120640806e-07  >  1e-08   ----  iteration 5
Classic-like energies: cke = 50.53264637287343 cpe = -100.53292285400452 cke + cpe = -50.000276481131095
mu = 10.000027648074889
Error = 1.8352078363795528e-05
Delta E 1.58721370269177e-07
Energy -50.067019237077325 -50.067019078355955
Converged?  1.8352078363795528e-05  >  1e-06   ----   1.58721370269177e-07  >  1e-08   ----  iteration 6
Classic-like energies: cke = 50.534910828854876 cpe = -100.53518730957566 cke + cpe = -50.000276480720785
mu = 10.000027648033857
Error = 9.37627891069038e-06
Delta E 4.128040131945454e-10
Energy -50.06701923666452 -50.067019237077325
Converged?  9.37627891069038e-06  >  1e-06   ----   4.128040131945454e-10  >  1e-08   ----  iteration 7
Classic-like energies: cke = 50.53605284223373 cpe = -100.5363293020911 cke + cpe = -50.000276459857375
mu = 10.000027645947522
Error = 4.769699472675468e-06
Delta E 2.0917532594921795e-08
Energy -50.06701921574699 -50.06701923666452
Converged?  4.769699472675468e-06  >  1e-06   ----   2.0917532594921795e-08  >  1e-08   ----  iteration 8
Classic-like energies: cke = 50.536628624428275 cpe = -100.53690506815754 cke + cpe = -50.00027644372926
mu = 10.000027644334716
Error = 2.419177497670764e-06
Delta E 1.6172357675259263e-08
Energy -50.06701919957463 -50.06701921574699
Converged?  2.419177497670764e-06  >  1e-06   ----   1.6172357675259263e-08  >  1e-08   ----  iteration 9
Classic-like energies: cke = 50.536918911433425 cpe = -100.53719534561777 cke + cpe = -50.00027643418435
mu = 10.000027643380227
Error = 1.224794849727884e-06
Delta E 9.569568248934957e-09
Energy -50.06701919000506 -50.06701919957463
Converged?  1.224794849727884e-06  >  1e-06   ----   9.569568248934957e-09  >  1e-08   ----  iteration 10
Classic-like energies: cke = 50.5370652416559 cpe = -100.53734167059574 cke + cpe = -50.000276428939834
mu = 10.000027642855777
Error = 3.098565380377712e-07
Delta E 5.258044666334172e-09
Energy -50.06701918474702 -50.06701919000506
Converged?  3.098565380377712e-07  >  1e-06   ----   5.258044666334172e-09  >  1e-08   ----  iteration 11
Classic-like energies: cke = 50.53710212404036 cpe = -100.5373785516183 cke + cpe = -50.000276427577944
mu = 10.000027642719589
Error = 2.3221897311197157e-07
Delta E 1.3655920838573365e-09
Energy -50.067019183381426 -50.06701918474702
Converged?  2.3221897311197157e-07  >  1e-06   ----   1.3655920838573365e-09  >  1e-08   ----  iteration 12
Classic-like energies: cke = 50.53712986054177 cpe = -100.53740628708161 cke + cpe = -50.00027642653984
mu = 10.000027642615779
Error = 1.7468083142035391e-07
Delta E 1.0403553574178659e-09
Energy -50.06701918234107 -50.067019183381426
Converged?  1.7468083142035391e-07  >  1e-06   ----   1.0403553574178659e-09  >  1e-08   ----  iteration 13
Classic-like energies: cke = 50.53715071920884 cpe = -100.53742714496063 cke + cpe = -50.00027642575179
mu = 10.000027642536974
Error = 1.3142528138214973e-07
Delta E 7.90166154729377e-10
Energy -50.067019181550904 -50.06701918234107
Converged?  1.3142528138214973e-07  >  1e-06   ----   7.90166154729377e-10  >  1e-08   ----  iteration 14
Classic-like energies: cke = 50.537166405547936, cpe = -100.53744283067417, cke + cpe = -50.00027642512623
Exact Energy = -50.06674201684291
Dirac Energy = -50.066719090769766
Kutze Energy = -50.06701918092336
Error Kutze  = -0.00027716407930711284
Error Dirac  = 2.292607314302586e-05
Delta Energy = 6.275442387959629e-10
Dirac - Kutzelnigg = 0.0003000901524501387

PARAMETERS:
molecule    = [['Ne', 10, 0.1, 0.2, 0.3, 54, 54]]
D2          = True
prec        = 7
derivative  = ABGV
box         = 1

-------------------------------
Ne 0 1 7 ABGV 1
-------------------------------
Now executing: python test.py Input_Making/input__Ne017BS.txt
Input file: Input_Making/input__Ne017BS.txt
Output file: outputs/output__Ne017BS.txt
light_speed = 137.03599913900001  # default 137.03599913900001
derivative = "BS"         # possible values: PH, ABGV, BS
order = 10
box = 1
prec = 1.0e-7                 # precision threshold for the MRA operations
thr  = 1.0e-6                  # error threshold for SCF convergence

readPotential    = False        # bool
computePotential = True         # bool 
savePotential    = False         # bool
potential = "fermi_dirac"       # possible values: point_charge coulomb_HFYGB homogeneus_charge_sphere gaussian

readOrbitals     = False        # bool
saveOrbitals     = False         # bool
saveGuess        = False

scf              = True
ktrs             = False
D2               = True         # bool
two_electrons    = False         # bool

runGaunt         = False
runGaugeA        = False
runGaugeB        = False
runGaugeC        = False
runGaugeD        = False
runGaugeDelta    = False

molecule = [ ["Ne", 10, 0.1, 0.2, 0.3, 54, 54] ]

# With the paramenters I got from Robert, the error is (1) higher than
#  what he gets and (2) dominated by the width of the Gaussian
# I get a much better agreement with the ideal value IF the Gaussian
#  size is reduced by one order of magnitude 3e4->3e5 for Ar
# It seems the position of the nucleus is also important: I get bad
#  results from D2 if I move the nucleus
# Higher prec with off centered nucleus is too demanding for my laptop

**************************************
10 [0.1, 0.2, 0.3]
Fermi Dirac potential
Using Half Charge Radius for Ne: 5.0449447293e-05
Integral of the Fermi-Dirac distribution via cartesian 3D integration: 0.7422693879577564
The normalization constant is: 13.472197779182986
Integral of the Fermi-Dirac distribution via 3D integration: 10.000000000000034
3D density

*FunctionTree: nn
  genNodes: 0
  square norm: 7.00266e+13
  root scale: 0
  order: 10
  nodes: 216
  endNodes: 190
  nodes per scale: 
    scale=0  nodes=8
    scale=1  nodes=8
    scale=2  nodes=8
    scale=3  nodes=8
    scale=4  nodes=8
    scale=5  nodes=8
    scale=6  nodes=8
    scale=7  nodes=8
    scale=8  nodes=8
    scale=9  nodes=8
    scale=10  nodes=8
    scale=11  nodes=32
    scale=12  nodes=64
    scale=13  nodes=24
    scale=14  nodes=8

3D potential

*FunctionTree: nn
  genNodes: 0
  square norm: 1485.41
  root scale: 0
  order: 10
  nodes: 1520
  endNodes: 1331
  nodes per scale: 
    scale=0  nodes=8
    scale=1  nodes=64
    scale=2  nodes=104
    scale=3  nodes=104
    scale=4  nodes=104
    scale=5  nodes=104
    scale=6  nodes=104
    scale=7  nodes=104
    scale=8  nodes=104
    scale=9  nodes=104
    scale=10  nodes=104
    scale=11  nodes=104
    scale=12  nodes=96
    scale=13  nodes=104
    scale=14  nodes=104
    scale=15  nodes=104

Potential

*FunctionTree: nn
  genNodes: 0
  square norm: 1485.41
  root scale: 0
  order: 10
  nodes: 1520
  endNodes: 1331
  nodes per scale: 
    scale=0  nodes=8
    scale=1  nodes=64
    scale=2  nodes=104
    scale=3  nodes=104
    scale=4  nodes=104
    scale=5  nodes=104
    scale=6  nodes=104
    scale=7  nodes=104
    scale=8  nodes=104
    scale=9  nodes=104
    scale=10  nodes=104
    scale=11  nodes=104
    scale=12  nodes=96
    scale=13  nodes=104
    scale=14  nodes=104
    scale=15  nodes=104

Number of Atoms =  1
[['Ne', 10, 0.1, 0.2, 0.3, 54, 54]]
Using derivative  BS
Hartree-Fock 1e D2
Classic-like energies: cke = 50.266029864422435 cpe = -100.26535894859526 cke + cpe = -49.99932908417283
mu = 9.999932908192218
Error = 0.0007733009768014479
Delta E 50.06606930750088
Energy -50.06606930750088 0
Converged?  0.0007733009768014479  >  1e-06   ----   50.06606930750088  >  1e-08   ----  iteration 0
Classic-like energies: cke = 50.39836065758331 cpe = -100.39852347378222 cke + cpe = -50.00016281619891
mu = 10.000016281606637
Error = 0.0004391112121311765
Delta E 0.0008359607888266396
Energy -50.06690526828971 -50.06606930750088
Converged?  0.0004391112121311765  >  1e-06   ----   0.0008359607888266396  >  1e-08   ----  iteration 1
Classic-like energies: cke = 50.46686923770191 cpe = -100.46712133087553 cke + cpe = -50.00025209317362
mu = 10.000025209285587
Error = 0.00024325147740212949
Delta E 8.95156351816695e-05
Energy -50.06699478392489 -50.06690526828971
Converged?  0.00024325147740212949  >  1e-06   ----   8.95156351816695e-05  >  1e-08   ----  iteration 2
Classic-like energies: cke = 50.50164659125933 cpe = -100.50191767142745 cke + cpe = -50.00027108016812
mu = 10.00002710798007
Error = 0.00013062165624290012
Delta E 1.903775153522247e-05
Energy -50.067013821676426 -50.06699478392489
Converged?  0.00013062165624290012  >  1e-06   ----   1.903775153522247e-05  >  1e-08   ----  iteration 3
Classic-like energies: cke = 50.519257962614226 cpe = -100.51953335774846 cke + cpe = -50.00027539513423
mu = 10.000027539475502
Error = 6.876915059139738e-05
Delta E 4.3265010063464615e-06
Energy -50.06701814817743 -50.067013821676426
Converged?  6.876915059139738e-05  >  1e-06   ----   4.3265010063464615e-06  >  1e-08   ----  iteration 4
Classic-like energies: cke = 50.5281542067409 cpe = -100.52843053290404 cke + cpe = -50.00027632616314
mu = 10.000027632578137
Error = 3.5697930410927746e-05
Delta E 9.335164037338473e-07
Energy -50.067019081693836 -50.06701814817743
Converged?  3.5697930410927746e-05  >  1e-06   ----   9.335164037338473e-07  >  1e-08   ----  iteration 5
Classic-like energies: cke = 50.53264488077495 cpe = -100.53292136537435 cke + cpe = -50.0002764845994
mu = 10.000027648421717
Error = 1.8357565161463158e-05
Delta E 1.5886105586560006e-07
Energy -50.06701924055489 -50.067019081693836
Converged?  1.8357565161463158e-05  >  1e-06   ----   1.5886105586560006e-07  >  1e-08   ----  iteration 6
Classic-like energies: cke = 50.534910103705904 cpe = -100.53518658793466 cke + cpe = -50.000276484228756
mu = 10.000027648384654
Error = 9.37910755520415e-06
Delta E 3.731912556759198e-10
Energy -50.0670192401817 -50.06701924055489
Converged?  9.37910755520415e-06  >  1e-06   ----   3.731912556759198e-10  >  1e-08   ----  iteration 7
Classic-like energies: cke = 50.53605250401259 cpe = -100.53632896737733 cke + cpe = -50.00027646336474
mu = 10.000027646298259
Error = 4.7710870170141494e-06
Delta E 2.0917532594921795e-08
Energy -50.06701921926417 -50.0670192401817
Converged?  4.7710870170141494e-06  >  1e-06   ----   2.0917532594921795e-08  >  1e-08   ----  iteration 8
Classic-like energies: cke = 50.53662848157209 cpe = -100.53690492880722 cke + cpe = -50.00027644723513
mu = 10.000027644685302
Error = 2.41973314996398e-06
Delta E 1.6172357675259263e-08
Energy -50.06701920309181 -50.06701921926417
Converged?  2.41973314996398e-06  >  1e-06   ----   1.6172357675259263e-08  >  1e-08   ----  iteration 9
Classic-like energies: cke = 50.53691886704552 cpe = -100.53719530473265 cke + cpe = -50.00027643768713
mu = 10.000027643730505
Error = 1.2247686182034442e-06
Delta E 9.575821025009645e-09
Energy -50.06701919351599 -50.06701920309181
Converged?  1.2247686182034442e-06  >  1e-06   ----   9.575821025009645e-09  >  1e-08   ----  iteration 10
Classic-like energies: cke = 50.537065246956004 cpe = -100.53734167939777 cke + cpe = -50.000276432441765
mu = 10.00002764320597
Error = 3.095370285124321e-07
Delta E 5.258044666334172e-09
Energy -50.067019188257945 -50.06701919351599
Converged?  3.095370285124321e-07  >  1e-06   ----   5.258044666334172e-09  >  1e-08   ----  iteration 11
Classic-like energies: cke = 50.53710214185682 cpe = -100.53737857293586 cke + cpe = -50.000276431079044
mu = 10.000027643069698
Error = 2.3229674256933017e-07
Delta E 1.3676810795004712e-09
Energy -50.06701918689026 -50.067019188257945
Converged?  2.3229674256933017e-07  >  1e-06   ----   1.3676810795004712e-09  >  1e-08   ----  iteration 12
Classic-like energies: cke = 50.53712988777383 cpe = -100.5374063178148 cke + cpe = -50.00027643004097
mu = 10.00002764296589
Error = 1.7473969103408538e-07
Delta E 1.0403482519905083e-09
Energy -50.067019185849915 -50.06701918689026
Converged?  1.7473969103408538e-07  >  1e-06   ----   1.0403482519905083e-09  >  1e-08   ----  iteration 13
Classic-like energies: cke = 50.537150753522724 cpe = -100.53742718277535 cke + cpe = -50.00027642925262
mu = 10.000027642887055
Error = 1.314696281090954e-07
Delta E 7.90166154729377e-10
Energy -50.06701918505975 -50.067019185849915
Converged?  1.314696281090954e-07  >  1e-06   ----   7.90166154729377e-10  >  1e-08   ----  iteration 14
Classic-like energies: cke = 50.53716644518802, cpe = -100.53744287510096, cke + cpe = -50.000276429912944
Exact Energy = -50.06674201684291
Dirac Energy = -50.06667753817601
Kutze Energy = -50.067019185722735
Error Kutze  = -0.0002771688814391382
Error Dirac  = 6.447866689995863e-05
Delta Energy = -6.629861104556767e-10
Dirac - Kutzelnigg = 0.00034164754833909683

PARAMETERS:
molecule    = [['Ne', 10, 0.1, 0.2, 0.3, 54, 54]]
D2          = True
prec        = 7
derivative  = BS
box         = 1

-------------------------------
Ne 0 1 7 BS 1
-------------------------------
Now executing: python test.py Input_Making/input__Ne017PH.txt
Input file: Input_Making/input__Ne017PH.txt
Output file: outputs/output__Ne017PH.txt
light_speed = 137.03599913900001  # default 137.03599913900001
derivative = "PH"         # possible values: PH, ABGV, BS
order = 10
box = 1
prec = 1.0e-7                 # precision threshold for the MRA operations
thr  = 1.0e-6                  # error threshold for SCF convergence

readPotential    = False        # bool
computePotential = True         # bool 
savePotential    = False         # bool
potential = "fermi_dirac"       # possible values: point_charge coulomb_HFYGB homogeneus_charge_sphere gaussian

readOrbitals     = False        # bool
saveOrbitals     = False         # bool
saveGuess        = False

scf              = True
ktrs             = False
D2               = True         # bool
two_electrons    = False         # bool

runGaunt         = False
runGaugeA        = False
runGaugeB        = False
runGaugeC        = False
runGaugeD        = False
runGaugeDelta    = False

molecule = [ ["Ne", 10, 0.1, 0.2, 0.3, 54, 54] ]

# With the paramenters I got from Robert, the error is (1) higher than
#  what he gets and (2) dominated by the width of the Gaussian
# I get a much better agreement with the ideal value IF the Gaussian
#  size is reduced by one order of magnitude 3e4->3e5 for Ar
# It seems the position of the nucleus is also important: I get bad
#  results from D2 if I move the nucleus
# Higher prec with off centered nucleus is too demanding for my laptop

**************************************
10 [0.1, 0.2, 0.3]
Fermi Dirac potential
Using Half Charge Radius for Ne: 5.0449447293e-05
Integral of the Fermi-Dirac distribution via cartesian 3D integration: 0.7422693879577564
The normalization constant is: 13.472197779182986
Integral of the Fermi-Dirac distribution via 3D integration: 10.000000000000034
3D density

*FunctionTree: nn
  genNodes: 0
  square norm: 7.00266e+13
  root scale: 0
  order: 10
  nodes: 216
  endNodes: 190
  nodes per scale: 
    scale=0  nodes=8
    scale=1  nodes=8
    scale=2  nodes=8
    scale=3  nodes=8
    scale=4  nodes=8
    scale=5  nodes=8
    scale=6  nodes=8
    scale=7  nodes=8
    scale=8  nodes=8
    scale=9  nodes=8
    scale=10  nodes=8
    scale=11  nodes=32
    scale=12  nodes=64
    scale=13  nodes=24
    scale=14  nodes=8

3D potential

*FunctionTree: nn
  genNodes: 0
  square norm: 1485.41
  root scale: 0
  order: 10
  nodes: 1520
  endNodes: 1331
  nodes per scale: 
    scale=0  nodes=8
    scale=1  nodes=64
    scale=2  nodes=104
    scale=3  nodes=104
    scale=4  nodes=104
    scale=5  nodes=104
    scale=6  nodes=104
    scale=7  nodes=104
    scale=8  nodes=104
    scale=9  nodes=104
    scale=10  nodes=104
    scale=11  nodes=104
    scale=12  nodes=96
    scale=13  nodes=104
    scale=14  nodes=104
    scale=15  nodes=104

Potential

*FunctionTree: nn
  genNodes: 0
  square norm: 1485.41
  root scale: 0
  order: 10
  nodes: 1520
  endNodes: 1331
  nodes per scale: 
    scale=0  nodes=8
    scale=1  nodes=64
    scale=2  nodes=104
    scale=3  nodes=104
    scale=4  nodes=104
    scale=5  nodes=104
    scale=6  nodes=104
    scale=7  nodes=104
    scale=8  nodes=104
    scale=9  nodes=104
    scale=10  nodes=104
    scale=11  nodes=104
    scale=12  nodes=96
    scale=13  nodes=104
    scale=14  nodes=104
    scale=15  nodes=104

Number of Atoms =  1
[['Ne', 10, 0.1, 0.2, 0.3, 54, 54]]
Using derivative  PH
Hartree-Fock 1e D2
Classic-like energies: cke = 50.266029864422435 cpe = -100.26533776781842 cke + cpe = -49.99930790339599
mu = 9.999930790100098
Error = 0.0007732235490314786
Delta E 50.066048070104266
Energy -50.066048070104266 0
Converged?  0.0007732235490314786  >  1e-06   ----   50.066048070104266  >  1e-08   ----  iteration 0
Classic-like energies: cke = 50.39832819136983 cpe = -100.39849103366993 cke + cpe = -50.0001628423001
mu = 10.000016284216752
Error = 0.0004391752494098573
Delta E 0.0008572243547675384
Energy -50.06690529445903 -50.066048070104266
Converged?  0.0004391752494098573  >  1e-06   ----   0.0008572243547675384  >  1e-08   ----  iteration 1
Classic-like energies: cke = 50.4668518460917 cpe = -100.46710394513472 cke + cpe = -50.000252099043024
mu = 10.000025209872526
Error = 0.00024328910561257491
Delta E 8.949534937130466e-05
Energy -50.066994789808405 -50.06690529445903
Converged?  0.00024328910561257491  >  1e-06   ----   8.949534937130466e-05  >  1e-08   ----  iteration 2
Classic-like energies: cke = 50.50163768312045 cpe = -100.50190878138397 cke + cpe = -50.000271098263525
mu = 10.000027109789606
Error = 0.00013064557605392367
Delta E 1.9050012667776173e-05
Energy -50.06701383982107 -50.066994789808405
Converged?  0.00013064557605392367  >  1e-06   ----   1.9050012667776173e-05  >  1e-08   ----  iteration 3
Classic-like energies: cke = 50.51925335320669 cpe = -100.5195287685535 cke + cpe = -50.000275415346806
mu = 10.000027541496754
Error = 6.878272905510595e-05
Delta E 4.3286213227133885e-06
Energy -50.067018168442395 -50.06701383982107
Converged?  6.878272905510595e-05  >  1e-06   ----   4.3286213227133885e-06  >  1e-08   ----  iteration 4
Classic-like energies: cke = 50.52815180526824 cpe = -100.52842815236613 cke + cpe = -50.000276347097895
mu = 10.000027634671605
Error = 3.570541384598854e-05
Delta E 9.34244027916975e-07
Energy -50.06701910268642 -50.067018168442395
Converged?  3.570541384598854e-05  >  1e-06   ----   9.34244027916975e-07  >  1e-08   ----  iteration 5
Classic-like energies: cke = 50.53264359563929 cpe = -100.53292010126852 cke + cpe = -50.00027650562922
mu = 10.000027650524695
Error = 1.8361602079547703e-05
Delta E 1.5895487592842983e-07
Energy -50.0670192616413 -50.06701910268642
Converged?  1.8361602079547703e-05  >  1e-06   ----   1.5895487592842983e-07  >  1e-08   ----  iteration 6
Classic-like energies: cke = 50.53490938371028 cpe = -100.53518588902129 cke + cpe = -50.000276505311014
mu = 10.000027650492873
Error = 9.381299897175836e-06
Delta E 3.189910557921394e-10
Energy -50.06701926132231 -50.0670192616413
Converged?  9.381299897175836e-06  >  1e-06   ----   3.189910557921394e-10  >  1e-08   ----  iteration 7
Classic-like energies: cke = 50.536052069136275 cpe = -100.53632855358005 cke + cpe = -50.00027648444377
mu = 10.000027648406155
Error = 4.77238351363645e-06
Delta E 2.0923778265569126e-08
Energy -50.06701924039853 -50.06701926132231
Converged?  4.77238351363645e-06  >  1e-06   ----   2.0923778265569126e-08  >  1e-08   ----  iteration 8
Classic-like energies: cke = 50.53662819066287 cpe = -100.53690465898282 cke + cpe = -50.00027646831995
mu = 10.000027646793779
Error = 2.4207177911659467e-06
Delta E 1.6166104899184575e-08
Energy -50.067019224232425 -50.06701924039853
Converged?  2.4207177911659467e-06  >  1e-06   ----   1.6166104899184575e-08  >  1e-08   ----  iteration 9
Classic-like energies: cke = 50.53691864870002 cpe = -100.53719510746858 cke + cpe = -50.00027645876855
mu = 10.00002764583864
Error = 1.2259164871466404e-06
Delta E 9.57791002065278e-09
Energy -50.067019214654515 -50.067019224232425
Converged?  1.2259164871466404e-06  >  1e-06   ----   9.57791002065278e-09  >  1e-08   ----  iteration 10
Classic-like energies: cke = 50.537065065226855 cpe = -100.5373415187514 cke + cpe = -50.00027645352455
mu = 10.000027645314242
Error = 3.104778116112939e-07
Delta E 5.258044666334172e-09
Energy -50.06701920939647 -50.067019214654515
Converged?  3.104778116112939e-07  >  1e-06   ----   5.258044666334172e-09  >  1e-08   ----  iteration 11
Classic-like energies: cke = 50.53710196935258 cpe = -100.53737842151405 cke + cpe = -50.00027645216147
mu = 10.000027645177935
Error = 2.3235396120812199e-07
Delta E 1.3676810795004712e-09
Energy -50.06701920802879 -50.06701920939647
Converged?  2.3235396120812199e-07  >  1e-06   ----   1.3676810795004712e-09  >  1e-08   ----  iteration 12
Classic-like energies: cke = 50.537129722208824 cpe = -100.53740617333169 cke + cpe = -50.000276451122865
mu = 10.000027645074073
Error = 1.747830448610363e-07
Delta E 1.0403482519905083e-09
Energy -50.06701920698844 -50.06701920802879
Converged?  1.747830448610363e-07  >  1e-06   ----   1.0403482519905083e-09  >  1e-08   ----  iteration 13
Classic-like energies: cke = 50.53715059317696 cpe = -100.53742704351143 cke + cpe = -50.00027645033447
mu = 10.000027644995235
Error = 1.315022991567577e-07
Delta E 7.90166154729377e-10
Energy -50.067019206198275 -50.06701920698844
Converged?  1.315022991567577e-07  >  1e-06   ----   7.90166154729377e-10  >  1e-08   ----  iteration 14
Classic-like energies: cke = 50.53716628876746, cpe = -100.53744275787562, cke + cpe = -50.000276469108165
Exact Energy = -50.06674201684291
Dirac Energy = -50.066587142588105
Kutze Energy = -50.06701922502259
Error Kutze  = -0.0002772081788862124
Error Dirac  = 0.00015487425480387174
Delta Energy = -1.8824316327936685e-08
Dirac - Kutzelnigg = 0.00043208243369008414

PARAMETERS:
molecule    = [['Ne', 10, 0.1, 0.2, 0.3, 54, 54]]
D2          = True
prec        = 7
derivative  = PH
box         = 1

-------------------------------
Ne 0 1 7 PH 1
-------------------------------
Now executing: python test.py Input_Making/input__Ne018ABGV.txt
Input file: Input_Making/input__Ne018ABGV.txt
Output file: outputs/output__Ne018ABGV.txt
light_speed = 137.03599913900001  # default 137.03599913900001
derivative = "ABGV"         # possible values: PH, ABGV, BS
order = 11
box = 1
prec = 1.0e-8                 # precision threshold for the MRA operations
thr  = 1.0e-7                  # error threshold for SCF convergence

readPotential    = False        # bool
computePotential = True         # bool 
savePotential    = False         # bool
potential = "fermi_dirac"       # possible values: point_charge coulomb_HFYGB homogeneus_charge_sphere gaussian

readOrbitals     = False        # bool
saveOrbitals     = False         # bool
saveGuess        = False

scf              = True
ktrs             = False
D2               = True         # bool
two_electrons    = False         # bool

runGaunt         = False
runGaugeA        = False
runGaugeB        = False
runGaugeC        = False
runGaugeD        = False
runGaugeDelta    = False

molecule = [ ["Ne", 10, 0.1, 0.2, 0.3, 54, 54] ]

# With the paramenters I got from Robert, the error is (1) higher than
#  what he gets and (2) dominated by the width of the Gaussian
# I get a much better agreement with the ideal value IF the Gaussian
#  size is reduced by one order of magnitude 3e4->3e5 for Ar
# It seems the position of the nucleus is also important: I get bad
#  results from D2 if I move the nucleus
# Higher prec with off centered nucleus is too demanding for my laptop

**************************************
10 [0.1, 0.2, 0.3]
Fermi Dirac potential
Using Half Charge Radius for Ne: 5.0449447293e-05
Integral of the Fermi-Dirac distribution via cartesian 3D integration: 0.7422693898135609
The normalization constant is: 13.472197745500113
Integral of the Fermi-Dirac distribution via 3D integration: 10.000000000000004
3D density

*FunctionTree: nn
  genNodes: 0
  square norm: 7.00266e+13
  root scale: 0
  order: 11
  nodes: 224
  endNodes: 197
  nodes per scale: 
    scale=0  nodes=8
    scale=1  nodes=8
    scale=2  nodes=8
    scale=3  nodes=8
    scale=4  nodes=8
    scale=5  nodes=8
    scale=6  nodes=8
    scale=7  nodes=8
    scale=8  nodes=8
    scale=9  nodes=8
    scale=10  nodes=8
    scale=11  nodes=32
    scale=12  nodes=64
    scale=13  nodes=24
    scale=14  nodes=16

3D potential

*FunctionTree: nn
  genNodes: 0
  square norm: 1485.41
  root scale: 0
  order: 11
  nodes: 1712
  endNodes: 1499
  nodes per scale: 
    scale=0  nodes=8
    scale=1  nodes=64
    scale=2  nodes=120
    scale=3  nodes=112
    scale=4  nodes=120
    scale=5  nodes=112
    scale=6  nodes=120
    scale=7  nodes=112
    scale=8  nodes=120
    scale=9  nodes=112
    scale=10  nodes=120
    scale=11  nodes=112
    scale=12  nodes=120
    scale=13  nodes=112
    scale=14  nodes=120
    scale=15  nodes=128

Potential

*FunctionTree: nn
  genNodes: 0
  square norm: 1485.41
  root scale: 0
  order: 11
  nodes: 1712
  endNodes: 1499
  nodes per scale: 
    scale=0  nodes=8
    scale=1  nodes=64
    scale=2  nodes=120
    scale=3  nodes=112
    scale=4  nodes=120
    scale=5  nodes=112
    scale=6  nodes=120
    scale=7  nodes=112
    scale=8  nodes=120
    scale=9  nodes=112
    scale=10  nodes=120
    scale=11  nodes=112
    scale=12  nodes=120
    scale=13  nodes=112
    scale=14  nodes=120
    scale=15  nodes=128

Number of Atoms =  1
[['Ne', 10, 0.1, 0.2, 0.3, 54, 54]]
Using derivative  ABGV
Hartree-Fock 1e D2
Classic-like energies: cke = 50.26604536840678 cpe = -100.26537319435793 cke + cpe = -49.999327825951156
mu = 9.999932782369205
Error = 0.000773304917198366
Delta E 50.06606804591514
Energy -50.06606804591514 0
Converged?  0.000773304917198366  >  1e-07   ----   50.06606804591514  >  1e-09   ----  iteration 0
Classic-like energies: cke = 50.39837529753909 cpe = -100.39853764257848 cke + cpe = -50.000162345039385
mu = 10.00001623449076
Error = 0.0004391035356967596
Delta E 0.0008367499548924684
Energy -50.06690479587003 -50.06606804591514
Converged?  0.0004391035356967596  >  1e-07   ----   0.0008367499548924684  >  1e-09   ----  iteration 1
Classic-like energies: cke = 50.46687718922282 cpe = -100.46712899293138 cke + cpe = -50.00025180370856
mu = 10.000025180339152
Error = 0.0002432422906529102
Delta E 8.969781554668543e-05
Energy -50.06699449368558 -50.06690479587003
Converged?  0.0002432422906529102  >  1e-07   ----   8.969781554668543e-05  >  1e-09   ----  iteration 2
Classic-like energies: cke = 50.50165065780056 cpe = -100.50192144247922 cke + cpe = -50.000270784678655
mu = 10.000027078431204
Error = 0.00013061376246325046
Delta E 1.9031709562966626e-05
Energy -50.06701352539514 -50.06699449368558
Converged?  0.00013061376246325046  >  1e-07   ----   1.9031709562966626e-05  >  1e-09   ----  iteration 3
Classic-like energies: cke = 50.51926006431068 cpe = -100.51953516330485 cke + cpe = -50.00027509899417
mu = 10.000027509861578
Error = 6.87641701679472e-05
Delta E 4.3258505328935826e-06
Energy -50.06701785124567 -50.06701352539514
Converged?  6.87641701679472e-05  >  1e-07   ----   4.3258505328935826e-06  >  1e-09   ----  iteration 4
Classic-like energies: cke = 50.528155287689884 cpe = -100.52843131727519 cke + cpe = -50.00027602958531
mu = 10.000027602920435
Error = 3.56950146573605e-05
Delta E 9.330785815109266e-07
Energy -50.067018784324254 -50.06701785124567
Converged?  3.56950146573605e-05  >  1e-07   ----   9.330785815109266e-07  >  1e-09   ----  iteration 5
Classic-like energies: cke = 50.53264544528224 cpe = -100.53292163324181 cke + cpe = -50.00027618795957
mu = 10.000027618757818
Error = 1.8355954958438755e-05
Delta E 1.587985067885711e-07
Energy -50.06701894312276 -50.067018784324254
Converged?  1.8355954958438755e-05  >  1e-07   ----   1.587985067885711e-07  >  1e-09   ----  iteration 6
Classic-like energies: cke = 50.53491040601148 cpe = -100.53518659357177 cke + cpe = -50.00027618756029
mu = 10.000027618717889
Error = 9.378274087928383e-06
Delta E 4.0029135561781004e-10
Energy -50.06701894272247 -50.06701894312276
Converged?  9.378274087928383e-06  >  1e-07   ----   4.0029135561781004e-10  >  1e-09   ----  iteration 7
Classic-like energies: cke = 50.53605267405402 cpe = -100.53632884075573 cke + cpe = -50.00027616670171
mu = 10.000027616632037
Error = 4.770702161348159e-06
Delta E 2.091544359927866e-08
Energy -50.067018921807026 -50.06701894272247
Converged?  4.770702161348159e-06  >  1e-07   ----   2.091544359927866e-08  >  1e-09   ----  iteration 8
Classic-like energies: cke = 50.53662858473163 cpe = -100.53690473530052 cke + cpe = -50.000276150568894
mu = 10.00002761501876
Error = 2.4196474617959287e-06
Delta E 1.6176528561118175e-08
Energy -50.0670189056305 -50.067018921807026
Converged?  2.4196474617959287e-06  >  1e-07   ----   1.6176528561118175e-08  >  1e-09   ----  iteration 9
Classic-like energies: cke = 50.53691893651964 cpe = -100.53719507754141 cke + cpe = -50.00027614102177
mu = 10.00002761406405
Error = 1.2249501264650766e-06
Delta E 9.571657244578091e-09
Energy -50.06701889605884 -50.0670189056305
Converged?  1.2249501264650766e-06  >  1e-07   ----   9.571657244578091e-09  >  1e-09   ----  iteration 10
Classic-like energies: cke = 50.53706529940758 cpe = -100.53734143518265 cke + cpe = -50.000276135775074
mu = 10.000027613539382
Error = 3.0981185539485214e-07
Delta E 5.2601336619773065e-09
Energy -50.06701889079871 -50.06701889605884
Converged?  3.0981185539485214e-07  >  1e-07   ----   5.2601336619773065e-09  >  1e-09   ----  iteration 11
Classic-like energies: cke = 50.53710219002484 cpe = -100.537378324438 cke + cpe = -50.000276134413156
mu = 10.00002761340319
Error = 2.322704887422633e-07
Delta E 1.3676739740731136e-09
Energy -50.06701888943103 -50.06701889079871
Converged?  2.322704887422633e-07  >  1e-07   ----   1.3676739740731136e-09  >  1e-09   ----  iteration 12
Classic-like energies: cke = 50.53712993271786 cpe = -100.5374060660927 cke + cpe = -50.00027613337484
mu = 10.000027613299359
Error = 1.7471966571619555e-07
Delta E 1.0403482519905083e-09
Energy -50.067018888390685 -50.06701888943103
Converged?  1.7471966571619555e-07  >  1e-07   ----   1.0403482519905083e-09  >  1e-09   ----  iteration 13
Classic-like energies: cke = 50.53715079604139 cpe = -100.53742692862791 cke + cpe = -50.00027613258652
mu = 10.000027613220528
Error = 1.314545172938248e-07
Delta E 7.901732601567346e-10
Energy -50.06701888760051 -50.067018888390685
Converged?  1.314545172938248e-07  >  1e-07   ----   7.901732601567346e-10  >  1e-09   ----  iteration 14
Classic-like energies: cke = 50.537166485882395, cpe = -100.53744261786765, cke + cpe = -50.00027613198526
Exact Energy = -50.06674201684291
Dirac Energy = -50.06671903989991
Kutze Energy = -50.067018886997985
Error Kutze  = -0.0002768701560853515
Error Dirac  = 2.2976943000685424e-05
Delta Energy = 6.025260290698498e-10
Dirac - Kutzelnigg = 0.0002998470990860369

PARAMETERS:
molecule    = [['Ne', 10, 0.1, 0.2, 0.3, 54, 54]]
D2          = True
prec        = 8
derivative  = ABGV
box         = 1

-------------------------------
Ne 0 1 8 ABGV 1
-------------------------------
Now executing: python test.py Input_Making/input__Ne018BS.txt
Input file: Input_Making/input__Ne018BS.txt
Output file: outputs/output__Ne018BS.txt
light_speed = 137.03599913900001  # default 137.03599913900001
derivative = "BS"         # possible values: PH, ABGV, BS
order = 11
box = 1
prec = 1.0e-8                 # precision threshold for the MRA operations
thr  = 1.0e-7                  # error threshold for SCF convergence

readPotential    = False        # bool
computePotential = True         # bool 
savePotential    = False         # bool
potential = "fermi_dirac"       # possible values: point_charge coulomb_HFYGB homogeneus_charge_sphere gaussian

readOrbitals     = False        # bool
saveOrbitals     = False         # bool
saveGuess        = False

scf              = True
ktrs             = False
D2               = True         # bool
two_electrons    = False         # bool

runGaunt         = False
runGaugeA        = False
runGaugeB        = False
runGaugeC        = False
runGaugeD        = False
runGaugeDelta    = False

molecule = [ ["Ne", 10, 0.1, 0.2, 0.3, 54, 54] ]

# With the paramenters I got from Robert, the error is (1) higher than
#  what he gets and (2) dominated by the width of the Gaussian
# I get a much better agreement with the ideal value IF the Gaussian
#  size is reduced by one order of magnitude 3e4->3e5 for Ar
# It seems the position of the nucleus is also important: I get bad
#  results from D2 if I move the nucleus
# Higher prec with off centered nucleus is too demanding for my laptop

**************************************
10 [0.1, 0.2, 0.3]
Fermi Dirac potential
Using Half Charge Radius for Ne: 5.0449447293e-05
Integral of the Fermi-Dirac distribution via cartesian 3D integration: 0.7422693898135609
The normalization constant is: 13.472197745500113
Integral of the Fermi-Dirac distribution via 3D integration: 10.000000000000004
3D density

*FunctionTree: nn
  genNodes: 0
  square norm: 7.00266e+13
  root scale: 0
  order: 11
  nodes: 224
  endNodes: 197
  nodes per scale: 
    scale=0  nodes=8
    scale=1  nodes=8
    scale=2  nodes=8
    scale=3  nodes=8
    scale=4  nodes=8
    scale=5  nodes=8
    scale=6  nodes=8
    scale=7  nodes=8
    scale=8  nodes=8
    scale=9  nodes=8
    scale=10  nodes=8
    scale=11  nodes=32
    scale=12  nodes=64
    scale=13  nodes=24
    scale=14  nodes=16

3D potential

*FunctionTree: nn
  genNodes: 0
  square norm: 1485.41
  root scale: 0
  order: 11
  nodes: 1712
  endNodes: 1499
  nodes per scale: 
    scale=0  nodes=8
    scale=1  nodes=64
    scale=2  nodes=120
    scale=3  nodes=112
    scale=4  nodes=120
    scale=5  nodes=112
    scale=6  nodes=120
    scale=7  nodes=112
    scale=8  nodes=120
    scale=9  nodes=112
    scale=10  nodes=120
    scale=11  nodes=112
    scale=12  nodes=120
    scale=13  nodes=112
    scale=14  nodes=120
    scale=15  nodes=128

Potential

*FunctionTree: nn
  genNodes: 0
  square norm: 1485.41
  root scale: 0
  order: 11
  nodes: 1712
  endNodes: 1499
  nodes per scale: 
    scale=0  nodes=8
    scale=1  nodes=64
    scale=2  nodes=120
    scale=3  nodes=112
    scale=4  nodes=120
    scale=5  nodes=112
    scale=6  nodes=120
    scale=7  nodes=112
    scale=8  nodes=120
    scale=9  nodes=112
    scale=10  nodes=120
    scale=11  nodes=112
    scale=12  nodes=120
    scale=13  nodes=112
    scale=14  nodes=120
    scale=15  nodes=128

Number of Atoms =  1
[['Ne', 10, 0.1, 0.2, 0.3, 54, 54]]
Using derivative  BS
Hartree-Fock 1e D2
Classic-like energies: cke = 50.26604536840678 cpe = -100.26536092716995 cke + cpe = -49.99931555876317
mu = 9.999931555642085
Error = 0.0007732585455664693
Delta E 50.066055745934726
Energy -50.066055745934726 0
Converged?  0.0007732585455664693  >  1e-07   ----   50.066055745934726  >  1e-09   ----  iteration 0
Classic-like energies: cke = 50.398356439869595 cpe = -100.3985188861298 cke + cpe = -50.00016244626021
mu = 10.000016244612826
Error = 0.0004391343103085829
Delta E 0.0008491514269195477
Energy -50.066904897361646 -50.066055745934726
Converged?  0.0004391343103085829  >  1e-07   ----   0.0008491514269195477  >  1e-09   ----  iteration 1
Classic-like energies: cke = 50.466867168572655 cpe = -100.46711896754033 cke + cpe = -50.000251798967675
mu = 10.000025179865066
Error = 0.0002432631935940907
Delta E 8.95915704219874e-05
Energy -50.06699448893207 -50.066904897361646
Converged?  0.0002432631935940907  >  1e-07   ----   8.95915704219874e-05  >  1e-09   ----  iteration 2
Classic-like energies: cke = 50.50164557694825 cpe = -100.50191636432142 cke + cpe = -50.00027078737317
mu = 10.000027078700654
Error = 0.00013062711554829684
Delta E 1.9039165067624708e-05
Energy -50.067013528097135 -50.06699448893207
Converged?  0.00013062711554829684  >  1e-07   ----   1.9039165067624708e-05  >  1e-09   ----  iteration 3
Classic-like energies: cke = 50.51925748142544 cpe = -100.51953258404303 cke + cpe = -50.00027510261759
mu = 10.00002751022392
Error = 6.877176941395145e-05
Delta E 4.326780384644735e-06
Energy -50.06701785487752 -50.067013528097135
Converged?  6.877176941395145e-05  >  1e-07   ----   4.326780384644735e-06  >  1e-09   ----  iteration 4
Classic-like energies: cke = 50.52815399011524 cpe = -100.52843002375667 cke + cpe = -50.00027603364143
mu = 10.000027603326046
Error = 3.569919102471562e-05
Delta E 9.335143218436315e-07
Energy -50.06701878839184 -50.06701785487752
Converged?  3.569919102471562e-05  >  1e-07   ----   9.335143218436315e-07  >  1e-09   ----  iteration 5
Classic-like energies: cke = 50.532644797273946 cpe = -100.53292098933571 cke + cpe = -50.00027619206176
mu = 10.000027619168035
Error = 1.835817991326438e-05
Delta E 1.5884229043194864e-07
Energy -50.06701894723413 -50.06701878839184
Converged?  1.835817991326438e-05  >  1e-07   ----   1.5884229043194864e-07  >  1e-09   ----  iteration 6
Classic-like energies: cke = 50.5349100870701 cpe = -100.53518627875597 cke + cpe = -50.00027619168587
mu = 10.000027619130446
Error = 9.379409816359165e-06
Delta E 3.773621415348316e-10
Energy -50.06701894685677 -50.06701894723413
Converged?  9.379409816359165e-06  >  1e-07   ----   3.773621415348316e-10  >  1e-09   ----  iteration 7
Classic-like energies: cke = 50.53605252104913 cpe = -100.53632869187527 cke + cpe = -50.00027617082614
mu = 10.000027617044479
Error = 4.771236713125161e-06
Delta E 2.0913361709062883e-08
Energy -50.06701892594341 -50.06701894685677
Converged?  4.771236713125161e-06  >  1e-07   ----   2.0913361709062883e-08  >  1e-09   ----  iteration 8
Classic-like energies: cke = 50.53662851557196 cpe = -100.53690467026615 cke + cpe = -50.00027615469419
mu = 10.00002761543129
Error = 2.419807625460573e-06
Delta E 1.6176528561118175e-08
Energy -50.06701890976688 -50.06701892594341
Converged?  2.419807625460573e-06  >  1e-07   ----   1.6176528561118175e-08  >  1e-09   ----  iteration 9
Classic-like energies: cke = 50.53691890959346 cpe = -100.53719505473843 cke + cpe = -50.00027614514497
mu = 10.00002761447637
Error = 1.2248057169398522e-06
Delta E 9.57373202936651e-09
Energy -50.06701890019315 -50.06701890976688
Converged?  1.2248057169398522e-06  >  1e-07   ----   9.57373202936651e-09  >  1e-09   ----  iteration 10
Classic-like energies: cke = 50.53706529381039 cpe = -100.53734143370951 cke + cpe = -50.00027613989912
mu = 10.000027613951785
Error = 3.0954620415943893e-07
Delta E 5.2601336619773065e-09
Energy -50.067018894933014 -50.06701890019315
Converged?  3.0954620415943893e-07  >  1e-07   ----   5.2601336619773065e-09  >  1e-09   ----  iteration 11
Classic-like energies: cke = 50.537102189796784 cpe = -100.53737832833289 cke + cpe = -50.00027613853611
mu = 10.000027613815485
Error = 2.3230369571069685e-07
Delta E 1.3676810795004712e-09
Energy -50.06701889356533 -50.067018894933014
Converged?  2.3230369571069685e-07  >  1e-07   ----   1.3676810795004712e-09  >  1e-09   ----  iteration 12
Classic-like energies: cke = 50.53712993652987 cpe = -100.53740607402763 cke + cpe = -50.00027613749776
mu = 10.00002761371165
Error = 1.7474490847767484e-07
Delta E 1.0403482519905083e-09
Energy -50.067018892524985 -50.06701889356533
Converged?  1.7474490847767484e-07  >  1e-07   ----   1.0403482519905083e-09  >  1e-09   ----  iteration 13
Classic-like energies: cke = 50.53715080289247 cpe = -100.53742693960214 cke + cpe = -50.00027613670967
mu = 10.000027613632842
Error = 1.3147354778048943e-07
Delta E 7.90166154729377e-10
Energy -50.06701889173482 -50.067018892524985
Converged?  1.3147354778048943e-07  >  1e-07   ----   7.90166154729377e-10  >  1e-09   ----  iteration 14
Classic-like energies: cke = 50.537166495019314, cpe = -100.53744263404764, cke + cpe = -50.00027613902832
Exact Energy = -50.06674201684291
Dirac Energy = -50.06667273458879
Kutze Energy = -50.06701889405945
Error Kutze  = -0.00027687721740221605
Error Dirac  = 6.928225411684252e-05
Delta Energy = -2.3246329305948166e-09
Dirac - Kutzelnigg = 0.00034615947151905857

PARAMETERS:
molecule    = [['Ne', 10, 0.1, 0.2, 0.3, 54, 54]]
D2          = True
prec        = 8
derivative  = BS
box         = 1

-------------------------------
Ne 0 1 8 BS 1
-------------------------------
Now executing: python test.py Input_Making/input__Ne018PH.txt
./run_all.sh: line 4: 27902 Killed: 9               python test.py "$file"
Now executing: python test.py Input_Making/input__Ne104ABGV.txt
Input file: Input_Making/input__Ne104ABGV.txt
Output file: outputs/output__Ne104ABGV.txt
light_speed = 137.03599913900001  # default 137.03599913900001
derivative = "ABGV"         # possible values: PH, ABGV, BS
order = 7
box = 1
prec = 1.0e-4                 # precision threshold for the MRA operations
thr  = 1.0e-3                  # error threshold for SCF convergence

readPotential    = False         # bool
computePotential = True         # bool 
savePotential    = False         # bool
potential = "fermi_dirac"       # possible values: point_charge coulomb_HFYGB homogeneus_charge_sphere gaussian

readOrbitals     = False         # bool
saveOrbitals     = False         # bool
saveGuess        = False

scf              = True
ktrs             = False
D2               = False         # bool
two_electrons    = False         # bool

runGaunt         = False
runGaugeA        = False
runGaugeB        = False
runGaugeC        = False
runGaugeD        = False
runGaugeDelta    = False

molecule = [ ["Ne", 10, 0.0, 0.0, 0.0, 54, 54] ]

# With the paramenters I got from Robert, the error is (1) higher than
#  what he gets and (2) dominated by the width of the Gaussian
# I get a much better agreement with the ideal value IF the Gaussian
#  size is reduced by one order of magnitude 3e4->3e5 for Ar
# It seems the position of the nucleus is also important: I get bad
#  results from D2 if I move the nucleus
# Higher prec with off centered nucleus is too demanding for my laptop

**************************************
10 [0.0, 0.0, 0.0]
Fermi Dirac potential
Using Half Charge Radius for Ne: 5.0449447293e-05
Integral of the Fermi-Dirac distribution via cartesian 3D integration: 0.742269396814775
The normalization constant is: 13.472197618428
Integral of the Fermi-Dirac distribution via 3D integration: 9.999999999999979
3D density

*FunctionTree: nn
  genNodes: 0
  square norm: 7.00266e+13
  root scale: 0
  order: 7
  nodes: 1288
  endNodes: 1128
  nodes per scale: 
    scale=0  nodes=8
    scale=1  nodes=64
    scale=2  nodes=64
    scale=3  nodes=64
    scale=4  nodes=64
    scale=5  nodes=64
    scale=6  nodes=64
    scale=7  nodes=64
    scale=8  nodes=64
    scale=9  nodes=64
    scale=10  nodes=64
    scale=11  nodes=64
    scale=12  nodes=64
    scale=13  nodes=512

3D potential

*FunctionTree: nn
  genNodes: 0
  square norm: 1534.78
  root scale: 0
  order: 7
  nodes: 904
  endNodes: 792
  nodes per scale: 
    scale=0  nodes=8
    scale=1  nodes=64
    scale=2  nodes=64
    scale=3  nodes=64
    scale=4  nodes=64
    scale=5  nodes=64
    scale=6  nodes=64
    scale=7  nodes=64
    scale=8  nodes=64
    scale=9  nodes=64
    scale=10  nodes=64
    scale=11  nodes=64
    scale=12  nodes=64
    scale=13  nodes=64
    scale=14  nodes=64

Potential

*FunctionTree: nn
  genNodes: 0
  square norm: 1534.78
  root scale: 0
  order: 7
  nodes: 904
  endNodes: 792
  nodes per scale: 
    scale=0  nodes=8
    scale=1  nodes=64
    scale=2  nodes=64
    scale=3  nodes=64
    scale=4  nodes=64
    scale=5  nodes=64
    scale=6  nodes=64
    scale=7  nodes=64
    scale=8  nodes=64
    scale=9  nodes=64
    scale=10  nodes=64
    scale=11  nodes=64
    scale=12  nodes=64
    scale=13  nodes=64
    scale=14  nodes=64

Number of Atoms =  1
[['Ne', 10, 0.0, 0.0, 0.0, 54, 54]]
Using derivative  ABGV
One-electron calculations 0.0001
calc_dirac_mu 100.00906761057905 18728.79377208134 137.035999139
Error 0.000774774326749087
Delta E 18728.79377208134
Energy -50.071287942671916
Converged?  0.000774774326749087  >  0.001   ----   18728.79377208134  >  1e-05   ----  iteration 0
calc_dirac_mu 100.05517849298664 18728.770654987322 137.035999139
Error 0.0005363788796757358
Delta E 0.023117094016924966
Energy -50.09440503668884
Converged?  0.0005363788796757358  >  0.001   ----   0.023117094016924966  >  1e-05   ----  iteration 1
calc_dirac_mu 100.05604802148937 18728.77021906019 137.035999139
Error 0.0002927349871219197
Delta E 0.00043592713336693123
Energy -50.09484096382221
Converged?  0.0002927349871219197  >  0.001   ----   0.00043592713336693123  >  1e-05   ----  iteration 2
calc_dirac_mu 100.05612481900287 18728.770180558724 137.035999139
Error 0.00015488143793418197
Delta E 3.850146458717063e-05
Energy -50.094879465286795
Converged?  0.00015488143793418197  >  0.001   ----   3.850146458717063e-05  >  1e-05   ----  iteration 3
calc_dirac_mu 100.05616690375525 18728.770159460066 137.035999139
Error 8.054838462460127e-05
Delta E 2.109865818056278e-05
Energy -50.094900563944975
Converged?  8.054838462460127e-05  >  0.001   ----   2.109865818056278e-05  >  1e-05   ----  iteration 4
calc_dirac_mu 100.05618170261985 18728.77015204084 137.035999139
Error 4.1392638350639146e-05
Delta E 7.419224857585505e-06
Energy -50.09490798316983
Converged?  4.1392638350639146e-05  >  0.001   ----   7.419224857585505e-06  >  1e-05   ----  iteration 5
calc_dirac_mu 100.0561879314595 18728.77014891809 137.035999139
Error 2.1102660724844322e-05
Delta E 3.122750058537349e-06
Energy -50.09491110591989
Converged?  2.1102660724844322e-05  >  0.001   ----   3.122750058537349e-06  >  1e-05   ----  iteration 6
calc_dirac_mu 100.05619092922109 18728.7701474152 137.035999139
Error 1.0701477208450964e-05
Delta E 1.5028890629764646e-06
Energy -50.094912608808954
Converged?  1.0701477208450964e-05  >  0.001   ----   1.5028890629764646e-06  >  1e-05   ----  iteration 7
calc_dirac_mu 100.05619224018673 18728.770146757965 137.035999139
Error 5.4071454851708415e-06
Delta E 6.572372512891889e-07
Energy -50.094913266046206
Converged?  5.4071454851708415e-06  >  0.001   ----   6.572372512891889e-07  >  1e-05   ----  iteration 8
Classic-like energies: cke = 50.558952280129574, cpe = -100.53161265978103, cke + cpe = -49.97266037965146
Exact Energy = -50.06674201684291
Dirac Energy = -50.09491358376181
Kutze Energy = -50.039329330939374
Error Kutze  = 0.027412685903982492
Error Dirac  = -0.02817156691889977
Delta Energy = -3.1771560315974057e-07
Dirac - Kutzelnigg = -0.05558425282288226

PARAMETERS:
molecule    = [['Ne', 10, 0.0, 0.0, 0.0, 54, 54]]
D2          = False
prec        = 4
derivative  = ABGV
box         = 1

-------------------------------
Ne 1 0 4 ABGV 1
-------------------------------
Now executing: python test.py Input_Making/input__Ne104BS.txt
Input file: Input_Making/input__Ne104BS.txt
Output file: outputs/output__Ne104BS.txt
light_speed = 137.03599913900001  # default 137.03599913900001
derivative = "BS"         # possible values: PH, ABGV, BS
order = 7
box = 1
prec = 1.0e-4                 # precision threshold for the MRA operations
thr  = 1.0e-3                  # error threshold for SCF convergence

readPotential    = False         # bool
computePotential = True         # bool 
savePotential    = False         # bool
potential = "fermi_dirac"       # possible values: point_charge coulomb_HFYGB homogeneus_charge_sphere gaussian

readOrbitals     = False         # bool
saveOrbitals     = False         # bool
saveGuess        = False

scf              = True
ktrs             = False
D2               = False         # bool
two_electrons    = False         # bool

runGaunt         = False
runGaugeA        = False
runGaugeB        = False
runGaugeC        = False
runGaugeD        = False
runGaugeDelta    = False

molecule = [ ["Ne", 10, 0.0, 0.0, 0.0, 54, 54] ]

# With the paramenters I got from Robert, the error is (1) higher than
#  what he gets and (2) dominated by the width of the Gaussian
# I get a much better agreement with the ideal value IF the Gaussian
#  size is reduced by one order of magnitude 3e4->3e5 for Ar
# It seems the position of the nucleus is also important: I get bad
#  results from D2 if I move the nucleus
# Higher prec with off centered nucleus is too demanding for my laptop

**************************************
10 [0.0, 0.0, 0.0]
Fermi Dirac potential
Using Half Charge Radius for Ne: 5.0449447293e-05
Integral of the Fermi-Dirac distribution via cartesian 3D integration: 0.742269396814775
The normalization constant is: 13.472197618428
Integral of the Fermi-Dirac distribution via 3D integration: 9.999999999999979
3D density

*FunctionTree: nn
  genNodes: 0
  square norm: 7.00266e+13
  root scale: 0
  order: 7
  nodes: 1288
  endNodes: 1128
  nodes per scale: 
    scale=0  nodes=8
    scale=1  nodes=64
    scale=2  nodes=64
    scale=3  nodes=64
    scale=4  nodes=64
    scale=5  nodes=64
    scale=6  nodes=64
    scale=7  nodes=64
    scale=8  nodes=64
    scale=9  nodes=64
    scale=10  nodes=64
    scale=11  nodes=64
    scale=12  nodes=64
    scale=13  nodes=512

3D potential

*FunctionTree: nn
  genNodes: 0
  square norm: 1534.78
  root scale: 0
  order: 7
  nodes: 904
  endNodes: 792
  nodes per scale: 
    scale=0  nodes=8
    scale=1  nodes=64
    scale=2  nodes=64
    scale=3  nodes=64
    scale=4  nodes=64
    scale=5  nodes=64
    scale=6  nodes=64
    scale=7  nodes=64
    scale=8  nodes=64
    scale=9  nodes=64
    scale=10  nodes=64
    scale=11  nodes=64
    scale=12  nodes=64
    scale=13  nodes=64
    scale=14  nodes=64

Potential

*FunctionTree: nn
  genNodes: 0
  square norm: 1534.78
  root scale: 0
  order: 7
  nodes: 904
  endNodes: 792
  nodes per scale: 
    scale=0  nodes=8
    scale=1  nodes=64
    scale=2  nodes=64
    scale=3  nodes=64
    scale=4  nodes=64
    scale=5  nodes=64
    scale=6  nodes=64
    scale=7  nodes=64
    scale=8  nodes=64
    scale=9  nodes=64
    scale=10  nodes=64
    scale=11  nodes=64
    scale=12  nodes=64
    scale=13  nodes=64
    scale=14  nodes=64

Number of Atoms =  1
[['Ne', 10, 0.0, 0.0, 0.0, 54, 54]]
Using derivative  BS
One-electron calculations 0.0001
calc_dirac_mu 100.09410183484303 18728.751141251512 137.035999139
Error 0.0009654225019651798
Delta E 18728.751141251512
Energy -50.11391877249844
Converged?  0.0009654225019651798  >  0.001   ----   18728.751141251512  >  1e-05   ----  iteration 0
calc_dirac_mu 99.99836711752303 18728.799136630943 137.035999139
Error 0.0003375832616945025
Delta E 0.047995379431085894
Energy -50.06592339306735
Converged?  0.0003375832616945025  >  0.001   ----   0.047995379431085894  >  1e-05   ----  iteration 1
calc_dirac_mu 99.9982791888994 18728.79918071278 137.035999139
Error 0.00018590918717185776
Delta E 4.408183667692356e-05
Energy -50.065879311230674
Converged?  0.00018590918717185776  >  0.001   ----   4.408183667692356e-05  >  1e-05   ----  iteration 2
calc_dirac_mu 99.998301792334 18728.79916938085 137.035999139
Error 0.00010007672756468335
Delta E 1.1331929272273555e-05
Energy -50.065890643159946
Converged?  0.00010007672756468335  >  0.001   ----   1.1331929272273555e-05  >  1e-05   ----  iteration 3
calc_dirac_mu 99.9983077242465 18728.799166406967 137.035999139
Error 5.272977464596205e-05
Delta E 2.973883965751156e-06
Energy -50.06589361704391
Converged?  5.272977464596205e-05  >  0.001   ----   2.973883965751156e-06  >  1e-05   ----  iteration 4
calc_dirac_mu 99.99830924725943 18728.799165643424 137.035999139
Error 2.735319608177772e-05
Delta E 7.635426300112158e-07
Energy -50.06589438058654
Converged?  2.735319608177772e-05  >  0.001   ----   7.635426300112158e-07  >  1e-05   ----  iteration 5
Classic-like energies: cke = 50.515854695491115, cpe = -100.50120139591178, cke + cpe = -49.98534670042066
Exact Energy = -50.06674201684291
Dirac Energy = -50.06589458482267
Kutze Energy = -50.052049551106435
Error Kutze  = 0.01469246573469718
Error Dirac  = 0.000847432020236738
Delta Energy = -2.0423613023012877e-07
Dirac - Kutzelnigg = -0.013845033714460442

PARAMETERS:
molecule    = [['Ne', 10, 0.0, 0.0, 0.0, 54, 54]]
D2          = False
prec        = 4
derivative  = BS
box         = 1

-------------------------------
Ne 1 0 4 BS 1
-------------------------------
Now executing: python test.py Input_Making/input__Ne104PH.txt
Input file: Input_Making/input__Ne104PH.txt
Output file: outputs/output__Ne104PH.txt
light_speed = 137.03599913900001  # default 137.03599913900001
derivative = "PH"         # possible values: PH, ABGV, BS
order = 7
box = 1
prec = 1.0e-4                 # precision threshold for the MRA operations
thr  = 1.0e-3                  # error threshold for SCF convergence

readPotential    = False         # bool
computePotential = True         # bool 
savePotential    = False         # bool
potential = "fermi_dirac"       # possible values: point_charge coulomb_HFYGB homogeneus_charge_sphere gaussian

readOrbitals     = False         # bool
saveOrbitals     = False         # bool
saveGuess        = False

scf              = True
ktrs             = False
D2               = False         # bool
two_electrons    = False         # bool

runGaunt         = False
runGaugeA        = False
runGaugeB        = False
runGaugeC        = False
runGaugeD        = False
runGaugeDelta    = False

molecule = [ ["Ne", 10, 0.0, 0.0, 0.0, 54, 54] ]

# With the paramenters I got from Robert, the error is (1) higher than
#  what he gets and (2) dominated by the width of the Gaussian
# I get a much better agreement with the ideal value IF the Gaussian
#  size is reduced by one order of magnitude 3e4->3e5 for Ar
# It seems the position of the nucleus is also important: I get bad
#  results from D2 if I move the nucleus
# Higher prec with off centered nucleus is too demanding for my laptop

**************************************
10 [0.0, 0.0, 0.0]
Fermi Dirac potential
Using Half Charge Radius for Ne: 5.0449447293e-05
Integral of the Fermi-Dirac distribution via cartesian 3D integration: 0.742269396814775
The normalization constant is: 13.472197618428
Integral of the Fermi-Dirac distribution via 3D integration: 9.999999999999979
3D density

*FunctionTree: nn
  genNodes: 0
  square norm: 7.00266e+13
  root scale: 0
  order: 7
  nodes: 1288
  endNodes: 1128
  nodes per scale: 
    scale=0  nodes=8
    scale=1  nodes=64
    scale=2  nodes=64
    scale=3  nodes=64
    scale=4  nodes=64
    scale=5  nodes=64
    scale=6  nodes=64
    scale=7  nodes=64
    scale=8  nodes=64
    scale=9  nodes=64
    scale=10  nodes=64
    scale=11  nodes=64
    scale=12  nodes=64
    scale=13  nodes=512

3D potential

*FunctionTree: nn
  genNodes: 0
  square norm: 1534.78
  root scale: 0
  order: 7
  nodes: 904
  endNodes: 792
  nodes per scale: 
    scale=0  nodes=8
    scale=1  nodes=64
    scale=2  nodes=64
    scale=3  nodes=64
    scale=4  nodes=64
    scale=5  nodes=64
    scale=6  nodes=64
    scale=7  nodes=64
    scale=8  nodes=64
    scale=9  nodes=64
    scale=10  nodes=64
    scale=11  nodes=64
    scale=12  nodes=64
    scale=13  nodes=64
    scale=14  nodes=64

Potential

*FunctionTree: nn
  genNodes: 0
  square norm: 1534.78
  root scale: 0
  order: 7
  nodes: 904
  endNodes: 792
  nodes per scale: 
    scale=0  nodes=8
    scale=1  nodes=64
    scale=2  nodes=64
    scale=3  nodes=64
    scale=4  nodes=64
    scale=5  nodes=64
    scale=6  nodes=64
    scale=7  nodes=64
    scale=8  nodes=64
    scale=9  nodes=64
    scale=10  nodes=64
    scale=11  nodes=64
    scale=12  nodes=64
    scale=13  nodes=64
    scale=14  nodes=64

Number of Atoms =  1
[['Ne', 10, 0.0, 0.0, 0.0, 54, 54]]
Using derivative  PH
One-electron calculations 0.0001
calc_dirac_mu 100.27699492222905 18728.65944979302 137.035999139
Error 0.0013121427211353364
Delta E 18728.65944979302
Energy -50.205610230990715
Converged?  0.0013121427211353364  >  0.001   ----   18728.65944979302  >  1e-05   ----  iteration 0
calc_dirac_mu 99.96594321766693 18728.815391911685 137.035999139
Error 0.00016568508118329562
Delta E 0.1559421186648251
Energy -50.04966811232589
Converged?  0.00016568508118329562  >  0.001   ----   0.1559421186648251  >  1e-05   ----  iteration 1
calc_dirac_mu 99.96556450458179 18728.81558177425 137.035999139
Error 7.305891874710964e-05
Delta E 0.00018986256691277958
Energy -50.04947824975898
Converged?  7.305891874710964e-05  >  0.001   ----   0.00018986256691277958  >  1e-05   ----  iteration 2
calc_dirac_mu 99.96553785590238 18728.815595134198 137.035999139
Error 3.723468023073364e-05
Delta E 1.335994602413848e-05
Energy -50.04946488981295
Converged?  3.723468023073364e-05  >  0.001   ----   1.335994602413848e-05  >  1e-05   ----  iteration 3
calc_dirac_mu 99.96552517268935 18728.81560149275 137.035999139
Error 1.989608930551935e-05
Delta E 6.35855394648388e-06
Energy -50.049458531259006
Converged?  1.989608930551935e-05  >  0.001   ----   6.35855394648388e-06  >  1e-05   ----  iteration 4
calc_dirac_mu 99.9655202661625 18728.81560395257 137.035999139
Error 1.061324269933324e-05
Delta E 2.4598193704150617e-06
Energy -50.049456071439636
Converged?  1.061324269933324e-05  >  0.001   ----   2.4598193704150617e-06  >  1e-05   ----  iteration 5
calc_dirac_mu 99.96551819956552 18728.81560498863 137.035999139
Error 5.582744211800266e-06
Delta E 1.036059984471649e-06
Energy -50.04945503537965
Converged?  5.582744211800266e-06  >  0.001   ----   1.036059984471649e-06  >  1e-05   ----  iteration 6
calc_dirac_mu 99.96551727996707 18728.815605449658 137.035999139
Error 2.8967422412238996e-06
Delta E 4.610265023075044e-07
Energy -50.04945457435315
Converged?  2.8967422412238996e-06  >  0.001   ----   4.610265023075044e-07  >  1e-05   ----  iteration 7
Classic-like energies: cke = 50.50501592649499, cpe = -100.49431774953261, cke + cpe = -49.98930182303762
Exact Energy = -50.06674201684291
Dirac Energy = -50.04945436116395
Kutze Energy = -50.056015244060106
Error Kutze  = 0.01072677278352785
Error Dirac  = 0.01728765567895607
Delta Energy = 2.1318919607438147e-07
Dirac - Kutzelnigg = 0.006560882895428222

PARAMETERS:
molecule    = [['Ne', 10, 0.0, 0.0, 0.0, 54, 54]]
D2          = False
prec        = 4
derivative  = PH
box         = 1

-------------------------------
Ne 1 0 4 PH 1
-------------------------------
Now executing: python test.py Input_Making/input__Ne105ABGV.txt
Input file: Input_Making/input__Ne105ABGV.txt
Output file: outputs/output__Ne105ABGV.txt
light_speed = 137.03599913900001  # default 137.03599913900001
derivative = "ABGV"         # possible values: PH, ABGV, BS
order = 8
box = 1
prec = 1.0e-5                 # precision threshold for the MRA operations
thr  = 1.0e-4                  # error threshold for SCF convergence

readPotential    = False         # bool
computePotential = True         # bool 
savePotential    = False         # bool
potential = "fermi_dirac"       # possible values: point_charge coulomb_HFYGB homogeneus_charge_sphere gaussian

readOrbitals     = False         # bool
saveOrbitals     = False         # bool
saveGuess        = False

scf              = True
ktrs             = False
D2               = False         # bool
two_electrons    = False         # bool

runGaunt         = False
runGaugeA        = False
runGaugeB        = False
runGaugeC        = False
runGaugeD        = False
runGaugeDelta    = False

molecule = [ ["Ne", 10, 0.0, 0.0, 0.0, 54, 54] ]

# With the paramenters I got from Robert, the error is (1) higher than
#  what he gets and (2) dominated by the width of the Gaussian
# I get a much better agreement with the ideal value IF the Gaussian
#  size is reduced by one order of magnitude 3e4->3e5 for Ar
# It seems the position of the nucleus is also important: I get bad
#  results from D2 if I move the nucleus
# Higher prec with off centered nucleus is too demanding for my laptop

**************************************
10 [0.0, 0.0, 0.0]
Fermi Dirac potential
Using Half Charge Radius for Ne: 5.0449447293e-05
Integral of the Fermi-Dirac distribution via cartesian 3D integration: 0.7422693968745828
The normalization constant is: 13.472197617342488
Integral of the Fermi-Dirac distribution via 3D integration: 9.99999999999975
3D density

*FunctionTree: nn
  genNodes: 0
  square norm: 7.00266e+13
  root scale: 0
  order: 8
  nodes: 1288
  endNodes: 1128
  nodes per scale: 
    scale=0  nodes=8
    scale=1  nodes=64
    scale=2  nodes=64
    scale=3  nodes=64
    scale=4  nodes=64
    scale=5  nodes=64
    scale=6  nodes=64
    scale=7  nodes=64
    scale=8  nodes=64
    scale=9  nodes=64
    scale=10  nodes=64
    scale=11  nodes=64
    scale=12  nodes=64
    scale=13  nodes=512

3D potential

*FunctionTree: nn
  genNodes: 0
  square norm: 1534.78
  root scale: 0
  order: 8
  nodes: 904
  endNodes: 792
  nodes per scale: 
    scale=0  nodes=8
    scale=1  nodes=64
    scale=2  nodes=64
    scale=3  nodes=64
    scale=4  nodes=64
    scale=5  nodes=64
    scale=6  nodes=64
    scale=7  nodes=64
    scale=8  nodes=64
    scale=9  nodes=64
    scale=10  nodes=64
    scale=11  nodes=64
    scale=12  nodes=64
    scale=13  nodes=64
    scale=14  nodes=64

Potential

*FunctionTree: nn
  genNodes: 0
  square norm: 1534.78
  root scale: 0
  order: 8
  nodes: 904
  endNodes: 792
  nodes per scale: 
    scale=0  nodes=8
    scale=1  nodes=64
    scale=2  nodes=64
    scale=3  nodes=64
    scale=4  nodes=64
    scale=5  nodes=64
    scale=6  nodes=64
    scale=7  nodes=64
    scale=8  nodes=64
    scale=9  nodes=64
    scale=10  nodes=64
    scale=11  nodes=64
    scale=12  nodes=64
    scale=13  nodes=64
    scale=14  nodes=64

Number of Atoms =  1
[['Ne', 10, 0.0, 0.0, 0.0, 54, 54]]
Using derivative  ABGV
One-electron calculations 1e-05
calc_dirac_mu 100.00021113268873 18728.79821215862 137.035999139
Error 0.000765418807402605
Delta E 18728.79821215862
Energy -50.06684786538972
Converged?  0.000765418807402605  >  0.0001   ----   18728.79821215862  >  1.0000000000000002e-06   ----  iteration 0
calc_dirac_mu 100.00303364706019 18728.796797128733 137.035999139
Error 0.00044354857536487715
Delta E 0.001415029888448771
Energy -50.06826289527817
Converged?  0.00044354857536487715  >  0.0001   ----   0.001415029888448771  >  1.0000000000000002e-06   ----  iteration 1
calc_dirac_mu 100.0032712465552 18728.796678011393 137.035999139
Error 0.00024334476537487553
Delta E 0.00011911733963643201
Energy -50.0683820126178
Converged?  0.00024334476537487553  >  0.0001   ----   0.00011911733963643201  >  1.0000000000000002e-06   ----  iteration 2
calc_dirac_mu 100.00330229730368 18728.796662444514 137.035999139
Error 0.00012964815889213957
Delta E 1.5566878573736176e-05
Energy -50.06839757949638
Converged?  0.00012964815889213957  >  0.0001   ----   1.5566878573736176e-05  >  1.0000000000000002e-06   ----  iteration 3
calc_dirac_mu 100.00331222665059 18728.79665746657 137.035999139
Error 6.773268094551639e-05
Delta E 4.977944627171382e-06
Energy -50.068402557441004
Converged?  6.773268094551639e-05  >  0.0001   ----   4.977944627171382e-06  >  1.0000000000000002e-06   ----  iteration 4
calc_dirac_mu 100.0033145134172 18728.79665632013 137.035999139
Error 3.491506437117528e-05
Delta E 1.1464398994576186e-06
Energy -50.068403703880904
Converged?  3.491506437117528e-05  >  0.0001   ----   1.1464398994576186e-06  >  1.0000000000000002e-06   ----  iteration 5
calc_dirac_mu 100.00331508787502 18728.796656032133 137.035999139
Error 1.783583083052116e-05
Delta E 2.8799695428460836e-07
Energy -50.06840399187786
Converged?  1.783583083052116e-05  >  0.0001   ----   2.8799695428460836e-07  >  1.0000000000000002e-06   ----  iteration 6
calc_dirac_mu 100.00331523266466 18728.796655959544 137.035999139
Error 9.05547305677676e-06
Delta E 7.258859113790095e-08
Energy -50.06840406446645
Converged?  9.05547305677676e-06  >  0.0001   ----   7.258859113790095e-08  >  1.0000000000000002e-06   ----  iteration 7
Classic-like energies: cke = 50.5359932288859, cpe = -100.52547765252372, cke + cpe = -49.98948442363782
Exact Energy = -50.06674201684291
Dirac Energy = -50.06840408329299
Kutze Energy = -50.056198332693164
Error Kutze  = 0.010543684151343768
Error Dirac  = -0.0016620664500806015
Delta Energy = -1.8826540326699615e-08
Dirac - Kutzelnigg = -0.01220575060142437

PARAMETERS:
molecule    = [['Ne', 10, 0.0, 0.0, 0.0, 54, 54]]
D2          = False
prec        = 5
derivative  = ABGV
box         = 1

-------------------------------
Ne 1 0 5 ABGV 1
-------------------------------
Now executing: python test.py Input_Making/input__Ne105BS.txt
Input file: Input_Making/input__Ne105BS.txt
Output file: outputs/output__Ne105BS.txt
light_speed = 137.03599913900001  # default 137.03599913900001
derivative = "BS"         # possible values: PH, ABGV, BS
order = 8
box = 1
prec = 1.0e-5                 # precision threshold for the MRA operations
thr  = 1.0e-4                  # error threshold for SCF convergence

readPotential    = False         # bool
computePotential = True         # bool 
savePotential    = False         # bool
potential = "fermi_dirac"       # possible values: point_charge coulomb_HFYGB homogeneus_charge_sphere gaussian

readOrbitals     = False         # bool
saveOrbitals     = False         # bool
saveGuess        = False

scf              = True
ktrs             = False
D2               = False         # bool
two_electrons    = False         # bool

runGaunt         = False
runGaugeA        = False
runGaugeB        = False
runGaugeC        = False
runGaugeD        = False
runGaugeDelta    = False

molecule = [ ["Ne", 10, 0.0, 0.0, 0.0, 54, 54] ]

# With the paramenters I got from Robert, the error is (1) higher than
#  what he gets and (2) dominated by the width of the Gaussian
# I get a much better agreement with the ideal value IF the Gaussian
#  size is reduced by one order of magnitude 3e4->3e5 for Ar
# It seems the position of the nucleus is also important: I get bad
#  results from D2 if I move the nucleus
# Higher prec with off centered nucleus is too demanding for my laptop

**************************************
10 [0.0, 0.0, 0.0]
Fermi Dirac potential
Using Half Charge Radius for Ne: 5.0449447293e-05
Integral of the Fermi-Dirac distribution via cartesian 3D integration: 0.7422693968745828
The normalization constant is: 13.472197617342488
Integral of the Fermi-Dirac distribution via 3D integration: 9.99999999999975
3D density

*FunctionTree: nn
  genNodes: 0
  square norm: 7.00266e+13
  root scale: 0
  order: 8
  nodes: 1288
  endNodes: 1128
  nodes per scale: 
    scale=0  nodes=8
    scale=1  nodes=64
    scale=2  nodes=64
    scale=3  nodes=64
    scale=4  nodes=64
    scale=5  nodes=64
    scale=6  nodes=64
    scale=7  nodes=64
    scale=8  nodes=64
    scale=9  nodes=64
    scale=10  nodes=64
    scale=11  nodes=64
    scale=12  nodes=64
    scale=13  nodes=512

3D potential

*FunctionTree: nn
  genNodes: 0
  square norm: 1534.78
  root scale: 0
  order: 8
  nodes: 904
  endNodes: 792
  nodes per scale: 
    scale=0  nodes=8
    scale=1  nodes=64
    scale=2  nodes=64
    scale=3  nodes=64
    scale=4  nodes=64
    scale=5  nodes=64
    scale=6  nodes=64
    scale=7  nodes=64
    scale=8  nodes=64
    scale=9  nodes=64
    scale=10  nodes=64
    scale=11  nodes=64
    scale=12  nodes=64
    scale=13  nodes=64
    scale=14  nodes=64

Potential

*FunctionTree: nn
  genNodes: 0
  square norm: 1534.78
  root scale: 0
  order: 8
  nodes: 904
  endNodes: 792
  nodes per scale: 
    scale=0  nodes=8
    scale=1  nodes=64
    scale=2  nodes=64
    scale=3  nodes=64
    scale=4  nodes=64
    scale=5  nodes=64
    scale=6  nodes=64
    scale=7  nodes=64
    scale=8  nodes=64
    scale=9  nodes=64
    scale=10  nodes=64
    scale=11  nodes=64
    scale=12  nodes=64
    scale=13  nodes=64
    scale=14  nodes=64

Number of Atoms =  1
[['Ne', 10, 0.0, 0.0, 0.0, 54, 54]]
Using derivative  BS
One-electron calculations 1e-05
calc_dirac_mu 100.0252498461768 18728.785659330242 137.035999139
Error 0.0008150748078959418
Delta E 18728.785659330242
Energy -50.07940069376855
Converged?  0.0008150748078959418  >  0.0001   ----   18728.785659330242  >  1.0000000000000002e-06   ----  iteration 0
calc_dirac_mu 100.00183987433637 18728.79739561076 137.035999139
Error 0.0004159623150355508
Delta E 0.01173628051765263
Energy -50.067664413250895
Converged?  0.0004159623150355508  >  0.0001   ----   0.01173628051765263  >  1.0000000000000002e-06   ----  iteration 1
calc_dirac_mu 100.00165702085518 18728.79748728191 137.035999139
Error 0.00022789981077669195
Delta E 9.167115058517084e-05
Energy -50.06757274210031
Converged?  0.00022789981077669195  >  0.0001   ----   9.167115058517084e-05  >  1.0000000000000002e-06   ----  iteration 2
calc_dirac_mu 100.00169344570926 18728.797469020796 137.035999139
Error 0.00012174481347604002
Delta E 1.8261114746565e-05
Energy -50.06759100321506
Converged?  0.00012174481347604002  >  0.0001   ----   1.8261114746565e-05  >  1.0000000000000002e-06   ----  iteration 3
calc_dirac_mu 100.0017030673786 18728.7974641971 137.035999139
Error 6.372727157193286e-05
Delta E 4.823694325750694e-06
Energy -50.06759582690938
Converged?  6.372727157193286e-05  >  0.0001   ----   4.823694325750694e-06  >  1.0000000000000002e-06   ----  iteration 4
calc_dirac_mu 100.00170569230616 18728.797462881128 137.035999139
Error 3.289670755663322e-05
Delta E 1.3159733498468995e-06
Energy -50.06759714288273
Converged?  3.289670755663322e-05  >  0.0001   ----   1.3159733498468995e-06  >  1.0000000000000002e-06   ----  iteration 5
calc_dirac_mu 100.00170647571025 18728.79746248838 137.035999139
Error 1.682140876420555e-05
Delta E 3.9274891605600715e-07
Energy -50.06759753563165
Converged?  1.682140876420555e-05  >  0.0001   ----   3.9274891605600715e-07  >  1.0000000000000002e-06   ----  iteration 6
calc_dirac_mu 100.00170673598055 18728.797462357896 137.035999139
Error 8.54630195311134e-06
Delta E 1.3048338587395847e-07
Energy -50.067597666115034
Converged?  8.54630195311134e-06  >  0.0001   ----   1.3048338587395847e-07  >  1.0000000000000002e-06   ----  iteration 7
calc_dirac_mu 100.00170683284871 18728.797462309332 137.035999139
Error 4.32317971005906e-06
Delta E 4.8563379095867276e-08
Energy -50.06759771467841
Converged?  4.32317971005906e-06  >  0.0001   ----   4.8563379095867276e-08  >  1.0000000000000002e-06   ----  iteration 8
Classic-like energies: cke = 50.52992828686362, cpe = -100.52320452357823, cke + cpe = -49.99327623671461
Exact Energy = -50.06674201684291
Dirac Energy = -50.06759773487647
Kutze Energy = -50.06000028047438
Error Kutze  = 0.0067417363679851405
Error Dirac  = -0.00085571803356288
Delta Energy = -2.019805833697319e-08
Dirac - Kutzelnigg = -0.0075974544015480205

PARAMETERS:
molecule    = [['Ne', 10, 0.0, 0.0, 0.0, 54, 54]]
D2          = False
prec        = 5
derivative  = BS
box         = 1

-------------------------------
Ne 1 0 5 BS 1
-------------------------------
Now executing: python test.py Input_Making/input__Ne105PH.txt
Input file: Input_Making/input__Ne105PH.txt
Output file: outputs/output__Ne105PH.txt
light_speed = 137.03599913900001  # default 137.03599913900001
derivative = "PH"         # possible values: PH, ABGV, BS
order = 8
box = 1
prec = 1.0e-5                 # precision threshold for the MRA operations
thr  = 1.0e-4                  # error threshold for SCF convergence

readPotential    = False         # bool
computePotential = True         # bool 
savePotential    = False         # bool
potential = "fermi_dirac"       # possible values: point_charge coulomb_HFYGB homogeneus_charge_sphere gaussian

readOrbitals     = False         # bool
saveOrbitals     = False         # bool
saveGuess        = False

scf              = True
ktrs             = False
D2               = False         # bool
two_electrons    = False         # bool

runGaunt         = False
runGaugeA        = False
runGaugeB        = False
runGaugeC        = False
runGaugeD        = False
runGaugeDelta    = False

molecule = [ ["Ne", 10, 0.0, 0.0, 0.0, 54, 54] ]

# With the paramenters I got from Robert, the error is (1) higher than
#  what he gets and (2) dominated by the width of the Gaussian
# I get a much better agreement with the ideal value IF the Gaussian
#  size is reduced by one order of magnitude 3e4->3e5 for Ar
# It seems the position of the nucleus is also important: I get bad
#  results from D2 if I move the nucleus
# Higher prec with off centered nucleus is too demanding for my laptop

**************************************
10 [0.0, 0.0, 0.0]
Fermi Dirac potential
Using Half Charge Radius for Ne: 5.0449447293e-05
Integral of the Fermi-Dirac distribution via cartesian 3D integration: 0.7422693968745828
The normalization constant is: 13.472197617342488
Integral of the Fermi-Dirac distribution via 3D integration: 9.99999999999975
3D density

*FunctionTree: nn
  genNodes: 0
  square norm: 7.00266e+13
  root scale: 0
  order: 8
  nodes: 1288
  endNodes: 1128
  nodes per scale: 
    scale=0  nodes=8
    scale=1  nodes=64
    scale=2  nodes=64
    scale=3  nodes=64
    scale=4  nodes=64
    scale=5  nodes=64
    scale=6  nodes=64
    scale=7  nodes=64
    scale=8  nodes=64
    scale=9  nodes=64
    scale=10  nodes=64
    scale=11  nodes=64
    scale=12  nodes=64
    scale=13  nodes=512

3D potential

*FunctionTree: nn
  genNodes: 0
  square norm: 1534.78
  root scale: 0
  order: 8
  nodes: 904
  endNodes: 792
  nodes per scale: 
    scale=0  nodes=8
    scale=1  nodes=64
    scale=2  nodes=64
    scale=3  nodes=64
    scale=4  nodes=64
    scale=5  nodes=64
    scale=6  nodes=64
    scale=7  nodes=64
    scale=8  nodes=64
    scale=9  nodes=64
    scale=10  nodes=64
    scale=11  nodes=64
    scale=12  nodes=64
    scale=13  nodes=64
    scale=14  nodes=64

Potential

*FunctionTree: nn
  genNodes: 0
  square norm: 1534.78
  root scale: 0
  order: 8
  nodes: 904
  endNodes: 792
  nodes per scale: 
    scale=0  nodes=8
    scale=1  nodes=64
    scale=2  nodes=64
    scale=3  nodes=64
    scale=4  nodes=64
    scale=5  nodes=64
    scale=6  nodes=64
    scale=7  nodes=64
    scale=8  nodes=64
    scale=9  nodes=64
    scale=10  nodes=64
    scale=11  nodes=64
    scale=12  nodes=64
    scale=13  nodes=64
    scale=14  nodes=64

Number of Atoms =  1
[['Ne', 10, 0.0, 0.0, 0.0, 54, 54]]
Using derivative  PH
One-electron calculations 1e-05
calc_dirac_mu 100.01141633789834 18728.79259457799 137.035999139
Error 0.0007875668535555145
Delta E 18728.79259457799
Energy -50.07246544602094
Converged?  0.0007875668535555145  >  0.0001   ----   18728.79259457799  >  1.0000000000000002e-06   ----  iteration 0
calc_dirac_mu 99.993995185639 18728.80132844029 137.035999139
Error 0.0004140423195150514
Delta E 0.008733862301596673
Energy -50.063731583719346
Converged?  0.0004140423195150514  >  0.0001   ----   0.008733862301596673  >  1.0000000000000002e-06   ----  iteration 1
calc_dirac_mu 99.99407393811256 18728.8012889588 137.035999139
Error 0.00022751094142891832
Delta E 3.948149242205545e-05
Energy -50.06377106521177
Converged?  0.00022751094142891832  >  0.0001   ----   3.948149242205545e-05  >  1.0000000000000002e-06   ----  iteration 2
calc_dirac_mu 99.99409898778647 18728.80127640048 137.035999139
Error 0.00012153702086812542
Delta E 1.2558317393995821e-05
Energy -50.06378362352916
Converged?  0.00012153702086812542  >  0.0001   ----   1.2558317393995821e-05  >  1.0000000000000002e-06   ----  iteration 3
calc_dirac_mu 99.99410288258554 18728.801274447876 137.035999139
Error 6.36150350220322e-05
Delta E 1.952605089172721e-06
Energy -50.06378557613425
Converged?  6.36150350220322e-05  >  0.0001   ----   1.952605089172721e-06  >  1.0000000000000002e-06   ----  iteration 4
calc_dirac_mu 99.99410312363392 18728.80127432703 137.035999139
Error 3.283687470280382e-05
Delta E 1.2084638001397252e-07
Energy -50.06378569698063
Converged?  3.283687470280382e-05  >  0.0001   ----   1.2084638001397252e-07  >  1.0000000000000002e-06   ----  iteration 5
calc_dirac_mu 99.99410282574503 18728.801274476373 137.035999139
Error 1.678965820536543e-05
Delta E 1.493426680099219e-07
Energy -50.06378554763796
Converged?  1.678965820536543e-05  >  0.0001   ----   1.493426680099219e-07  >  1.0000000000000002e-06   ----  iteration 6
calc_dirac_mu 99.99410257565702 18728.801274601752 137.035999139
Error 8.529492429066728e-06
Delta E 1.253793016076088e-07
Energy -50.06378542225866
Converged?  8.529492429066728e-06  >  0.0001   ----   1.253793016076088e-07  >  1.0000000000000002e-06   ----  iteration 7
calc_dirac_mu 99.99410242606825 18728.801274676745 137.035999139
Error 4.314295621257436e-06
Delta E 7.499329512938857e-08
Energy -50.063785347265366
Converged?  4.314295621257436e-06  >  0.0001   ----   7.499329512938857e-08  >  1.0000000000000002e-06   ----  iteration 8
Classic-like energies: cke = 50.522566673372424, cpe = -100.5224625806365, cke + cpe = -49.999895907264076
Exact Energy = -50.06674201684291
Dirac Energy = -50.06378530693837
Kutze Energy = -50.0666376458397
Error Kutze  = 0.00010437100354465656
Error Dirac  = 0.002956709904538002
Delta Energy = 4.032699507661164e-08
Dirac - Kutzelnigg = 0.0028523389009933453

PARAMETERS:
molecule    = [['Ne', 10, 0.0, 0.0, 0.0, 54, 54]]
D2          = False
prec        = 5
derivative  = PH
box         = 1

-------------------------------
Ne 1 0 5 PH 1
-------------------------------
Now executing: python test.py Input_Making/input__Ne106ABGV.txt
Input file: Input_Making/input__Ne106ABGV.txt
Output file: outputs/output__Ne106ABGV.txt
light_speed = 137.03599913900001  # default 137.03599913900001
derivative = "ABGV"         # possible values: PH, ABGV, BS
order = 9
box = 1
prec = 1.0e-6                 # precision threshold for the MRA operations
thr  = 1.0e-5                  # error threshold for SCF convergence

readPotential    = False         # bool
computePotential = True         # bool 
savePotential    = False         # bool
potential = "fermi_dirac"       # possible values: point_charge coulomb_HFYGB homogeneus_charge_sphere gaussian

readOrbitals     = False         # bool
saveOrbitals     = False         # bool
saveGuess        = False

scf              = True
ktrs             = False
D2               = False         # bool
two_electrons    = False         # bool

runGaunt         = False
runGaugeA        = False
runGaugeB        = False
runGaugeC        = False
runGaugeD        = False
runGaugeDelta    = False

molecule = [ ["Ne", 10, 0.0, 0.0, 0.0, 54, 54] ]

# With the paramenters I got from Robert, the error is (1) higher than
#  what he gets and (2) dominated by the width of the Gaussian
# I get a much better agreement with the ideal value IF the Gaussian
#  size is reduced by one order of magnitude 3e4->3e5 for Ar
# It seems the position of the nucleus is also important: I get bad
#  results from D2 if I move the nucleus
# Higher prec with off centered nucleus is too demanding for my laptop

**************************************
10 [0.0, 0.0, 0.0]
Fermi Dirac potential
Using Half Charge Radius for Ne: 5.0449447293e-05
Integral of the Fermi-Dirac distribution via cartesian 3D integration: 0.7422453367221425
The normalization constant is: 13.4726343235262
Integral of the Fermi-Dirac distribution via 3D integration: 9.999999999999979
3D density

*FunctionTree: nn
  genNodes: 0
  square norm: 7.00211e+13
  root scale: 0
  order: 9
  nodes: 776
  endNodes: 680
  nodes per scale: 
    scale=0  nodes=8
    scale=1  nodes=64
    scale=2  nodes=64
    scale=3  nodes=64
    scale=4  nodes=64
    scale=5  nodes=64
    scale=6  nodes=64
    scale=7  nodes=64
    scale=8  nodes=64
    scale=9  nodes=64
    scale=10  nodes=64
    scale=11  nodes=64
    scale=12  nodes=64

3D potential

*FunctionTree: nn
  genNodes: 0
  square norm: 1534.78
  root scale: 0
  order: 9
  nodes: 968
  endNodes: 848
  nodes per scale: 
    scale=0  nodes=8
    scale=1  nodes=64
    scale=2  nodes=64
    scale=3  nodes=64
    scale=4  nodes=64
    scale=5  nodes=64
    scale=6  nodes=64
    scale=7  nodes=64
    scale=8  nodes=64
    scale=9  nodes=64
    scale=10  nodes=64
    scale=11  nodes=64
    scale=12  nodes=64
    scale=13  nodes=64
    scale=14  nodes=64
    scale=15  nodes=64

Potential

*FunctionTree: nn
  genNodes: 0
  square norm: 1534.78
  root scale: 0
  order: 9
  nodes: 968
  endNodes: 848
  nodes per scale: 
    scale=0  nodes=8
    scale=1  nodes=64
    scale=2  nodes=64
    scale=3  nodes=64
    scale=4  nodes=64
    scale=5  nodes=64
    scale=6  nodes=64
    scale=7  nodes=64
    scale=8  nodes=64
    scale=9  nodes=64
    scale=10  nodes=64
    scale=11  nodes=64
    scale=12  nodes=64
    scale=13  nodes=64
    scale=14  nodes=64
    scale=15  nodes=64

Number of Atoms =  1
[['Ne', 10, 0.0, 0.0, 0.0, 54, 54]]
Using derivative  ABGV
One-electron calculations 1e-06
calc_dirac_mu 99.99944451483469 18728.798596492226 137.035999139
Error 0.0007634934031935991
Delta E 18728.798596492226
Energy -50.06646353178439
Converged?  0.0007634934031935991  >  9.999999999999999e-06   ----   18728.798596492226  >  1e-07   ----  iteration 0
calc_dirac_mu 99.99933894930196 18728.798649416094 137.035999139
Error 0.00043656070375418536
Delta E 5.292386777000502e-05
Energy -50.06641060791662
Converged?  0.00043656070375418536  >  9.999999999999999e-06   ----   5.292386777000502e-05  >  1e-07   ----  iteration 1
calc_dirac_mu 99.9995086979608 18728.798564314875 137.035999139
Error 0.0002395685634213972
Delta E 8.51012191560585e-05
Energy -50.06649570913578
Converged?  0.0002395685634213972  >  9.999999999999999e-06   ----   8.51012191560585e-05  >  1e-07   ----  iteration 2
calc_dirac_mu 99.99954472879423 18728.7985462513 137.035999139
Error 0.0001277406434266165
Delta E 1.8063576135318726e-05
Energy -50.066513772711914
Converged?  0.0001277406434266165  >  9.999999999999999e-06   ----   1.8063576135318726e-05  >  1e-07   ----  iteration 3
calc_dirac_mu 99.99955342994781 18728.798541889093 137.035999139
Error 6.676985008790434e-05
Delta E 4.362205800134689e-06
Energy -50.066518134917715
Converged?  6.676985008790434e-05  >  9.999999999999999e-06   ----   4.362205800134689e-06  >  1e-07   ----  iteration 4
calc_dirac_mu 99.99955563202818 18728.79854078511 137.035999139
Error 3.4431900784815794e-05
Delta E 1.1039846867788583e-06
Energy -50.0665192389024
Converged?  3.4431900784815794e-05  >  9.999999999999999e-06   ----   1.1039846867788583e-06  >  1e-07   ----  iteration 5
calc_dirac_mu 99.99955614673175 18728.79854052707 137.035999139
Error 1.7593620816698226e-05
Delta E 2.580381988082081e-07
Energy -50.0665194969406
Converged?  1.7593620816698226e-05  >  9.999999999999999e-06   ----   2.580381988082081e-07  >  1e-07   ----  iteration 6
calc_dirac_mu 99.99955626963329 18728.798540465454 137.035999139
Error 8.934103625927776e-06
Delta E 6.161644705571234e-08
Energy -50.06651955855705
Converged?  8.934103625927776e-06  >  9.999999999999999e-06   ----   6.161644705571234e-08  >  1e-07   ----  iteration 7
calc_dirac_mu 99.99955629745682 18728.798540451506 137.035999139
Error 4.517754917959303e-06
Delta E 1.3948010746389627e-08
Energy -50.06651957250506
Converged?  4.517754917959303e-06  >  9.999999999999999e-06   ----   1.3948010746389627e-08  >  1e-07   ----  iteration 8
calc_dirac_mu 99.99955630292884 18728.798540448763 137.035999139
Error 2.278054419005545e-06
Delta E 2.7430360205471516e-09
Energy -50.066519575248094
Converged?  2.278054419005545e-06  >  9.999999999999999e-06   ----   2.7430360205471516e-09  >  1e-07   ----  iteration 9
Classic-like energies: cke = 50.53578308466169, cpe = -100.53459453739691, cke + cpe = -49.998811452735225
Exact Energy = -50.06674201684291
Dirac Energy = -50.06651957557915
Kutze Energy = -50.06555029233099
Error Kutze  = 0.0011917245101358276
Error Dirac  = 0.00022244126375881024
Delta Energy = -3.310560714453459e-10
Dirac - Kutzelnigg = -0.0009692832463770173

PARAMETERS:
molecule    = [['Ne', 10, 0.0, 0.0, 0.0, 54, 54]]
D2          = False
prec        = 6
derivative  = ABGV
box         = 1

-------------------------------
Ne 1 0 6 ABGV 1
-------------------------------
Now executing: python test.py Input_Making/input__Ne106BS.txt
Input file: Input_Making/input__Ne106BS.txt
Output file: outputs/output__Ne106BS.txt
light_speed = 137.03599913900001  # default 137.03599913900001
derivative = "BS"         # possible values: PH, ABGV, BS
order = 9
box = 1
prec = 1.0e-6                 # precision threshold for the MRA operations
thr  = 1.0e-5                  # error threshold for SCF convergence

readPotential    = False         # bool
computePotential = True         # bool 
savePotential    = False         # bool
potential = "fermi_dirac"       # possible values: point_charge coulomb_HFYGB homogeneus_charge_sphere gaussian

readOrbitals     = False         # bool
saveOrbitals     = False         # bool
saveGuess        = False

scf              = True
ktrs             = False
D2               = False         # bool
two_electrons    = False         # bool

runGaunt         = False
runGaugeA        = False
runGaugeB        = False
runGaugeC        = False
runGaugeD        = False
runGaugeDelta    = False

molecule = [ ["Ne", 10, 0.0, 0.0, 0.0, 54, 54] ]

# With the paramenters I got from Robert, the error is (1) higher than
#  what he gets and (2) dominated by the width of the Gaussian
# I get a much better agreement with the ideal value IF the Gaussian
#  size is reduced by one order of magnitude 3e4->3e5 for Ar
# It seems the position of the nucleus is also important: I get bad
#  results from D2 if I move the nucleus
# Higher prec with off centered nucleus is too demanding for my laptop

**************************************
10 [0.0, 0.0, 0.0]
Fermi Dirac potential
Using Half Charge Radius for Ne: 5.0449447293e-05
Integral of the Fermi-Dirac distribution via cartesian 3D integration: 0.7422453367221425
The normalization constant is: 13.4726343235262
Integral of the Fermi-Dirac distribution via 3D integration: 9.999999999999979
3D density

*FunctionTree: nn
  genNodes: 0
  square norm: 7.00211e+13
  root scale: 0
  order: 9
  nodes: 776
  endNodes: 680
  nodes per scale: 
    scale=0  nodes=8
    scale=1  nodes=64
    scale=2  nodes=64
    scale=3  nodes=64
    scale=4  nodes=64
    scale=5  nodes=64
    scale=6  nodes=64
    scale=7  nodes=64
    scale=8  nodes=64
    scale=9  nodes=64
    scale=10  nodes=64
    scale=11  nodes=64
    scale=12  nodes=64

3D potential

*FunctionTree: nn
  genNodes: 0
  square norm: 1534.78
  root scale: 0
  order: 9
  nodes: 968
  endNodes: 848
  nodes per scale: 
    scale=0  nodes=8
    scale=1  nodes=64
    scale=2  nodes=64
    scale=3  nodes=64
    scale=4  nodes=64
    scale=5  nodes=64
    scale=6  nodes=64
    scale=7  nodes=64
    scale=8  nodes=64
    scale=9  nodes=64
    scale=10  nodes=64
    scale=11  nodes=64
    scale=12  nodes=64
    scale=13  nodes=64
    scale=14  nodes=64
    scale=15  nodes=64

Potential

*FunctionTree: nn
  genNodes: 0
  square norm: 1534.78
  root scale: 0
  order: 9
  nodes: 968
  endNodes: 848
  nodes per scale: 
    scale=0  nodes=8
    scale=1  nodes=64
    scale=2  nodes=64
    scale=3  nodes=64
    scale=4  nodes=64
    scale=5  nodes=64
    scale=6  nodes=64
    scale=7  nodes=64
    scale=8  nodes=64
    scale=9  nodes=64
    scale=10  nodes=64
    scale=11  nodes=64
    scale=12  nodes=64
    scale=13  nodes=64
    scale=14  nodes=64
    scale=15  nodes=64

Number of Atoms =  1
[['Ne', 10, 0.0, 0.0, 0.0, 54, 54]]
Using derivative  BS
One-electron calculations 1e-06
calc_dirac_mu 99.99979487477465 18728.79842084396 137.035999139
Error 0.000764336493388716
Delta E 18728.79842084396
Energy -50.066639180051425
Converged?  0.000764336493388716  >  9.999999999999999e-06   ----   18728.79842084396  >  1e-07   ----  iteration 0
calc_dirac_mu 99.9999924980749 18728.79832176816 137.035999139
Error 0.00043751879550890806
Delta E 9.907579806167632e-05
Energy -50.06673825584949
Converged?  0.00043751879550890806  >  9.999999999999999e-06   ----   9.907579806167632e-05  >  1e-07   ----  iteration 1
calc_dirac_mu 100.00016453133567 18728.798235521586 137.035999139
Error 0.00024006568853552794
Delta E 8.624657493783161e-05
Energy -50.066824502424424
Converged?  0.00024006568853552794  >  9.999999999999999e-06   ----   8.624657493783161e-05  >  1e-07   ----  iteration 2
calc_dirac_mu 100.00020221695497 18728.798216628405 137.035999139
Error 0.00012799547259590224
Delta E 1.889318082248792e-05
Energy -50.06684339560525
Converged?  0.00012799547259590224  >  9.999999999999999e-06   ----   1.889318082248792e-05  >  1e-07   ----  iteration 3
calc_dirac_mu 100.00021135124278 18728.798212049052 137.035999139
Error 6.689870727323132e-05
Delta E 4.579353117151186e-06
Energy -50.066847974958364
Converged?  6.689870727323132e-05  >  9.999999999999999e-06   ----   4.579353117151186e-06  >  1e-07   ----  iteration 4
calc_dirac_mu 100.00021365139744 18728.7982108959 137.035999139
Error 3.4496645382544454e-05
Delta E 1.1531519703567028e-06
Energy -50.066849128110334
Converged?  3.4496645382544454e-05  >  9.999999999999999e-06   ----   1.1531519703567028e-06  >  1e-07   ----  iteration 5
calc_dirac_mu 100.00021425116813 18728.798210595214 137.035999139
Error 1.762620993150306e-05
Delta E 3.0068622436374426e-07
Energy -50.06684942879656
Converged?  1.762620993150306e-05  >  9.999999999999999e-06   ----   3.0068622436374426e-07  >  1e-07   ----  iteration 6
calc_dirac_mu 100.00021441495433 18728.7982105131 137.035999139
Error 8.950504276577839e-06
Delta E 8.211281965486705e-08
Energy -50.06684951090938
Converged?  8.950504276577839e-06  >  9.999999999999999e-06   ----   8.211281965486705e-08  >  1e-07   ----  iteration 7
calc_dirac_mu 100.00021446274566 18728.79821048914 137.035999139
Error 4.526009538701472e-06
Delta E 2.395972842350602e-08
Energy -50.06684953486911
Converged?  4.526009538701472e-06  >  9.999999999999999e-06   ----   2.395972842350602e-08  >  1e-07   ----  iteration 8
calc_dirac_mu 100.00021447842855 18728.79821048128 137.035999139
Error 2.2822105961542776e-06
Delta E 7.861672202125192e-09
Energy -50.06684954273078
Converged?  2.2822105961542776e-06  >  9.999999999999999e-06   ----   7.861672202125192e-09  >  1e-07   ----  iteration 9
Classic-like energies: cke = 50.534579884689386, cpe = -100.53352228332896, cke + cpe = -49.99894239863958
Exact Energy = -50.06674201684291
Dirac Energy = -50.06684954547018
Kutze Energy = -50.06568158827784
Error Kutze  = 0.0010604285635054111
Error Dirac  = -0.00010752862726803869
Delta Energy = -2.73939804174006e-09
Dirac - Kutzelnigg = -0.0011679571907734498

PARAMETERS:
molecule    = [['Ne', 10, 0.0, 0.0, 0.0, 54, 54]]
D2          = False
prec        = 6
derivative  = BS
box         = 1

-------------------------------
Ne 1 0 6 BS 1
-------------------------------
Now executing: python test.py Input_Making/input__Ne106PH.txt
Input file: Input_Making/input__Ne106PH.txt
Output file: outputs/output__Ne106PH.txt
light_speed = 137.03599913900001  # default 137.03599913900001
derivative = "PH"         # possible values: PH, ABGV, BS
order = 9
box = 1
prec = 1.0e-6                 # precision threshold for the MRA operations
thr  = 1.0e-5                  # error threshold for SCF convergence

readPotential    = False         # bool
computePotential = True         # bool 
savePotential    = False         # bool
potential = "fermi_dirac"       # possible values: point_charge coulomb_HFYGB homogeneus_charge_sphere gaussian

readOrbitals     = False         # bool
saveOrbitals     = False         # bool
saveGuess        = False

scf              = True
ktrs             = False
D2               = False         # bool
two_electrons    = False         # bool

runGaunt         = False
runGaugeA        = False
runGaugeB        = False
runGaugeC        = False
runGaugeD        = False
runGaugeDelta    = False

molecule = [ ["Ne", 10, 0.0, 0.0, 0.0, 54, 54] ]

# With the paramenters I got from Robert, the error is (1) higher than
#  what he gets and (2) dominated by the width of the Gaussian
# I get a much better agreement with the ideal value IF the Gaussian
#  size is reduced by one order of magnitude 3e4->3e5 for Ar
# It seems the position of the nucleus is also important: I get bad
#  results from D2 if I move the nucleus
# Higher prec with off centered nucleus is too demanding for my laptop

**************************************
10 [0.0, 0.0, 0.0]
Fermi Dirac potential
Using Half Charge Radius for Ne: 5.0449447293e-05
Integral of the Fermi-Dirac distribution via cartesian 3D integration: 0.7422453367221425
The normalization constant is: 13.4726343235262
Integral of the Fermi-Dirac distribution via 3D integration: 9.999999999999979
3D density

*FunctionTree: nn
  genNodes: 0
  square norm: 7.00211e+13
  root scale: 0
  order: 9
  nodes: 776
  endNodes: 680
  nodes per scale: 
    scale=0  nodes=8
    scale=1  nodes=64
    scale=2  nodes=64
    scale=3  nodes=64
    scale=4  nodes=64
    scale=5  nodes=64
    scale=6  nodes=64
    scale=7  nodes=64
    scale=8  nodes=64
    scale=9  nodes=64
    scale=10  nodes=64
    scale=11  nodes=64
    scale=12  nodes=64

3D potential

*FunctionTree: nn
  genNodes: 0
  square norm: 1534.78
  root scale: 0
  order: 9
  nodes: 968
  endNodes: 848
  nodes per scale: 
    scale=0  nodes=8
    scale=1  nodes=64
    scale=2  nodes=64
    scale=3  nodes=64
    scale=4  nodes=64
    scale=5  nodes=64
    scale=6  nodes=64
    scale=7  nodes=64
    scale=8  nodes=64
    scale=9  nodes=64
    scale=10  nodes=64
    scale=11  nodes=64
    scale=12  nodes=64
    scale=13  nodes=64
    scale=14  nodes=64
    scale=15  nodes=64

Potential

*FunctionTree: nn
  genNodes: 0
  square norm: 1534.78
  root scale: 0
  order: 9
  nodes: 968
  endNodes: 848
  nodes per scale: 
    scale=0  nodes=8
    scale=1  nodes=64
    scale=2  nodes=64
    scale=3  nodes=64
    scale=4  nodes=64
    scale=5  nodes=64
    scale=6  nodes=64
    scale=7  nodes=64
    scale=8  nodes=64
    scale=9  nodes=64
    scale=10  nodes=64
    scale=11  nodes=64
    scale=12  nodes=64
    scale=13  nodes=64
    scale=14  nodes=64
    scale=15  nodes=64

Number of Atoms =  1
[['Ne', 10, 0.0, 0.0, 0.0, 54, 54]]
Using derivative  PH
One-electron calculations 1e-06
calc_dirac_mu 100.00360029708322 18728.796513046298 137.035999139
Error 0.0007712814926936944
Delta E 18728.796513046298
Energy -50.068546977712685
Converged?  0.0007712814926936944  >  9.999999999999999e-06   ----   18728.796513046298  >  1e-07   ----  iteration 0
calc_dirac_mu 99.99934530085271 18728.79864623183 137.035999139
Error 0.0004323811345152352
Delta E 0.0021331855314201675
Energy -50.066413792181265
Converged?  0.0004323811345152352  >  9.999999999999999e-06   ----   0.0021331855314201675  >  1e-07   ----  iteration 1
calc_dirac_mu 100.00164468895946 18728.797493464343 137.035999139
Error 0.00024186558636687548
Delta E 0.0011527674869284965
Energy -50.067566559668194
Converged?  0.00024186558636687548  >  9.999999999999999e-06   ----   0.0011527674869284965  >  1e-07   ----  iteration 2
calc_dirac_mu 100.00169025074214 18728.79747062255 137.035999139
Error 0.0001289316495345456
Delta E 2.2841792088001966e-05
Energy -50.06758940146028
Converged?  0.0001289316495345456  >  9.999999999999999e-06   ----   2.2841792088001966e-05  >  1e-07   ----  iteration 3
calc_dirac_mu 100.00170092051046 18728.797465273405 137.035999139
Error 6.737544918026099e-05
Delta E 5.349145794752985e-06
Energy -50.06759475060608
Converged?  6.737544918026099e-05  >  9.999999999999999e-06   ----   5.349145794752985e-06  >  1e-07   ----  iteration 4
calc_dirac_mu 100.00170388157076 18728.797463788917 137.035999139
Error 3.473807030443282e-05
Delta E 1.4844881661701947e-06
Energy -50.06759623509424
Converged?  3.473807030443282e-05  >  9.999999999999999e-06   ----   1.4844881661701947e-06  >  1e-07   ----  iteration 5
calc_dirac_mu 100.00170478202982 18728.797463337483 137.035999139
Error 1.7748140855584036e-05
Delta E 4.5143315219320357e-07
Energy -50.067596686527395
Converged?  1.7748140855584036e-05  >  9.999999999999999e-06   ----   4.5143315219320357e-07  >  1e-07   ----  iteration 6
calc_dirac_mu 100.00170508978042 18728.797463183197 137.035999139
Error 9.012006721332505e-06
Delta E 1.5428668120875955e-07
Energy -50.067596840814076
Converged?  9.012006721332505e-06  >  9.999999999999999e-06   ----   1.5428668120875955e-07  >  1e-07   ----  iteration 7
calc_dirac_mu 100.00170520817166 18728.797463123843 137.035999139
Error 4.557012203989205e-06
Delta E 5.93536242377013e-08
Energy -50.0675969001677
Converged?  4.557012203989205e-06  >  9.999999999999999e-06   ----   5.93536242377013e-08  >  1e-07   ----  iteration 8
calc_dirac_mu 100.00170525867044 18728.797463098526 137.035999139
Error 2.2978332267472337e-06
Delta E 2.531669451855123e-08
Energy -50.067596925484395
Converged?  2.2978332267472337e-06  >  9.999999999999999e-06   ----   2.531669451855123e-08  >  1e-07   ----  iteration 9
calc_dirac_mu 100.00170528174563 18728.797463086958 137.035999139
Error 1.1564731982321891e-06
Delta E 1.1568772606551647e-08
Energy -50.06759693705317
Converged?  1.1564731982321891e-06  >  9.999999999999999e-06   ----   1.1568772606551647e-08  >  1e-07   ----  iteration 10
calc_dirac_mu 100.00170529257224 18728.79746308153 137.035999139
Error 5.812849746151308e-07
Delta E 5.427864380180836e-09
Energy -50.06759694248103
Converged?  5.812849746151308e-07  >  9.999999999999999e-06   ----   5.427864380180836e-09  >  1e-07   ----  iteration 11
Classic-like energies: cke = 50.5352212133918, cpe = -100.53487616792717, cke + cpe = -49.999654954535366
Exact Energy = -50.06674201684291
Dirac Energy = -50.067596945173136
Kutze Energy = -50.066396048986576
Error Kutze  = 0.00034596785553731024
Error Dirac  = -0.000854928330227267
Delta Energy = -2.6921043172478676e-09
Dirac - Kutzelnigg = -0.0012008961857645772

PARAMETERS:
molecule    = [['Ne', 10, 0.0, 0.0, 0.0, 54, 54]]
D2          = False
prec        = 6
derivative  = PH
box         = 1

-------------------------------
Ne 1 0 6 PH 1
-------------------------------
Now executing: python test.py Input_Making/input__Ne107ABGV.txt
Input file: Input_Making/input__Ne107ABGV.txt
Output file: outputs/output__Ne107ABGV.txt
light_speed = 137.03599913900001  # default 137.03599913900001
derivative = "ABGV"         # possible values: PH, ABGV, BS
order = 10
box = 1
prec = 1.0e-7                 # precision threshold for the MRA operations
thr  = 1.0e-6                  # error threshold for SCF convergence

readPotential    = False         # bool
computePotential = True         # bool 
savePotential    = False         # bool
potential = "fermi_dirac"       # possible values: point_charge coulomb_HFYGB homogeneus_charge_sphere gaussian

readOrbitals     = False         # bool
saveOrbitals     = False         # bool
saveGuess        = False

scf              = True
ktrs             = False
D2               = False         # bool
two_electrons    = False         # bool

runGaunt         = False
runGaugeA        = False
runGaugeB        = False
runGaugeC        = False
runGaugeD        = False
runGaugeDelta    = False

molecule = [ ["Ne", 10, 0.0, 0.0, 0.0, 54, 54] ]

# With the paramenters I got from Robert, the error is (1) higher than
#  what he gets and (2) dominated by the width of the Gaussian
# I get a much better agreement with the ideal value IF the Gaussian
#  size is reduced by one order of magnitude 3e4->3e5 for Ar
# It seems the position of the nucleus is also important: I get bad
#  results from D2 if I move the nucleus
# Higher prec with off centered nucleus is too demanding for my laptop

**************************************
10 [0.0, 0.0, 0.0]
Fermi Dirac potential
Using Half Charge Radius for Ne: 5.0449447293e-05
Integral of the Fermi-Dirac distribution via cartesian 3D integration: 0.7422693910339959
The normalization constant is: 13.472197723349204
Integral of the Fermi-Dirac distribution via 3D integration: 10.000000000000375
3D density

*FunctionTree: nn
  genNodes: 0
  square norm: 7.00266e+13
  root scale: 0
  order: 10
  nodes: 840
  endNodes: 736
  nodes per scale: 
    scale=0  nodes=8
    scale=1  nodes=64
    scale=2  nodes=64
    scale=3  nodes=64
    scale=4  nodes=64
    scale=5  nodes=64
    scale=6  nodes=64
    scale=7  nodes=64
    scale=8  nodes=64
    scale=9  nodes=64
    scale=10  nodes=64
    scale=11  nodes=64
    scale=12  nodes=64
    scale=13  nodes=64

3D potential

*FunctionTree: nn
  genNodes: 0
  square norm: 1534.78
  root scale: 0
  order: 10
  nodes: 968
  endNodes: 848
  nodes per scale: 
    scale=0  nodes=8
    scale=1  nodes=64
    scale=2  nodes=64
    scale=3  nodes=64
    scale=4  nodes=64
    scale=5  nodes=64
    scale=6  nodes=64
    scale=7  nodes=64
    scale=8  nodes=64
    scale=9  nodes=64
    scale=10  nodes=64
    scale=11  nodes=64
    scale=12  nodes=64
    scale=13  nodes=64
    scale=14  nodes=64
    scale=15  nodes=64

Potential

*FunctionTree: nn
  genNodes: 0
  square norm: 1534.78
  root scale: 0
  order: 10
  nodes: 968
  endNodes: 848
  nodes per scale: 
    scale=0  nodes=8
    scale=1  nodes=64
    scale=2  nodes=64
    scale=3  nodes=64
    scale=4  nodes=64
    scale=5  nodes=64
    scale=6  nodes=64
    scale=7  nodes=64
    scale=8  nodes=64
    scale=9  nodes=64
    scale=10  nodes=64
    scale=11  nodes=64
    scale=12  nodes=64
    scale=13  nodes=64
    scale=14  nodes=64
    scale=15  nodes=64

Number of Atoms =  1
[['Ne', 10, 0.0, 0.0, 0.0, 54, 54]]
Using derivative  ABGV
One-electron calculations 1e-07
calc_dirac_mu 99.99942910834051 18728.798604216066 137.035999139
Error 0.0007634896952386868
Delta E 18728.798604216066
Energy -50.066455807944294
Converged?  0.0007634896952386868  >  1e-06   ----   18728.798604216066  >  1e-08   ----  iteration 0
calc_dirac_mu 99.99952354531821 18728.798556871352 137.035999139
Error 0.0004369644347322339
Delta E 4.7344714403152466e-05
Energy -50.0665031526587
Converged?  0.0004369644347322339  >  1e-06   ----   4.7344714403152466e-05  >  1e-08   ----  iteration 1
calc_dirac_mu 99.99969043246062 18728.798473204715 137.035999139
Error 0.00023977279389154858
Delta E 8.3666636783164e-05
Energy -50.06658681929548
Converged?  0.00023977279389154858  >  1e-06   ----   8.3666636783164e-05  >  1e-08   ----  iteration 2
calc_dirac_mu 99.9997268177568 18728.798454963435 137.035999139
Error 0.00012784524317730917
Delta E 1.8241280486108735e-05
Energy -50.06660506057597
Converged?  0.00012784524317730917  >  1e-06   ----   1.8241280486108735e-05  >  1e-08   ----  iteration 3
calc_dirac_mu 99.99973566325566 18728.798450528862 137.035999139
Error 6.682283319190241e-05
Delta E 4.434572474565357e-06
Energy -50.06660949514844
Converged?  6.682283319190241e-05  >  1e-06   ----   4.434572474565357e-06  >  1e-08   ----  iteration 4
calc_dirac_mu 99.99973777553642 18728.798449469898 137.035999139
Error 3.445828773291541e-05
Delta E 1.0589646990410984e-06
Energy -50.06661055411314
Converged?  3.445828773291541e-05  >  1e-06   ----   1.0589646990410984e-06  >  1e-08   ----  iteration 5
calc_dirac_mu 99.99973828959249 18728.798449212183 137.035999139
Error 1.7606840430593764e-05
Delta E 2.5771441869437695e-07
Energy -50.06661081182756
Converged?  1.7606840430593764e-05  >  1e-06   ----   2.5771441869437695e-07  >  1e-08   ----  iteration 6
calc_dirac_mu 99.99973841209727 18728.798449150767 137.035999139
Error 8.94072433267639e-06
Delta E 6.14163582213223e-08
Energy -50.06661087324392
Converged?  8.94072433267639e-06  >  1e-06   ----   6.14163582213223e-08  >  1e-08   ----  iteration 7
calc_dirac_mu 99.99973843952087 18728.79844913702 137.035999139
Error 4.521070452782967e-06
Delta E 1.3747921911999583e-08
Energy -50.06661088699184
Converged?  4.521070452782967e-06  >  1e-06   ----   1.3747921911999583e-08  >  1e-08   ----  iteration 8
calc_dirac_mu 99.99973844478023 18728.79844913438 137.035999139
Error 2.2797150033283933e-06
Delta E 2.637534635141492e-09
Energy -50.066610889629374
Converged?  2.2797150033283933e-06  >  1e-06   ----   2.637534635141492e-09  >  1e-08   ----  iteration 9
calc_dirac_mu 99.99973844558644 18728.798449133978 137.035999139
Error 1.1473415661145009e-06
Delta E 4.0381564758718014e-10
Energy -50.06661089003319
Converged?  1.1473415661145009e-06  >  1e-06   ----   4.0381564758718014e-10  >  1e-08   ----  iteration 10
calc_dirac_mu 99.99973844534838 18728.798449134098 137.035999139
Error 5.766831925496719e-07
Delta E 1.2005330063402653e-10
Energy -50.066610889913136
Converged?  5.766831925496719e-07  >  1e-06   ----   1.2005330063402653e-10  >  1e-08   ----  iteration 11
Classic-like energies: cke = 50.53627960171838, cpe = -100.53631798157538, cke + cpe = -50.000038379857
Exact Energy = -50.06674201684291
Dirac Energy = -50.0666108897567
Kutze Energy = -50.066780499297884
Error Kutze  = -3.8482456147903576e-05
Error Dirac  = 0.00013112708620610647
Delta Energy = 1.5643308870494366e-10
Dirac - Kutzelnigg = 0.00016960954235401005

PARAMETERS:
molecule    = [['Ne', 10, 0.0, 0.0, 0.0, 54, 54]]
D2          = False
prec        = 7
derivative  = ABGV
box         = 1

-------------------------------
Ne 1 0 7 ABGV 1
-------------------------------
Now executing: python test.py Input_Making/input__Ne107BS.txt
Input file: Input_Making/input__Ne107BS.txt
Output file: outputs/output__Ne107BS.txt
light_speed = 137.03599913900001  # default 137.03599913900001
derivative = "BS"         # possible values: PH, ABGV, BS
order = 10
box = 1
prec = 1.0e-7                 # precision threshold for the MRA operations
thr  = 1.0e-6                  # error threshold for SCF convergence

readPotential    = False         # bool
computePotential = True         # bool 
savePotential    = False         # bool
potential = "fermi_dirac"       # possible values: point_charge coulomb_HFYGB homogeneus_charge_sphere gaussian

readOrbitals     = False         # bool
saveOrbitals     = False         # bool
saveGuess        = False

scf              = True
ktrs             = False
D2               = False         # bool
two_electrons    = False         # bool

runGaunt         = False
runGaugeA        = False
runGaugeB        = False
runGaugeC        = False
runGaugeD        = False
runGaugeDelta    = False

molecule = [ ["Ne", 10, 0.0, 0.0, 0.0, 54, 54] ]

# With the paramenters I got from Robert, the error is (1) higher than
#  what he gets and (2) dominated by the width of the Gaussian
# I get a much better agreement with the ideal value IF the Gaussian
#  size is reduced by one order of magnitude 3e4->3e5 for Ar
# It seems the position of the nucleus is also important: I get bad
#  results from D2 if I move the nucleus
# Higher prec with off centered nucleus is too demanding for my laptop

**************************************
10 [0.0, 0.0, 0.0]
Fermi Dirac potential
Using Half Charge Radius for Ne: 5.0449447293e-05
Integral of the Fermi-Dirac distribution via cartesian 3D integration: 0.7422693910339959
The normalization constant is: 13.472197723349204
Integral of the Fermi-Dirac distribution via 3D integration: 10.000000000000375
3D density

*FunctionTree: nn
  genNodes: 0
  square norm: 7.00266e+13
  root scale: 0
  order: 10
  nodes: 840
  endNodes: 736
  nodes per scale: 
    scale=0  nodes=8
    scale=1  nodes=64
    scale=2  nodes=64
    scale=3  nodes=64
    scale=4  nodes=64
    scale=5  nodes=64
    scale=6  nodes=64
    scale=7  nodes=64
    scale=8  nodes=64
    scale=9  nodes=64
    scale=10  nodes=64
    scale=11  nodes=64
    scale=12  nodes=64
    scale=13  nodes=64

3D potential

*FunctionTree: nn
  genNodes: 0
  square norm: 1534.78
  root scale: 0
  order: 10
  nodes: 968
  endNodes: 848
  nodes per scale: 
    scale=0  nodes=8
    scale=1  nodes=64
    scale=2  nodes=64
    scale=3  nodes=64
    scale=4  nodes=64
    scale=5  nodes=64
    scale=6  nodes=64
    scale=7  nodes=64
    scale=8  nodes=64
    scale=9  nodes=64
    scale=10  nodes=64
    scale=11  nodes=64
    scale=12  nodes=64
    scale=13  nodes=64
    scale=14  nodes=64
    scale=15  nodes=64

Potential

*FunctionTree: nn
  genNodes: 0
  square norm: 1534.78
  root scale: 0
  order: 10
  nodes: 968
  endNodes: 848
  nodes per scale: 
    scale=0  nodes=8
    scale=1  nodes=64
    scale=2  nodes=64
    scale=3  nodes=64
    scale=4  nodes=64
    scale=5  nodes=64
    scale=6  nodes=64
    scale=7  nodes=64
    scale=8  nodes=64
    scale=9  nodes=64
    scale=10  nodes=64
    scale=11  nodes=64
    scale=12  nodes=64
    scale=13  nodes=64
    scale=14  nodes=64
    scale=15  nodes=64

Number of Atoms =  1
[['Ne', 10, 0.0, 0.0, 0.0, 54, 54]]
Using derivative  BS
One-electron calculations 1e-07
calc_dirac_mu 99.99930652938252 18728.798665669387 137.035999139
Error 0.0007634596708012039
Delta E 18728.798665669387
Energy -50.06639435462421
Converged?  0.0007634596708012039  >  1e-06   ----   18728.798665669387  >  1e-08   ----  iteration 0
calc_dirac_mu 99.9997063067145 18728.79846524637 137.035999139
Error 0.00043745643659338104
Delta E 0.00020042301548528485
Energy -50.06659477763969
Converged?  0.00043745643659338104  >  1e-06   ----   0.00020042301548528485  >  1e-08   ----  iteration 1
calc_dirac_mu 99.99987341687364 18728.79838146793 137.035999139
Error 0.0002400285346846643
Delta E 8.377844278584234e-05
Energy -50.06667855608248
Converged?  0.0002400285346846643  >  1e-06   ----   8.377844278584234e-05  >  1e-08   ----  iteration 2
calc_dirac_mu 99.9999105071659 18728.798362873207 137.035999139
Error 0.00012797677910137705
Delta E 1.8594721041154116e-05
Energy -50.06669715080352
Converged?  0.00012797677910137705  >  1e-06   ----   1.8594721041154116e-05  >  1e-08   ----  iteration 3
calc_dirac_mu 99.99991937171843 18728.79835842908 137.035999139
Error 6.688917418613031e-05
Delta E 4.44412580691278e-06
Energy -50.06670159492933
Converged?  6.688917418613031e-05  >  1e-06   ----   4.44412580691278e-06  >  1e-08   ----  iteration 4
calc_dirac_mu 99.99992156242308 18728.7983573308 137.035999139
Error 3.4491777614731544e-05
Delta E 1.0982803360093385e-06
Energy -50.06670269320966
Converged?  3.4491777614731544e-05  >  1e-06   ----   1.0982803360093385e-06  >  1e-08   ----  iteration 5
calc_dirac_mu 99.99992211264403 18728.798357054955 137.035999139
Error 1.7623715315963262e-05
Delta E 2.7584610506892204e-07
Energy -50.06670296905577
Converged?  1.7623715315963262e-05  >  1e-06   ----   2.7584610506892204e-07  >  1e-08   ----  iteration 6
calc_dirac_mu 99.99992225282816 18728.798356984677 137.035999139
Error 8.949221664208414e-06
Delta E 7.027847459539771e-08
Energy -50.06670303933424
Converged?  8.949221664208414e-06  >  1e-06   ----   7.027847459539771e-08  >  1e-08   ----  iteration 7
calc_dirac_mu 99.99992228934852 18728.798356966367 137.035999139
Error 4.525349057952507e-06
Delta E 1.830994733609259e-08
Energy -50.06670305764419
Converged?  4.525349057952507e-06  >  1e-06   ----   1.830994733609259e-08  >  1e-08   ----  iteration 8
calc_dirac_mu 99.99992229923244 18728.79835696141 137.035999139
Error 2.281869460536029e-06
Delta E 4.954927135258913e-09
Energy -50.06670306259912
Converged?  2.281869460536029e-06  >  1e-06   ----   4.954927135258913e-09  >  1e-08   ----  iteration 9
calc_dirac_mu 99.99992230214937 18728.79835695995 137.035999139
Error 1.1484259952428575e-06
Delta E 1.4624674804508686e-09
Energy -50.066703064061585
Converged?  1.1484259952428575e-06  >  1e-06   ----   1.4624674804508686e-09  >  1e-08   ----  iteration 10
calc_dirac_mu 99.99992230287623 18728.798356959585 137.035999139
Error 5.772288290386999e-07
Delta E 3.637978807091713e-10
Energy -50.06670306442538
Converged?  5.772288290386999e-07  >  1e-06   ----   3.637978807091713e-10  >  1e-08   ----  iteration 11
Classic-like energies: cke = 50.53572672584922, cpe = -100.53557547588443, cke + cpe = -49.999848750035206
Exact Energy = -50.06674201684291
Dirac Energy = -50.06670306465094
Kutze Energy = -50.066590362547885
Error Kutze  = 0.0001516542943136301
Error Dirac  = 3.895219197147526e-05
Delta Energy = -2.255546860396862e-10
Dirac - Kutzelnigg = -0.00011270210234215483

PARAMETERS:
molecule    = [['Ne', 10, 0.0, 0.0, 0.0, 54, 54]]
D2          = False
prec        = 7
derivative  = BS
box         = 1

-------------------------------
Ne 1 0 7 BS 1
-------------------------------
Now executing: python test.py Input_Making/input__Ne107PH.txt
Input file: Input_Making/input__Ne107PH.txt
Output file: outputs/output__Ne107PH.txt
light_speed = 137.03599913900001  # default 137.03599913900001
derivative = "PH"         # possible values: PH, ABGV, BS
order = 10
box = 1
prec = 1.0e-7                 # precision threshold for the MRA operations
thr  = 1.0e-6                  # error threshold for SCF convergence

readPotential    = False         # bool
computePotential = True         # bool 
savePotential    = False         # bool
potential = "fermi_dirac"       # possible values: point_charge coulomb_HFYGB homogeneus_charge_sphere gaussian

readOrbitals     = False         # bool
saveOrbitals     = False         # bool
saveGuess        = False

scf              = True
ktrs             = False
D2               = False         # bool
two_electrons    = False         # bool

runGaunt         = False
runGaugeA        = False
runGaugeB        = False
runGaugeC        = False
runGaugeD        = False
runGaugeDelta    = False

molecule = [ ["Ne", 10, 0.0, 0.0, 0.0, 54, 54] ]

# With the paramenters I got from Robert, the error is (1) higher than
#  what he gets and (2) dominated by the width of the Gaussian
# I get a much better agreement with the ideal value IF the Gaussian
#  size is reduced by one order of magnitude 3e4->3e5 for Ar
# It seems the position of the nucleus is also important: I get bad
#  results from D2 if I move the nucleus
# Higher prec with off centered nucleus is too demanding for my laptop

**************************************
10 [0.0, 0.0, 0.0]
Fermi Dirac potential
Using Half Charge Radius for Ne: 5.0449447293e-05
Integral of the Fermi-Dirac distribution via cartesian 3D integration: 0.7422693910339959
The normalization constant is: 13.472197723349204
Integral of the Fermi-Dirac distribution via 3D integration: 10.000000000000375
3D density

*FunctionTree: nn
  genNodes: 0
  square norm: 7.00266e+13
  root scale: 0
  order: 10
  nodes: 840
  endNodes: 736
  nodes per scale: 
    scale=0  nodes=8
    scale=1  nodes=64
    scale=2  nodes=64
    scale=3  nodes=64
    scale=4  nodes=64
    scale=5  nodes=64
    scale=6  nodes=64
    scale=7  nodes=64
    scale=8  nodes=64
    scale=9  nodes=64
    scale=10  nodes=64
    scale=11  nodes=64
    scale=12  nodes=64
    scale=13  nodes=64

3D potential

*FunctionTree: nn
  genNodes: 0
  square norm: 1534.78
  root scale: 0
  order: 10
  nodes: 968
  endNodes: 848
  nodes per scale: 
    scale=0  nodes=8
    scale=1  nodes=64
    scale=2  nodes=64
    scale=3  nodes=64
    scale=4  nodes=64
    scale=5  nodes=64
    scale=6  nodes=64
    scale=7  nodes=64
    scale=8  nodes=64
    scale=9  nodes=64
    scale=10  nodes=64
    scale=11  nodes=64
    scale=12  nodes=64
    scale=13  nodes=64
    scale=14  nodes=64
    scale=15  nodes=64

Potential

*FunctionTree: nn
  genNodes: 0
  square norm: 1534.78
  root scale: 0
  order: 10
  nodes: 968
  endNodes: 848
  nodes per scale: 
    scale=0  nodes=8
    scale=1  nodes=64
    scale=2  nodes=64
    scale=3  nodes=64
    scale=4  nodes=64
    scale=5  nodes=64
    scale=6  nodes=64
    scale=7  nodes=64
    scale=8  nodes=64
    scale=9  nodes=64
    scale=10  nodes=64
    scale=11  nodes=64
    scale=12  nodes=64
    scale=13  nodes=64
    scale=14  nodes=64
    scale=15  nodes=64

Number of Atoms =  1
[['Ne', 10, 0.0, 0.0, 0.0, 54, 54]]
Using derivative  PH
One-electron calculations 1e-07
calc_dirac_mu 99.99841118474794 18728.79911453843 137.035999139
Error 0.0007620570444559883
Delta E 18728.79911453843
Energy -50.065945485581324
Converged?  0.0007620570444559883  >  1e-06   ----   18728.79911453843  >  1e-08   ----  iteration 0
calc_dirac_mu 99.99873795542238 18728.79895071633 137.035999139
Error 0.00043640453641786113
Delta E 0.00016382210014853626
Energy -50.06610930768147
Converged?  0.00043640453641786113  >  1e-06   ----   0.00016382210014853626  >  1e-08   ----  iteration 1
calc_dirac_mu 99.99879923827083 18728.798919992994 137.035999139
Error 0.0002392577358827201
Delta E 3.072333493037149e-05
Energy -50.0661400310164
Converged?  0.0002392577358827201  >  1e-06   ----   3.072333493037149e-05  >  1e-08   ----  iteration 2
calc_dirac_mu 99.99883504952182 18728.798902039503 137.035999139
Error 0.00012758127013332997
Delta E 1.795349089661613e-05
Energy -50.0661579845073
Converged?  0.00012758127013332997  >  1e-06   ----   1.795349089661613e-05  >  1e-08   ----  iteration 3
calc_dirac_mu 99.9988431348727 18728.79889798602 137.035999139
Error 6.668782652189463e-05
Delta E 4.053483280586079e-06
Energy -50.06616203799058
Converged?  6.668782652189463e-05  >  1e-06   ----   4.053483280586079e-06  >  1e-08   ----  iteration 4
calc_dirac_mu 99.99884506222824 18728.798897019766 137.035999139
Error 3.438996801269685e-05
Delta E 9.662544471211731e-07
Energy -50.06616300424503
Converged?  3.438996801269685e-05  >  1e-06   ----   9.662544471211731e-07  >  1e-08   ----  iteration 5
calc_dirac_mu 99.99884550584628 18728.798896797365 137.035999139
Error 1.7572383057992227e-05
Delta E 2.224005584139377e-07
Energy -50.066163226645585
Converged?  1.7572383057992227e-05  >  1e-06   ----   2.224005584139377e-07  >  1e-08   ----  iteration 6
calc_dirac_mu 99.99884560091476 18728.798896749704 137.035999139
Error 8.923378084054769e-06
Delta E 4.766116035170853e-08
Energy -50.066163274306746
Converged?  8.923378084054769e-06  >  1e-06   ----   4.766116035170853e-08  >  1e-08   ----  iteration 7
calc_dirac_mu 99.99884561728322 18728.798896741497 137.035999139
Error 4.512347517197258e-06
Delta E 8.207280188798904e-09
Energy -50.066163282514026
Converged?  4.512347517197258e-06  >  1e-06   ----   8.207280188798904e-09  >  1e-08   ----  iteration 8
calc_dirac_mu 99.99884561773393 18728.79889674127 137.035999139
Error 2.275330872891944e-06
Delta E 2.255546860396862e-10
Energy -50.06616328273958
Converged?  2.275330872891944e-06  >  1e-06   ----   2.255546860396862e-10  >  1e-08   ----  iteration 9
calc_dirac_mu 99.99884561609296 18728.798896742093 137.035999139
Error 1.1451382110245784e-06
Delta E 8.221832104027271e-10
Energy -50.0661632819174
Converged?  1.1451382110245784e-06  >  1e-06   ----   8.221832104027271e-10  >  1e-08   ----  iteration 10
calc_dirac_mu 99.99884561499157 18728.798896742646 137.035999139
Error 5.755767003187245e-07
Delta E 5.529727786779404e-10
Energy -50.066163281364425
Converged?  5.755767003187245e-07  >  1e-06   ----   5.529727786779404e-10  >  1e-08   ----  iteration 11
Classic-like energies: cke = 50.53503595558705, cpe = -100.53596195468114, cke + cpe = -50.00092599909409
Exact Energy = -50.06674201684291
Dirac Energy = -50.06616328099699
Kutze Energy = -50.06767049138428
Error Kutze  = -0.0009284745428885799
Error Dirac  = 0.0005787358459201641
Delta Energy = 3.67435859516263e-10
Dirac - Kutzelnigg = 0.001507210388808744

PARAMETERS:
molecule    = [['Ne', 10, 0.0, 0.0, 0.0, 54, 54]]
D2          = False
prec        = 7
derivative  = PH
box         = 1

-------------------------------
Ne 1 0 7 PH 1
-------------------------------
Now executing: python test.py Input_Making/input__Ne108ABGV.txt
Input file: Input_Making/input__Ne108ABGV.txt
Output file: outputs/output__Ne108ABGV.txt
light_speed = 137.03599913900001  # default 137.03599913900001
derivative = "ABGV"         # possible values: PH, ABGV, BS
order = 11
box = 1
prec = 1.0e-8                 # precision threshold for the MRA operations
thr  = 1.0e-7                  # error threshold for SCF convergence

readPotential    = False         # bool
computePotential = True         # bool 
savePotential    = False         # bool
potential = "fermi_dirac"       # possible values: point_charge coulomb_HFYGB homogeneus_charge_sphere gaussian

readOrbitals     = False         # bool
saveOrbitals     = False         # bool
saveGuess        = False

scf              = True
ktrs             = False
D2               = False         # bool
two_electrons    = False         # bool

runGaunt         = False
runGaugeA        = False
runGaugeB        = False
runGaugeC        = False
runGaugeD        = False
runGaugeDelta    = False

molecule = [ ["Ne", 10, 0.0, 0.0, 0.0, 54, 54] ]

# With the paramenters I got from Robert, the error is (1) higher than
#  what he gets and (2) dominated by the width of the Gaussian
# I get a much better agreement with the ideal value IF the Gaussian
#  size is reduced by one order of magnitude 3e4->3e5 for Ar
# It seems the position of the nucleus is also important: I get bad
#  results from D2 if I move the nucleus
# Higher prec with off centered nucleus is too demanding for my laptop

**************************************
10 [0.0, 0.0, 0.0]
Fermi Dirac potential
Using Half Charge Radius for Ne: 5.0449447293e-05
Integral of the Fermi-Dirac distribution via cartesian 3D integration: 0.7422693907012037
The normalization constant is: 13.472197729389388
Integral of the Fermi-Dirac distribution via 3D integration: 10.00000000000005
3D density

*FunctionTree: nn
  genNodes: 0
  square norm: 7.00266e+13
  root scale: 0
  order: 11
  nodes: 904
  endNodes: 792
  nodes per scale: 
    scale=0  nodes=8
    scale=1  nodes=64
    scale=2  nodes=64
    scale=3  nodes=64
    scale=4  nodes=64
    scale=5  nodes=64
    scale=6  nodes=64
    scale=7  nodes=64
    scale=8  nodes=64
    scale=9  nodes=64
    scale=10  nodes=64
    scale=11  nodes=64
    scale=12  nodes=64
    scale=13  nodes=64
    scale=14  nodes=64

3D potential

*FunctionTree: nn
  genNodes: 0
  square norm: 1534.78
  root scale: 0
  order: 11
  nodes: 968
  endNodes: 848
  nodes per scale: 
    scale=0  nodes=8
    scale=1  nodes=64
    scale=2  nodes=64
    scale=3  nodes=64
    scale=4  nodes=64
    scale=5  nodes=64
    scale=6  nodes=64
    scale=7  nodes=64
    scale=8  nodes=64
    scale=9  nodes=64
    scale=10  nodes=64
    scale=11  nodes=64
    scale=12  nodes=64
    scale=13  nodes=64
    scale=14  nodes=64
    scale=15  nodes=64

Potential

*FunctionTree: nn
  genNodes: 0
  square norm: 1534.78
  root scale: 0
  order: 11
  nodes: 968
  endNodes: 848
  nodes per scale: 
    scale=0  nodes=8
    scale=1  nodes=64
    scale=2  nodes=64
    scale=3  nodes=64
    scale=4  nodes=64
    scale=5  nodes=64
    scale=6  nodes=64
    scale=7  nodes=64
    scale=8  nodes=64
    scale=9  nodes=64
    scale=10  nodes=64
    scale=11  nodes=64
    scale=12  nodes=64
    scale=13  nodes=64
    scale=14  nodes=64
    scale=15  nodes=64

Number of Atoms =  1
[['Ne', 10, 0.0, 0.0, 0.0, 54, 54]]
Using derivative  ABGV
One-electron calculations 1e-08
calc_dirac_mu 99.99942483281995 18728.79860635954 137.035999139
Error 0.0007634815645138946
Delta E 18728.79860635954
Energy -50.06645366446901
Converged?  0.0007634815645138946  >  1e-07   ----   18728.79860635954  >  1e-09   ----  iteration 0
calc_dirac_mu 99.9996819123409 18728.798477476164 137.035999139
Error 0.0004372881860788078
Delta E 0.00012888337732874788
Energy -50.06658254784634
Converged?  0.0004372881860788078  >  1e-07   ----   0.00012888337732874788  >  1e-09   ----  iteration 1
calc_dirac_mu 99.9998492175409 18728.79839359994 137.035999139
Error 0.00023994260183809814
Delta E 8.387622438021936e-05
Energy -50.06666642407072
Converged?  0.00023994260183809814  >  1e-07   ----   8.387622438021936e-05  >  1e-09   ----  iteration 2
calc_dirac_mu 99.99988614147598 18728.79837508862 137.035999139
Error 0.00012793296481302305
Delta E 1.851132037700154e-05
Energy -50.066684935391095
Converged?  0.00012793296481302305  >  1e-07   ----   1.851132037700154e-05  >  1e-09   ----  iteration 3
calc_dirac_mu 99.99989493665697 18728.798370679273 137.035999139
Error 6.686702819608774e-05
Delta E 4.409346729516983e-06
Energy -50.066689344737824
Converged?  6.686702819608774e-05  >  1e-07   ----   4.409346729516983e-06  >  1e-09   ----  iteration 4
calc_dirac_mu 99.99989709382167 18728.798369597807 137.035999139
Error 3.4480613559273485e-05
Delta E 1.0814655979629606e-06
Energy -50.06669042620342
Converged?  3.4480613559273485e-05  >  1e-07   ----   1.0814655979629606e-06  >  1e-09   ----  iteration 5
calc_dirac_mu 99.99989763109892 18728.79836932845 137.035999139
Error 1.7618099398745748e-05
Delta E 2.6935595087707043e-07
Energy -50.06669069555937
Converged?  1.7618099398745748e-05  >  1e-07   ----   2.6935595087707043e-07  >  1e-09   ----  iteration 6
calc_dirac_mu 99.99989776270365 18728.798369262473 137.035999139
Error 8.94639197936949e-06
Delta E 6.59783836454153e-08
Energy -50.06669076153776
Converged?  8.94639197936949e-06  >  1e-07   ----   6.59783836454153e-08  >  1e-09   ----  iteration 7
calc_dirac_mu 99.99989779458676 18728.798369246488 137.035999139
Error 4.523922203438765e-06
Delta E 1.5985278878360987e-08
Energy -50.066690777523036
Converged?  4.523922203438765e-06  >  1e-07   ----   1.5985278878360987e-08  >  1e-09   ----  iteration 8
calc_dirac_mu 99.99989780211872 18728.79836924271 137.035999139
Error 2.281149741123596e-06
Delta E 3.776222001761198e-09
Energy -50.06669078129926
Converged?  2.281149741123596e-06  >  1e-07   ----   3.776222001761198e-09  >  1e-09   ----  iteration 9
calc_dirac_mu 99.99989780395649 18728.79836924179 137.035999139
Error 1.1480631009719272e-06
Delta E 9.204086381942034e-10
Energy -50.066690782219666
Converged?  1.1480631009719272e-06  >  1e-07   ----   9.204086381942034e-10  >  1e-09   ----  iteration 10
calc_dirac_mu 99.9998978041025 18728.79836924172 137.035999139
Error 5.770457451170122e-07
Delta E 7.275957614183426e-11
Energy -50.066690782292426
Converged?  5.770457451170122e-07  >  1e-07   ----   7.275957614183426e-11  >  1e-09   ----  iteration 11
calc_dirac_mu 99.99989780419455 18728.79836924167 137.035999139
Error 2.898047802789623e-07
Delta E 4.729372449219227e-11
Energy -50.06669078233972
Converged?  2.898047802789623e-07  >  1e-07   ----   4.729372449219227e-11  >  1e-09   ----  iteration 12
calc_dirac_mu 99.99989780432468 18728.798369241606 137.035999139
Error 1.4546276848371764e-07
Delta E 6.548361852765083e-11
Energy -50.0666907824052
Converged?  1.4546276848371764e-07  >  1e-07   ----   6.548361852765083e-11  >  1e-09   ----  iteration 13
calc_dirac_mu 99.99989780426755 18728.798369241635 137.035999139
Error 7.29842955466246e-08
Delta E 2.9103830456733704e-11
Energy -50.0666907823761
Converged?  7.29842955466246e-08  >  1e-07   ----   2.9103830456733704e-11  >  1e-09   ----  iteration 14
Classic-like energies: cke = 50.53638922705821, cpe = -100.53647421272072, cke + cpe = -50.00008498566251
Exact Energy = -50.06674201684291
Dirac Energy = -50.06669078239429
Kutze Energy = -50.06682722969185
Error Kutze  = -8.521285053575411e-05
Error Dirac  = 5.123444861965254e-05
Delta Energy = -1.8189894035458565e-11
Dirac - Kutzelnigg = 0.00013644729915540665

PARAMETERS:
molecule    = [['Ne', 10, 0.0, 0.0, 0.0, 54, 54]]
D2          = False
prec        = 8
derivative  = ABGV
box         = 1

-------------------------------
Ne 1 0 8 ABGV 1
-------------------------------
Now executing: python test.py Input_Making/input__Ne108BS.txt
Input file: Input_Making/input__Ne108BS.txt
Output file: outputs/output__Ne108BS.txt
light_speed = 137.03599913900001  # default 137.03599913900001
derivative = "BS"         # possible values: PH, ABGV, BS
order = 11
box = 1
prec = 1.0e-8                 # precision threshold for the MRA operations
thr  = 1.0e-7                  # error threshold for SCF convergence

readPotential    = False         # bool
computePotential = True         # bool 
savePotential    = False         # bool
potential = "fermi_dirac"       # possible values: point_charge coulomb_HFYGB homogeneus_charge_sphere gaussian

readOrbitals     = False         # bool
saveOrbitals     = False         # bool
saveGuess        = False

scf              = True
ktrs             = False
D2               = False         # bool
two_electrons    = False         # bool

runGaunt         = False
runGaugeA        = False
runGaugeB        = False
runGaugeC        = False
runGaugeD        = False
runGaugeDelta    = False

molecule = [ ["Ne", 10, 0.0, 0.0, 0.0, 54, 54] ]

# With the paramenters I got from Robert, the error is (1) higher than
#  what he gets and (2) dominated by the width of the Gaussian
# I get a much better agreement with the ideal value IF the Gaussian
#  size is reduced by one order of magnitude 3e4->3e5 for Ar
# It seems the position of the nucleus is also important: I get bad
#  results from D2 if I move the nucleus
# Higher prec with off centered nucleus is too demanding for my laptop

**************************************
10 [0.0, 0.0, 0.0]
Fermi Dirac potential
Using Half Charge Radius for Ne: 5.0449447293e-05
Integral of the Fermi-Dirac distribution via cartesian 3D integration: 0.7422693907012037
The normalization constant is: 13.472197729389388
Integral of the Fermi-Dirac distribution via 3D integration: 10.00000000000005
3D density

*FunctionTree: nn
  genNodes: 0
  square norm: 7.00266e+13
  root scale: 0
  order: 11
  nodes: 904
  endNodes: 792
  nodes per scale: 
    scale=0  nodes=8
    scale=1  nodes=64
    scale=2  nodes=64
    scale=3  nodes=64
    scale=4  nodes=64
    scale=5  nodes=64
    scale=6  nodes=64
    scale=7  nodes=64
    scale=8  nodes=64
    scale=9  nodes=64
    scale=10  nodes=64
    scale=11  nodes=64
    scale=12  nodes=64
    scale=13  nodes=64
    scale=14  nodes=64

3D potential

*FunctionTree: nn
  genNodes: 0
  square norm: 1534.78
  root scale: 0
  order: 11
  nodes: 968
  endNodes: 848
  nodes per scale: 
    scale=0  nodes=8
    scale=1  nodes=64
    scale=2  nodes=64
    scale=3  nodes=64
    scale=4  nodes=64
    scale=5  nodes=64
    scale=6  nodes=64
    scale=7  nodes=64
    scale=8  nodes=64
    scale=9  nodes=64
    scale=10  nodes=64
    scale=11  nodes=64
    scale=12  nodes=64
    scale=13  nodes=64
    scale=14  nodes=64
    scale=15  nodes=64

Potential

*FunctionTree: nn
  genNodes: 0
  square norm: 1534.78
  root scale: 0
  order: 11
  nodes: 968
  endNodes: 848
  nodes per scale: 
    scale=0  nodes=8
    scale=1  nodes=64
    scale=2  nodes=64
    scale=3  nodes=64
    scale=4  nodes=64
    scale=5  nodes=64
    scale=6  nodes=64
    scale=7  nodes=64
    scale=8  nodes=64
    scale=9  nodes=64
    scale=10  nodes=64
    scale=11  nodes=64
    scale=12  nodes=64
    scale=13  nodes=64
    scale=14  nodes=64
    scale=15  nodes=64

Number of Atoms =  1
[['Ne', 10, 0.0, 0.0, 0.0, 54, 54]]
Using derivative  BS
One-electron calculations 1e-08
calc_dirac_mu 99.99942080902206 18728.79860837682 137.035999139
Error 0.0007636467560351973
Delta E 18728.79860837682
Energy -50.06645164719157
Converged?  0.0007636467560351973  >  1e-07   ----   18728.79860837682  >  1e-09   ----  iteration 0
calc_dirac_mu 99.99972677288874 18728.79845498593 137.035999139
Error 0.0004373829713048488
Delta E 0.00015339089077315293
Energy -50.06660503808234
Converged?  0.0004373829713048488  >  1e-07   ----   0.00015339089077315293  >  1e-09   ----  iteration 1
calc_dirac_mu 99.99989039936163 18728.798372953985 137.035999139
Error 0.00023998405030768068
Delta E 8.20319437480066e-05
Energy -50.06668707002609
Converged?  0.00023998405030768068  >  1e-07   ----   8.20319437480066e-05  >  1e-09   ----  iteration 2
calc_dirac_mu 99.9999275018739 18728.798354353137 137.035999139
Error 0.0001279544454504719
Delta E 1.860084739746526e-05
Energy -50.06670567087349
Converged?  0.0001279544454504719  >  1e-07   ----   1.860084739746526e-05  >  1e-09   ----  iteration 3
calc_dirac_mu 99.99993637946852 18728.798349902474 137.035999139
Error 6.687804223310931e-05
Delta E 4.450663254829124e-06
Energy -50.066710121536744
Converged?  6.687804223310931e-05  >  1e-07   ----   4.450663254829124e-06  >  1e-09   ----  iteration 4
calc_dirac_mu 99.99993857592769 18728.79834880131 137.035999139
Error 3.448623386060585e-05
Delta E 1.1011652532033622e-06
Energy -50.066711222702
Converged?  3.448623386060585e-05  >  1e-07   ----   1.1011652532033622e-06  >  1e-09   ----  iteration 5
calc_dirac_mu 99.99993912871007 18728.79834852418 137.035999139
Error 1.762095304118652e-05
Delta E 2.771303115878254e-07
Energy -50.06671149983231
Converged?  1.762095304118652e-05  >  1e-07   ----   2.771303115878254e-07  >  1e-09   ----  iteration 6
calc_dirac_mu 99.99993927030663 18728.79834845319 137.035999139
Error 8.94784456689108e-06
Delta E 7.09878804627806e-08
Energy -50.06671157082019
Converged?  8.94784456689108e-06  >  1e-07   ----   7.09878804627806e-08  >  1e-09   ----  iteration 7
calc_dirac_mu 99.99993930737293 18728.798348434608 137.035999139
Error 4.524661641414324e-06
Delta E 1.858279574662447e-08
Energy -50.066711589402985
Converged?  4.524661641414324e-06  >  1e-07   ----   1.858279574662447e-08  >  1e-09   ----  iteration 8
calc_dirac_mu 99.99993931758378 18728.79834842949 137.035999139
Error 2.2815262085549627e-06
Delta E 5.11863618157804e-09
Energy -50.06671159452162
Converged?  2.2815262085549627e-06  >  1e-07   ----   5.11863618157804e-09  >  1e-09   ----  iteration 9
calc_dirac_mu 99.99993932069751 18728.79834842793 137.035999139
Error 1.1482545826886182e-06
Delta E 1.5606929082423449e-09
Energy -50.066711596082314
Converged?  1.1482545826886182e-06  >  1e-07   ----   1.5606929082423449e-09  >  1e-09   ----  iteration 10
calc_dirac_mu 99.99993932154497 18728.798348427503 137.035999139
Error 5.771432491550933e-07
Delta E 4.256435204297304e-10
Energy -50.06671159650796
Converged?  5.771432491550933e-07  >  1e-07   ----   4.256435204297304e-10  >  1e-09   ----  iteration 11
calc_dirac_mu 99.99993932197981 18728.798348427285 137.035999139
Error 2.89854401472526e-07
Delta E 2.1827872842550278e-10
Energy -50.066711596726236
Converged?  2.89854401472526e-07  >  1e-07   ----   2.1827872842550278e-10  >  1e-09   ----  iteration 12
calc_dirac_mu 99.99993932232896 18728.79834842711 137.035999139
Error 1.4548811869331954e-07
Delta E 1.7462298274040222e-10
Energy -50.06671159690086
Converged?  1.4548811869331954e-07  >  1e-07   ----   1.7462298274040222e-10  >  1e-09   ----  iteration 13
calc_dirac_mu 99.99993932230039 18728.798348427124 137.035999139
Error 7.299706553722165e-08
Delta E 1.4551915228366852e-11
Energy -50.06671159688631
Converged?  7.299706553722165e-08  >  1e-07   ----   1.4551915228366852e-11  >  1e-09   ----  iteration 14
Classic-like energies: cke = 50.536253360535824, cpe = -100.53619388868319, cke + cpe = -49.99994052814736
Exact Energy = -50.06674201684291
Dirac Energy = -50.066711596802634
Kutze Energy = -50.066682386005716
Error Kutze  = 5.9630838222801685e-05
Error Dirac  = 3.0420040275203064e-05
Delta Energy = 8.36735125631094e-11
Dirac - Kutzelnigg = -2.921079794759862e-05

PARAMETERS:
molecule    = [['Ne', 10, 0.0, 0.0, 0.0, 54, 54]]
D2          = False
prec        = 8
derivative  = BS
box         = 1

-------------------------------
Ne 1 0 8 BS 1
-------------------------------
Now executing: python test.py Input_Making/input__Ne108PH.txt
Input file: Input_Making/input__Ne108PH.txt
Output file: outputs/output__Ne108PH.txt
light_speed = 137.03599913900001  # default 137.03599913900001
derivative = "PH"         # possible values: PH, ABGV, BS
order = 11
box = 1
prec = 1.0e-8                 # precision threshold for the MRA operations
thr  = 1.0e-7                  # error threshold for SCF convergence

readPotential    = False         # bool
computePotential = True         # bool 
savePotential    = False         # bool
potential = "fermi_dirac"       # possible values: point_charge coulomb_HFYGB homogeneus_charge_sphere gaussian

readOrbitals     = False         # bool
saveOrbitals     = False         # bool
saveGuess        = False

scf              = True
ktrs             = False
D2               = False         # bool
two_electrons    = False         # bool

runGaunt         = False
runGaugeA        = False
runGaugeB        = False
runGaugeC        = False
runGaugeD        = False
runGaugeDelta    = False

molecule = [ ["Ne", 10, 0.0, 0.0, 0.0, 54, 54] ]

# With the paramenters I got from Robert, the error is (1) higher than
#  what he gets and (2) dominated by the width of the Gaussian
# I get a much better agreement with the ideal value IF the Gaussian
#  size is reduced by one order of magnitude 3e4->3e5 for Ar
# It seems the position of the nucleus is also important: I get bad
#  results from D2 if I move the nucleus
# Higher prec with off centered nucleus is too demanding for my laptop

**************************************
10 [0.0, 0.0, 0.0]
Fermi Dirac potential
Using Half Charge Radius for Ne: 5.0449447293e-05
Integral of the Fermi-Dirac distribution via cartesian 3D integration: 0.7422693907012037
The normalization constant is: 13.472197729389388
Integral of the Fermi-Dirac distribution via 3D integration: 10.00000000000005
3D density

*FunctionTree: nn
  genNodes: 0
  square norm: 7.00266e+13
  root scale: 0
  order: 11
  nodes: 904
  endNodes: 792
  nodes per scale: 
    scale=0  nodes=8
    scale=1  nodes=64
    scale=2  nodes=64
    scale=3  nodes=64
    scale=4  nodes=64
    scale=5  nodes=64
    scale=6  nodes=64
    scale=7  nodes=64
    scale=8  nodes=64
    scale=9  nodes=64
    scale=10  nodes=64
    scale=11  nodes=64
    scale=12  nodes=64
    scale=13  nodes=64
    scale=14  nodes=64

3D potential

*FunctionTree: nn
  genNodes: 0
  square norm: 1534.78
  root scale: 0
  order: 11
  nodes: 968
  endNodes: 848
  nodes per scale: 
    scale=0  nodes=8
    scale=1  nodes=64
    scale=2  nodes=64
    scale=3  nodes=64
    scale=4  nodes=64
    scale=5  nodes=64
    scale=6  nodes=64
    scale=7  nodes=64
    scale=8  nodes=64
    scale=9  nodes=64
    scale=10  nodes=64
    scale=11  nodes=64
    scale=12  nodes=64
    scale=13  nodes=64
    scale=14  nodes=64
    scale=15  nodes=64

Potential

*FunctionTree: nn
  genNodes: 0
  square norm: 1534.78
  root scale: 0
  order: 11
  nodes: 968
  endNodes: 848
  nodes per scale: 
    scale=0  nodes=8
    scale=1  nodes=64
    scale=2  nodes=64
    scale=3  nodes=64
    scale=4  nodes=64
    scale=5  nodes=64
    scale=6  nodes=64
    scale=7  nodes=64
    scale=8  nodes=64
    scale=9  nodes=64
    scale=10  nodes=64
    scale=11  nodes=64
    scale=12  nodes=64
    scale=13  nodes=64
    scale=14  nodes=64
    scale=15  nodes=64

Number of Atoms =  1
[['Ne', 10, 0.0, 0.0, 0.0, 54, 54]]
Using derivative  PH
One-electron calculations 1e-08
calc_dirac_mu 99.99934886504182 18728.79864444497 137.035999139
Error 0.0007643806781161579
Delta E 18728.79864444497
Energy -50.06641557904004
Converged?  0.0007643806781161579  >  1e-07   ----   18728.79864444497  >  1e-09   ----  iteration 0
calc_dirac_mu 99.99961915401694 18728.79850893921 137.035999139
Error 0.0004372416021582404
Delta E 0.00013550576113630086
Energy -50.066551084801176
Converged?  0.0004372416021582404  >  1e-07   ----   0.00013550576113630086  >  1e-09   ----  iteration 1
calc_dirac_mu 99.9998382183529 18728.798399114236 137.035999139
Error 0.0002400252828343467
Delta E 0.00010982497406075709
Energy -50.06666090977524
Converged?  0.0002400252828343467  >  1e-07   ----   0.00010982497406075709  >  1e-09   ----  iteration 2
calc_dirac_mu 99.99987555108694 18728.79838039797 137.035999139
Error 0.00012797594808922102
Delta E 1.871626591309905e-05
Energy -50.06667962604115
Converged?  0.00012797594808922102  >  1e-07   ----   1.871626591309905e-05  >  1e-09   ----  iteration 3
calc_dirac_mu 99.99988454114373 18728.798375890925 137.035999139
Error 6.688913794855983e-05
Delta E 4.507044650381431e-06
Energy -50.0666841330858
Converged?  6.688913794855983e-05  >  1e-07   ----   4.507044650381431e-06  >  1e-09   ----  iteration 4
calc_dirac_mu 99.99988679860772 18728.798374759175 137.035999139
Error 3.449194373845622e-05
Delta E 1.1317497410345823e-06
Energy -50.06668526483554
Converged?  3.449194373845622e-05  >  1e-07   ----   1.1317497410345823e-06  >  1e-09   ----  iteration 5
calc_dirac_mu 99.999887387136 18728.798374464124 137.035999139
Error 1.7623895895241806e-05
Delta E 2.950509951915592e-07
Energy -50.06668555988654
Converged?  1.7623895895241806e-05  >  1e-07   ----   2.950509951915592e-07  >  1e-09   ----  iteration 6
calc_dirac_mu 99.99988754763072 18728.798374383663 137.035999139
Error 8.94936128562008e-06
Delta E 8.046117727644742e-08
Energy -50.066685640347714
Converged?  8.94936128562008e-06  >  1e-07   ----   8.046117727644742e-08  >  1e-09   ----  iteration 7
calc_dirac_mu 99.999887594892 18728.79837435997 137.035999139
Error 4.525444121171446e-06
Delta E 2.3694155970588326e-08
Energy -50.06668566404187
Converged?  4.525444121171446e-06  >  1e-07   ----   2.3694155970588326e-08  >  1e-09   ----  iteration 8
calc_dirac_mu 99.99988761011464 18728.798374352336 137.035999139
Error 2.2819293156421965e-06
Delta E 7.632479537278414e-09
Energy -50.06668567167435
Converged?  2.2819293156421965e-06  >  1e-07   ----   7.632479537278414e-09  >  1e-09   ----  iteration 9
calc_dirac_mu 99.99988761616116 18728.798374349306 137.035999139
Error 1.148463006268143e-06
Delta E 3.030436346307397e-09
Energy -50.066685674704786
Converged?  1.148463006268143e-06  >  1e-07   ----   3.030436346307397e-09  >  1e-09   ----  iteration 10
calc_dirac_mu 99.99988761897018 18728.798374347898 137.035999139
Error 5.772519746938098e-07
Delta E 1.407897798344493e-09
Energy -50.066685676112684
Converged?  5.772519746938098e-07  >  1e-07   ----   1.407897798344493e-09  >  1e-09   ----  iteration 11
calc_dirac_mu 99.99988761971608 18728.798374347523 137.035999139
Error 2.8990957733651304e-07
Delta E 3.7471181713044643e-10
Energy -50.066685676487396
Converged?  2.8990957733651304e-07  >  1e-07   ----   3.7471181713044643e-10  >  1e-09   ----  iteration 12
calc_dirac_mu 99.99988762041437 18728.798374347174 137.035999139
Error 1.4551653511592316e-07
Delta E 3.4924596548080444e-10
Energy -50.06668567683664
Converged?  1.4551653511592316e-07  >  1e-07   ----   3.4924596548080444e-10  >  1e-09   ----  iteration 13
calc_dirac_mu 99.99988762064606 18728.798374347058 137.035999139
Error 7.301187492149234e-08
Delta E 1.1641532182693481e-10
Energy -50.06668567695306
Converged?  7.301187492149234e-08  >  1e-07   ----   1.1641532182693481e-10  >  1e-09   ----  iteration 14
Classic-like energies: cke = 50.53628904701825, cpe = -100.53661444733598, cke + cpe = -50.00032540031773
Exact Energy = -50.06674201684291
Dirac Energy = -50.06668567710585
Kutze Energy = -50.06706828703826
Error Kutze  = -0.0003262701939092949
Error Dirac  = 5.633973705698736e-05
Delta Energy = -1.5279510989785194e-10
Dirac - Kutzelnigg = 0.00038260993096628226

PARAMETERS:
molecule    = [['Ne', 10, 0.0, 0.0, 0.0, 54, 54]]
D2          = False
prec        = 8
derivative  = PH
box         = 1

-------------------------------
Ne 1 0 8 PH 1
-------------------------------
Now executing: python test.py Input_Making/input__Ne114ABGV.txt
Input file: Input_Making/input__Ne114ABGV.txt
Output file: outputs/output__Ne114ABGV.txt
light_speed = 137.03599913900001  # default 137.03599913900001
derivative = "ABGV"         # possible values: PH, ABGV, BS
order = 7
box = 1
prec = 1.0e-4                 # precision threshold for the MRA operations
thr  = 1.0e-3                  # error threshold for SCF convergence

readPotential    = False        # bool
computePotential = True         # bool 
savePotential    = False         # bool
potential = "fermi_dirac"       # possible values: point_charge coulomb_HFYGB homogeneus_charge_sphere gaussian

readOrbitals     = False        # bool
saveOrbitals     = False         # bool
saveGuess        = False

scf              = True
ktrs             = False
D2               = True         # bool
two_electrons    = False         # bool

runGaunt         = False
runGaugeA        = False
runGaugeB        = False
runGaugeC        = False
runGaugeD        = False
runGaugeDelta    = False

molecule = [ ["Ne", 10, 0.0, 0.0, 0.0, 54, 54] ]

# With the paramenters I got from Robert, the error is (1) higher than
#  what he gets and (2) dominated by the width of the Gaussian
# I get a much better agreement with the ideal value IF the Gaussian
#  size is reduced by one order of magnitude 3e4->3e5 for Ar
# It seems the position of the nucleus is also important: I get bad
#  results from D2 if I move the nucleus
# Higher prec with off centered nucleus is too demanding for my laptop

**************************************
10 [0.0, 0.0, 0.0]
Fermi Dirac potential
Using Half Charge Radius for Ne: 5.0449447293e-05
Integral of the Fermi-Dirac distribution via cartesian 3D integration: 0.742269396814775
The normalization constant is: 13.472197618428
Integral of the Fermi-Dirac distribution via 3D integration: 9.999999999999979
3D density

*FunctionTree: nn
  genNodes: 0
  square norm: 7.00266e+13
  root scale: 0
  order: 7
  nodes: 1288
  endNodes: 1128
  nodes per scale: 
    scale=0  nodes=8
    scale=1  nodes=64
    scale=2  nodes=64
    scale=3  nodes=64
    scale=4  nodes=64
    scale=5  nodes=64
    scale=6  nodes=64
    scale=7  nodes=64
    scale=8  nodes=64
    scale=9  nodes=64
    scale=10  nodes=64
    scale=11  nodes=64
    scale=12  nodes=64
    scale=13  nodes=512

3D potential

*FunctionTree: nn
  genNodes: 0
  square norm: 1534.78
  root scale: 0
  order: 7
  nodes: 904
  endNodes: 792
  nodes per scale: 
    scale=0  nodes=8
    scale=1  nodes=64
    scale=2  nodes=64
    scale=3  nodes=64
    scale=4  nodes=64
    scale=5  nodes=64
    scale=6  nodes=64
    scale=7  nodes=64
    scale=8  nodes=64
    scale=9  nodes=64
    scale=10  nodes=64
    scale=11  nodes=64
    scale=12  nodes=64
    scale=13  nodes=64
    scale=14  nodes=64

Potential

*FunctionTree: nn
  genNodes: 0
  square norm: 1534.78
  root scale: 0
  order: 7
  nodes: 904
  endNodes: 792
  nodes per scale: 
    scale=0  nodes=8
    scale=1  nodes=64
    scale=2  nodes=64
    scale=3  nodes=64
    scale=4  nodes=64
    scale=5  nodes=64
    scale=6  nodes=64
    scale=7  nodes=64
    scale=8  nodes=64
    scale=9  nodes=64
    scale=10  nodes=64
    scale=11  nodes=64
    scale=12  nodes=64
    scale=13  nodes=64
    scale=14  nodes=64

Number of Atoms =  1
[['Ne', 10, 0.0, 0.0, 0.0, 54, 54]]
Using derivative  ABGV
Hartree-Fock 1e D2
Classic-like energies: cke = 50.26367444157195 cpe = -100.23154687481737 cke + cpe = -49.96787243324542
mu = 9.996786727068395
Error = 0.00048814719834465843
Delta E 50.03452859280215
Energy -50.03452859280215 0
Converged?  0.00048814719834465843  >  0.001   ----   50.03452859280215  >  1e-05   ----  iteration 0
Classic-like energies: cke = 50.34331192173144 cpe = -100.3422036033526 cke + cpe = -49.99889168162116
mu = 9.999889167547924
Error = 0.0005383761158095709
Delta E 0.031102142881579198
Energy -50.065630735683726 -50.03452859280215
Converged?  0.0005383761158095709  >  0.001   ----   0.031102142881579198  >  1e-05   ----  iteration 1
Classic-like energies: cke = 50.43568172367756 cpe = -100.43577504885229 cke + cpe = -50.00009332517473
mu = 10.000009332513118
Error = 0.0003122488632127826
Delta E 0.0012048558138673116
Energy -50.06683559149759 -50.065630735683726
Converged?  0.0003122488632127826  >  0.001   ----   0.0012048558138673116  >  1e-05   ----  iteration 2
Classic-like energies: cke = 50.484688713299136 cpe = -100.48486729461705 cke + cpe = -50.00017858131791
mu = 10.000017858115845
Error = 0.00017431061616020774
Delta E 8.548405403274728e-05
Energy -50.066921075551626 -50.06683559149759
Converged?  0.00017431061616020774  >  0.001   ----   8.548405403274728e-05  >  1e-05   ----  iteration 3
Classic-like energies: cke = 50.50960226645433 cpe = -100.50977942015471 cke + cpe = -50.000177153700385
mu = 10.000017715354346
Error = 9.349789686031945e-05
Delta E 1.4314340788246227e-06
Energy -50.06691964411755 -50.066921075551626
Converged?  9.349789686031945e-05  >  0.001   ----   1.4314340788246227e-06  >  1e-05   ----  iteration 4
Classic-like energies: cke = 50.52222176560143 cpe = -100.5224014525241 cke + cpe = -50.000179686922664
mu = 10.000017968676122
Error = 4.922009352932139e-05
Delta E 2.539994319761263e-06
Energy -50.06692218411187 -50.06691964411755
Converged?  4.922009352932139e-05  >  0.001   ----   2.539994319761263e-06  >  1e-05   ----  iteration 5
Classic-like energies: cke = 50.528597329736954 cpe = -100.52877720727858 cke + cpe = -50.000179877541626
mu = 10.000017987737985
Error = 2.5538487984452585e-05
Delta E 1.9112863469672448e-07
Energy -50.0669223752405 -50.06692218411187
Converged?  2.5538487984452585e-05  >  0.001   ----   1.9112863469672448e-07  >  1e-05   ----  iteration 6
Classic-like energies: cke = 50.531819148253234, cpe = -100.53199862910047, cke + cpe = -50.00017948084724
Exact Energy = -50.06674201684291
Dirac Energy = -50.06591392894552
Kutze Energy = -50.06692197748638
Error Kutze  = -0.00017996064343606122
Error Dirac  = 0.0008280878973891959
Delta Energy = 3.9775412119524844e-07
Dirac - Kutzelnigg = 0.001008048540825257

PARAMETERS:
molecule    = [['Ne', 10, 0.0, 0.0, 0.0, 54, 54]]
D2          = True
prec        = 4
derivative  = ABGV
box         = 1

-------------------------------
Ne 1 1 4 ABGV 1
-------------------------------
Now executing: python test.py Input_Making/input__Ne114BS.txt
Input file: Input_Making/input__Ne114BS.txt
Output file: outputs/output__Ne114BS.txt
light_speed = 137.03599913900001  # default 137.03599913900001
derivative = "BS"         # possible values: PH, ABGV, BS
order = 7
box = 1
prec = 1.0e-4                 # precision threshold for the MRA operations
thr  = 1.0e-3                  # error threshold for SCF convergence

readPotential    = False        # bool
computePotential = True         # bool 
savePotential    = False         # bool
potential = "fermi_dirac"       # possible values: point_charge coulomb_HFYGB homogeneus_charge_sphere gaussian

readOrbitals     = False        # bool
saveOrbitals     = False         # bool
saveGuess        = False

scf              = True
ktrs             = False
D2               = True         # bool
two_electrons    = False         # bool

runGaunt         = False
runGaugeA        = False
runGaugeB        = False
runGaugeC        = False
runGaugeD        = False
runGaugeDelta    = False

molecule = [ ["Ne", 10, 0.0, 0.0, 0.0, 54, 54] ]

# With the paramenters I got from Robert, the error is (1) higher than
#  what he gets and (2) dominated by the width of the Gaussian
# I get a much better agreement with the ideal value IF the Gaussian
#  size is reduced by one order of magnitude 3e4->3e5 for Ar
# It seems the position of the nucleus is also important: I get bad
#  results from D2 if I move the nucleus
# Higher prec with off centered nucleus is too demanding for my laptop

**************************************
10 [0.0, 0.0, 0.0]
Fermi Dirac potential
Using Half Charge Radius for Ne: 5.0449447293e-05
Integral of the Fermi-Dirac distribution via cartesian 3D integration: 0.742269396814775
The normalization constant is: 13.472197618428
Integral of the Fermi-Dirac distribution via 3D integration: 9.999999999999979
3D density

*FunctionTree: nn
  genNodes: 0
  square norm: 7.00266e+13
  root scale: 0
  order: 7
  nodes: 1288
  endNodes: 1128
  nodes per scale: 
    scale=0  nodes=8
    scale=1  nodes=64
    scale=2  nodes=64
    scale=3  nodes=64
    scale=4  nodes=64
    scale=5  nodes=64
    scale=6  nodes=64
    scale=7  nodes=64
    scale=8  nodes=64
    scale=9  nodes=64
    scale=10  nodes=64
    scale=11  nodes=64
    scale=12  nodes=64
    scale=13  nodes=512

3D potential

*FunctionTree: nn
  genNodes: 0
  square norm: 1534.78
  root scale: 0
  order: 7
  nodes: 904
  endNodes: 792
  nodes per scale: 
    scale=0  nodes=8
    scale=1  nodes=64
    scale=2  nodes=64
    scale=3  nodes=64
    scale=4  nodes=64
    scale=5  nodes=64
    scale=6  nodes=64
    scale=7  nodes=64
    scale=8  nodes=64
    scale=9  nodes=64
    scale=10  nodes=64
    scale=11  nodes=64
    scale=12  nodes=64
    scale=13  nodes=64
    scale=14  nodes=64

Potential

*FunctionTree: nn
  genNodes: 0
  square norm: 1534.78
  root scale: 0
  order: 7
  nodes: 904
  endNodes: 792
  nodes per scale: 
    scale=0  nodes=8
    scale=1  nodes=64
    scale=2  nodes=64
    scale=3  nodes=64
    scale=4  nodes=64
    scale=5  nodes=64
    scale=6  nodes=64
    scale=7  nodes=64
    scale=8  nodes=64
    scale=9  nodes=64
    scale=10  nodes=64
    scale=11  nodes=64
    scale=12  nodes=64
    scale=13  nodes=64
    scale=14  nodes=64

Number of Atoms =  1
[['Ne', 10, 0.0, 0.0, 0.0, 54, 54]]
Using derivative  BS
Hartree-Fock 1e D2
Classic-like energies: cke = 50.26367444157195 cpe = -100.25106913007676 cke + cpe = -49.98739468850481
mu = 9.998739389393526
Error = 0.0006363068268402184
Delta E 50.054103012473306
Energy -50.054103012473306 0
Converged?  0.0006363068268402184  >  0.001   ----   50.054103012473306  >  1e-05   ----  iteration 0
Classic-like energies: cke = 50.37216125193717 cpe = -100.37179169111131 cke + cpe = -49.99963043917414
mu = 9.999963043849126
Error = 0.0004744415814196894
Delta E 0.012268455618595908
Energy -50.0663714680919 -50.054103012473306
Converged?  0.0004744415814196894  >  0.001   ----   0.012268455618595908  >  1e-05   ----  iteration 1
Classic-like energies: cke = 50.4513161536681 cpe = -100.4510976206704 cke + cpe = -49.99978146700229
mu = 9.999978146676352
Error = 0.0002692553281743531
Delta E 0.00015143155905406047
Energy -50.066522899650955 -50.0663714680919
Converged?  0.0002692553281743531  >  0.001   ----   0.00015143155905406047  >  1e-05   ----  iteration 2
Classic-like energies: cke = 50.49185315079477 cpe = -100.49166240339001 cke + cpe = -49.99980925259524
mu = 9.999980925241331
Error = 0.0001473987376162484
Delta E 2.7859870087354466e-05
Energy -50.06655075952104 -50.066522899650955
Converged?  0.0001473987376162484  >  0.001   ----   2.7859870087354466e-05  >  1e-05   ----  iteration 3
Classic-like energies: cke = 50.512396759151116 cpe = -100.51221034782932 cke + cpe = -49.99981358867821
mu = 9.999981358850446
Error = 7.843583827109965e-05
Delta E 4.3476749809201465e-06
Energy -50.066555107196024 -50.06655075952104
Converged?  7.843583827109965e-05  >  0.001   ----   4.3476749809201465e-06  >  1e-05   ----  iteration 4
Classic-like energies: cke = 50.52278510714853 cpe = -100.52260009448088 cke + cpe = -49.99981498733235
mu = 9.99998149871612
Error = 4.1020124563038876e-05
Delta E 1.4023938774698763e-06
Energy -50.0665565095899 -50.066555107196024
Converged?  4.1020124563038876e-05  >  0.001   ----   1.4023938774698763e-06  >  1e-05   ----  iteration 5
Classic-like energies: cke = 50.528030815015164 cpe = -100.52784608206937 cke + cpe = -49.99981526705421
mu = 9.999981526688357
Error = 2.119806613545986e-05
Delta E 2.80469606650513e-07
Energy -50.06655679005951 -50.0665565095899
Converged?  2.119806613545986e-05  >  0.001   ----   2.80469606650513e-07  >  1e-05   ----  iteration 6
Classic-like energies: cke = 50.53067770012169, cpe = -100.5301309888533, cke + cpe = -49.99945328873161
Exact Energy = -50.06674201684291
Dirac Energy = -50.067077197312756
Kutze Energy = -50.066193844085674
Error Kutze  = 0.0005481727566802874
Error Dirac  = -0.0003351804698468186
Delta Energy = 0.0003629459738334617
Dirac - Kutzelnigg = -0.000883353226527106

PARAMETERS:
molecule    = [['Ne', 10, 0.0, 0.0, 0.0, 54, 54]]
D2          = True
prec        = 4
derivative  = BS
box         = 1

-------------------------------
Ne 1 1 4 BS 1
-------------------------------
Now executing: python test.py Input_Making/input__Ne114PH.txt
Input file: Input_Making/input__Ne114PH.txt
Output file: outputs/output__Ne114PH.txt
light_speed = 137.03599913900001  # default 137.03599913900001
derivative = "PH"         # possible values: PH, ABGV, BS
order = 7
box = 1
prec = 1.0e-4                 # precision threshold for the MRA operations
thr  = 1.0e-3                  # error threshold for SCF convergence

readPotential    = False        # bool
computePotential = True         # bool 
savePotential    = False         # bool
potential = "fermi_dirac"       # possible values: point_charge coulomb_HFYGB homogeneus_charge_sphere gaussian

readOrbitals     = False        # bool
saveOrbitals     = False         # bool
saveGuess        = False

scf              = True
ktrs             = False
D2               = True         # bool
two_electrons    = False         # bool

runGaunt         = False
runGaugeA        = False
runGaugeB        = False
runGaugeC        = False
runGaugeD        = False
runGaugeDelta    = False

molecule = [ ["Ne", 10, 0.0, 0.0, 0.0, 54, 54] ]

# With the paramenters I got from Robert, the error is (1) higher than
#  what he gets and (2) dominated by the width of the Gaussian
# I get a much better agreement with the ideal value IF the Gaussian
#  size is reduced by one order of magnitude 3e4->3e5 for Ar
# It seems the position of the nucleus is also important: I get bad
#  results from D2 if I move the nucleus
# Higher prec with off centered nucleus is too demanding for my laptop

**************************************
10 [0.0, 0.0, 0.0]
Fermi Dirac potential
Using Half Charge Radius for Ne: 5.0449447293e-05
Integral of the Fermi-Dirac distribution via cartesian 3D integration: 0.742269396814775
The normalization constant is: 13.472197618428
Integral of the Fermi-Dirac distribution via 3D integration: 9.999999999999979
3D density

*FunctionTree: nn
  genNodes: 0
  square norm: 7.00266e+13
  root scale: 0
  order: 7
  nodes: 1288
  endNodes: 1128
  nodes per scale: 
    scale=0  nodes=8
    scale=1  nodes=64
    scale=2  nodes=64
    scale=3  nodes=64
    scale=4  nodes=64
    scale=5  nodes=64
    scale=6  nodes=64
    scale=7  nodes=64
    scale=8  nodes=64
    scale=9  nodes=64
    scale=10  nodes=64
    scale=11  nodes=64
    scale=12  nodes=64
    scale=13  nodes=512

3D potential

*FunctionTree: nn
  genNodes: 0
  square norm: 1534.78
  root scale: 0
  order: 7
  nodes: 904
  endNodes: 792
  nodes per scale: 
    scale=0  nodes=8
    scale=1  nodes=64
    scale=2  nodes=64
    scale=3  nodes=64
    scale=4  nodes=64
    scale=5  nodes=64
    scale=6  nodes=64
    scale=7  nodes=64
    scale=8  nodes=64
    scale=9  nodes=64
    scale=10  nodes=64
    scale=11  nodes=64
    scale=12  nodes=64
    scale=13  nodes=64
    scale=14  nodes=64

Potential

*FunctionTree: nn
  genNodes: 0
  square norm: 1534.78
  root scale: 0
  order: 7
  nodes: 904
  endNodes: 792
  nodes per scale: 
    scale=0  nodes=8
    scale=1  nodes=64
    scale=2  nodes=64
    scale=3  nodes=64
    scale=4  nodes=64
    scale=5  nodes=64
    scale=6  nodes=64
    scale=7  nodes=64
    scale=8  nodes=64
    scale=9  nodes=64
    scale=10  nodes=64
    scale=11  nodes=64
    scale=12  nodes=64
    scale=13  nodes=64
    scale=14  nodes=64

Number of Atoms =  1
[['Ne', 10, 0.0, 0.0, 0.0, 54, 54]]
Using derivative  PH
Hartree-Fock 1e D2
Classic-like energies: cke = 50.26367444157195 cpe = -100.24324954967364 cke + cpe = -49.979575108101685
mu = 9.997957302179449
Error = 0.0005753407243046084
Delta E 50.04626253531735
Energy -50.04626253531735 0
Converged?  0.0005753407243046084  >  0.001   ----   50.04626253531735  >  1e-05   ----  iteration 0
Classic-like energies: cke = 50.36064315100731 cpe = -100.3601641086987 cke + cpe = -49.99952095769139
mu = 9.999952095654397
Error = 0.0004999989659520961
Delta E 0.019999158621821778
Energy -50.06626169393917 -50.04626253531735
Converged?  0.0004999989659520961  >  0.001   ----   0.019999158621821778  >  1e-05   ----  iteration 1
Classic-like energies: cke = 50.445281741949366 cpe = -100.44504144265704 cke + cpe = -49.99975970070768
mu = 9.999975970041897
Error = 0.00028549024761042284
Delta E 0.00023938123166544756
Energy -50.066501075170834 -50.06626169393917
Converged?  0.00028549024761042284  >  0.001   ----   0.00023938123166544756  >  1e-05   ----  iteration 2
Classic-like energies: cke = 50.4887918473509 cpe = -100.48858680327307 cke + cpe = -49.99979495592216
mu = 9.999979495571194
Error = 0.00015706910060912164
Delta E 3.534945884808849e-05
Energy -50.06653642462968 -50.066501075170834
Converged?  0.00015706910060912164  >  0.001   ----   3.534945884808849e-05  >  1e-05   ----  iteration 3
Classic-like energies: cke = 50.510855244393426 cpe = -100.51065320656828 cke + cpe = -49.99979796217485
mu = 9.999979796197076
Error = 8.379193610927931e-05
Delta E 3.014290385294771e-06
Energy -50.06653943892007 -50.06653642462968
Converged?  8.379193610927931e-05  >  0.001   ----   3.014290385294771e-06  >  1e-05   ----  iteration 4
Classic-like energies: cke = 50.522013724866014 cpe = -100.5218137080867 cke + cpe = -49.99979998322068
mu = 9.999979998302065
Error = 4.3901669444817525e-05
Delta E 2.0264484419385553e-06
Energy -50.06654146536851 -50.06653943892007
Converged?  4.3901669444817525e-05  >  0.001   ----   2.0264484419385553e-06  >  1e-05   ----  iteration 5
Classic-like energies: cke = 50.527648203537424 cpe = -100.52744903516876 cke + cpe = -49.99980083163133
mu = 9.9999800831433
Error = 2.2714873254014936e-05
Delta E 8.506781554729059e-07
Energy -50.066542316046664 -50.06654146536851
Converged?  2.2714873254014936e-05  >  0.001   ----   8.506781554729059e-07  >  1e-05   ----  iteration 6
Classic-like energies: cke = 50.530492001535734, cpe = -100.52991559368978, cke + cpe = -49.999423592154045
Exact Energy = -50.06674201684291
Dirac Energy = -50.069943698290444
Kutze Energy = -50.06616406812155
Error Kutze  = 0.0005779487219115254
Error Dirac  = -0.0032016814475355204
Delta Energy = 0.0003782479251128734
Dirac - Kutzelnigg = -0.0037796301694470458

PARAMETERS:
molecule    = [['Ne', 10, 0.0, 0.0, 0.0, 54, 54]]
D2          = True
prec        = 4
derivative  = PH
box         = 1

-------------------------------
Ne 1 1 4 PH 1
-------------------------------
Now executing: python test.py Input_Making/input__Ne115ABGV.txt
Input file: Input_Making/input__Ne115ABGV.txt
Output file: outputs/output__Ne115ABGV.txt
light_speed = 137.03599913900001  # default 137.03599913900001
derivative = "ABGV"         # possible values: PH, ABGV, BS
order = 8
box = 1
prec = 1.0e-5                 # precision threshold for the MRA operations
thr  = 1.0e-4                  # error threshold for SCF convergence

readPotential    = False        # bool
computePotential = True         # bool 
savePotential    = False         # bool
potential = "fermi_dirac"       # possible values: point_charge coulomb_HFYGB homogeneus_charge_sphere gaussian

readOrbitals     = False        # bool
saveOrbitals     = False         # bool
saveGuess        = False

scf              = True
ktrs             = False
D2               = True         # bool
two_electrons    = False         # bool

runGaunt         = False
runGaugeA        = False
runGaugeB        = False
runGaugeC        = False
runGaugeD        = False
runGaugeDelta    = False

molecule = [ ["Ne", 10, 0.0, 0.0, 0.0, 54, 54] ]

# With the paramenters I got from Robert, the error is (1) higher than
#  what he gets and (2) dominated by the width of the Gaussian
# I get a much better agreement with the ideal value IF the Gaussian
#  size is reduced by one order of magnitude 3e4->3e5 for Ar
# It seems the position of the nucleus is also important: I get bad
#  results from D2 if I move the nucleus
# Higher prec with off centered nucleus is too demanding for my laptop

**************************************
10 [0.0, 0.0, 0.0]
Fermi Dirac potential
Using Half Charge Radius for Ne: 5.0449447293e-05
Integral of the Fermi-Dirac distribution via cartesian 3D integration: 0.7422693968745828
The normalization constant is: 13.472197617342488
Integral of the Fermi-Dirac distribution via 3D integration: 9.99999999999975
3D density

*FunctionTree: nn
  genNodes: 0
  square norm: 7.00266e+13
  root scale: 0
  order: 8
  nodes: 1288
  endNodes: 1128
  nodes per scale: 
    scale=0  nodes=8
    scale=1  nodes=64
    scale=2  nodes=64
    scale=3  nodes=64
    scale=4  nodes=64
    scale=5  nodes=64
    scale=6  nodes=64
    scale=7  nodes=64
    scale=8  nodes=64
    scale=9  nodes=64
    scale=10  nodes=64
    scale=11  nodes=64
    scale=12  nodes=64
    scale=13  nodes=512

3D potential

*FunctionTree: nn
  genNodes: 0
  square norm: 1534.78
  root scale: 0
  order: 8
  nodes: 904
  endNodes: 792
  nodes per scale: 
    scale=0  nodes=8
    scale=1  nodes=64
    scale=2  nodes=64
    scale=3  nodes=64
    scale=4  nodes=64
    scale=5  nodes=64
    scale=6  nodes=64
    scale=7  nodes=64
    scale=8  nodes=64
    scale=9  nodes=64
    scale=10  nodes=64
    scale=11  nodes=64
    scale=12  nodes=64
    scale=13  nodes=64
    scale=14  nodes=64

Potential

*FunctionTree: nn
  genNodes: 0
  square norm: 1534.78
  root scale: 0
  order: 8
  nodes: 904
  endNodes: 792
  nodes per scale: 
    scale=0  nodes=8
    scale=1  nodes=64
    scale=2  nodes=64
    scale=3  nodes=64
    scale=4  nodes=64
    scale=5  nodes=64
    scale=6  nodes=64
    scale=7  nodes=64
    scale=8  nodes=64
    scale=9  nodes=64
    scale=10  nodes=64
    scale=11  nodes=64
    scale=12  nodes=64
    scale=13  nodes=64
    scale=14  nodes=64

Number of Atoms =  1
[['Ne', 10, 0.0, 0.0, 0.0, 54, 54]]
Using derivative  ABGV
Hartree-Fock 1e D2
Classic-like energies: cke = 50.26509414082387 cpe = -100.25211503192068 cke + cpe = -49.98702089109681
mu = 9.998702004870113
Error = 0.0006562710386271345
Delta E 50.053728216069764
Energy -50.053728216069764 0
Converged?  0.0006562710386271345  >  0.0001   ----   50.053728216069764  >  1.0000000000000002e-06   ----  iteration 0
Classic-like energies: cke = 50.377360252645225 cpe = -100.37677677939182 cke + cpe = -49.99941652674659
mu = 9.999941652504438
Error = 0.00047490021246680033
Delta E 0.012428767758130732
Energy -50.066156983827895 -50.053728216069764
Converged?  0.00047490021246680033  >  0.0001   ----   0.012428767758130732  >  1.0000000000000002e-06   ----  iteration 1
Classic-like energies: cke = 50.454985940279684 cpe = -100.45486330205945 cke + cpe = -49.99987736177977
mu = 9.999987736170457
Error = 0.0002687602336106949
Delta E 0.0004620669517478859
Energy -50.06661905077964 -50.066156983827895
Converged?  0.0002687602336106949  >  0.0001   ----   0.0004620669517478859  >  1.0000000000000002e-06   ----  iteration 2
Classic-like energies: cke = 50.49523013252365 cpe = -100.49514819678245 cke + cpe = -49.9999180642588
mu = 9.999991806422523
Error = 0.00014707962422834463
Delta E 4.081128570732062e-05
Energy -50.06665986206535 -50.06661905077964
Converged?  0.00014707962422834463  >  0.0001   ----   4.081128570732062e-05  >  1.0000000000000002e-06   ----  iteration 3
Classic-like energies: cke = 50.5156372569649 cpe = -100.51555802087016 cke + cpe = -49.99992076390526
mu = 9.999992076387386
Error = 7.812979864431013e-05
Delta E 2.7068633698945632e-06
Energy -50.06666256892872 -50.06665986206535
Converged?  7.812979864431013e-05  >  0.0001   ----   2.7068633698945632e-06  >  1.0000000000000002e-06   ----  iteration 4
Classic-like energies: cke = 50.52596317700724 cpe = -100.5258855969952 cke + cpe = -49.99992241998795
mu = 9.999992241995786
Error = 4.0839181106635636e-05
Delta E 1.6605094828037181e-06
Energy -50.0666642294382 -50.06666256892872
Converged?  4.0839181106635636e-05  >  0.0001   ----   1.6605094828037181e-06  >  1.0000000000000002e-06   ----  iteration 5
Classic-like energies: cke = 50.531177527098976 cpe = -100.53110020542731 cke + cpe = -49.99992267832833
mu = 9.999992267829844
Error = 2.1093793813107162e-05
Delta E 2.590308554317744e-07
Energy -50.06666448846906 -50.0666642294382
Converged?  2.1093793813107162e-05  >  0.0001   ----   2.590308554317744e-07  >  1.0000000000000002e-06   ----  iteration 6
Classic-like energies: cke = 50.533808917023805 cpe = -100.53373168400545 cke + cpe = -49.99992276698164
mu = 9.999992276695181
Error = 1.0810665695061303e-05
Delta E 8.889063707329115e-08
Energy -50.066664577359695 -50.06666448846906
Converged?  1.0810665695061303e-05  >  0.0001   ----   8.889063707329115e-08  >  1.0000000000000002e-06   ----  iteration 7
Classic-like energies: cke = 50.53513621163901, cpe = -100.53505899274548, cke + cpe = -49.99992278110646
Exact Energy = -50.06674201684291
Dirac Energy = -50.066537610968226
Kutze Energy = -50.06666459152224
Error Kutze  = 7.742532034171745e-05
Error Dirac  = 0.00020440587468328886
Delta Energy = -1.4162544914597675e-08
Dirac - Kutzelnigg = 0.0001269805543415714

PARAMETERS:
molecule    = [['Ne', 10, 0.0, 0.0, 0.0, 54, 54]]
D2          = True
prec        = 5
derivative  = ABGV
box         = 1

-------------------------------
Ne 1 1 5 ABGV 1
-------------------------------
Now executing: python test.py Input_Making/input__Ne115BS.txt
Input file: Input_Making/input__Ne115BS.txt
Output file: outputs/output__Ne115BS.txt
light_speed = 137.03599913900001  # default 137.03599913900001
derivative = "BS"         # possible values: PH, ABGV, BS
order = 8
box = 1
prec = 1.0e-5                 # precision threshold for the MRA operations
thr  = 1.0e-4                  # error threshold for SCF convergence

readPotential    = False        # bool
computePotential = True         # bool 
savePotential    = False         # bool
potential = "fermi_dirac"       # possible values: point_charge coulomb_HFYGB homogeneus_charge_sphere gaussian

readOrbitals     = False        # bool
saveOrbitals     = False         # bool
saveGuess        = False

scf              = True
ktrs             = False
D2               = True         # bool
two_electrons    = False         # bool

runGaunt         = False
runGaugeA        = False
runGaugeB        = False
runGaugeC        = False
runGaugeD        = False
runGaugeDelta    = False

molecule = [ ["Ne", 10, 0.0, 0.0, 0.0, 54, 54] ]

# With the paramenters I got from Robert, the error is (1) higher than
#  what he gets and (2) dominated by the width of the Gaussian
# I get a much better agreement with the ideal value IF the Gaussian
#  size is reduced by one order of magnitude 3e4->3e5 for Ar
# It seems the position of the nucleus is also important: I get bad
#  results from D2 if I move the nucleus
# Higher prec with off centered nucleus is too demanding for my laptop

**************************************
10 [0.0, 0.0, 0.0]
Fermi Dirac potential
Using Half Charge Radius for Ne: 5.0449447293e-05
Integral of the Fermi-Dirac distribution via cartesian 3D integration: 0.7422693968745828
The normalization constant is: 13.472197617342488
Integral of the Fermi-Dirac distribution via 3D integration: 9.99999999999975
3D density

*FunctionTree: nn
  genNodes: 0
  square norm: 7.00266e+13
  root scale: 0
  order: 8
  nodes: 1288
  endNodes: 1128
  nodes per scale: 
    scale=0  nodes=8
    scale=1  nodes=64
    scale=2  nodes=64
    scale=3  nodes=64
    scale=4  nodes=64
    scale=5  nodes=64
    scale=6  nodes=64
    scale=7  nodes=64
    scale=8  nodes=64
    scale=9  nodes=64
    scale=10  nodes=64
    scale=11  nodes=64
    scale=12  nodes=64
    scale=13  nodes=512

3D potential

*FunctionTree: nn
  genNodes: 0
  square norm: 1534.78
  root scale: 0
  order: 8
  nodes: 904
  endNodes: 792
  nodes per scale: 
    scale=0  nodes=8
    scale=1  nodes=64
    scale=2  nodes=64
    scale=3  nodes=64
    scale=4  nodes=64
    scale=5  nodes=64
    scale=6  nodes=64
    scale=7  nodes=64
    scale=8  nodes=64
    scale=9  nodes=64
    scale=10  nodes=64
    scale=11  nodes=64
    scale=12  nodes=64
    scale=13  nodes=64
    scale=14  nodes=64

Potential

*FunctionTree: nn
  genNodes: 0
  square norm: 1534.78
  root scale: 0
  order: 8
  nodes: 904
  endNodes: 792
  nodes per scale: 
    scale=0  nodes=8
    scale=1  nodes=64
    scale=2  nodes=64
    scale=3  nodes=64
    scale=4  nodes=64
    scale=5  nodes=64
    scale=6  nodes=64
    scale=7  nodes=64
    scale=8  nodes=64
    scale=9  nodes=64
    scale=10  nodes=64
    scale=11  nodes=64
    scale=12  nodes=64
    scale=13  nodes=64
    scale=14  nodes=64

Number of Atoms =  1
[['Ne', 10, 0.0, 0.0, 0.0, 54, 54]]
Using derivative  BS
Hartree-Fock 1e D2
Classic-like energies: cke = 50.26509414082387 cpe = -100.25942677177119 cke + cpe = -49.99433263094732
mu = 9.999433247034286
Error = 0.000714174902476564
Delta E 50.061059498361466
Energy -50.061059498361466 0
Converged?  0.000714174902476564  >  0.0001   ----   50.061059498361466  >  1.0000000000000002e-06   ----  iteration 0
Classic-like energies: cke = 50.38823085865569 cpe = -100.38794933563814 cke + cpe = -49.99971847698245
mu = 9.999971847658617
Error = 0.00045293446505664114
Delta E 0.00540024288356733
Energy -50.06645974124503 -50.061059498361466
Converged?  0.00045293446505664114  >  0.0001   ----   0.00540024288356733  >  1.0000000000000002e-06   ----  iteration 1
Classic-like energies: cke = 50.46099956666107 cpe = -100.46081464064946 cke + cpe = -49.99981507398839
mu = 9.99998150738174
Error = 0.0002534612267129782
Delta E 9.685523194491452e-05
Energy -50.06655659647698 -50.06645974124503
Converged?  0.0002534612267129782  >  0.0001   ----   9.685523194491452e-05  >  1.0000000000000002e-06   ----  iteration 2
Classic-like energies: cke = 50.498102429810345 cpe = -100.49794123825639 cke + cpe = -49.99983880844604
mu = 9.999983880831612
Error = 0.00013733480125257828
Delta E 2.3797906088418586e-05
Energy -50.06658039438307 -50.06655659647698
Converged?  0.00013733480125257828  >  0.0001   ----   2.3797906088418586e-05  >  1.0000000000000002e-06   ----  iteration 3
Classic-like energies: cke = 50.51690038282984 cpe = -100.51674312796888 cke + cpe = -49.99984274513904
mu = 9.99998427450154
Error = 7.264974225380919e-05
Delta E 3.947216768551698e-06
Energy -50.066584341599835 -50.06658039438307
Converged?  7.264974225380919e-05  >  0.0001   ----   3.947216768551698e-06  >  1.0000000000000002e-06   ----  iteration 4
Classic-like energies: cke = 50.52640166373736 cpe = -100.52624567535518 cke + cpe = -49.999844011617824
mu = 9.999984401149616
Error = 3.784381740444094e-05
Delta E 1.2698647751108183e-06
Energy -50.06658561146461 -50.066584341599835
Converged?  3.784381740444094e-05  >  0.0001   ----   1.2698647751108183e-06  >  1.0000000000000002e-06   ----  iteration 5
Classic-like energies: cke = 50.53119863123776 cpe = -100.53104291394965 cke + cpe = -49.99984428271189
mu = 9.999984428259065
Error = 1.950544809945778e-05
Delta E 2.718173774951538e-07
Energy -50.06658588328199 -50.06658561146461
Converged?  1.950544809945778e-05  >  0.0001   ----   2.718173774951538e-07  >  1.0000000000000002e-06   ----  iteration 6
Classic-like energies: cke = 50.53361880425898 cpe = -100.5334631541013 cke + cpe = -49.99984434984232
mu = 9.999984434972118
Error = 9.981472072071429e-06
Delta E 6.731011836791367e-08
Energy -50.066585950592106 -50.06658588328199
Converged?  9.981472072071429e-06  >  0.0001   ----   6.731011836791367e-08  >  1.0000000000000002e-06   ----  iteration 7
Classic-like energies: cke = 50.534839463721404, cpe = -100.53460016022179, cke + cpe = -49.99976069650038
Exact Energy = -50.06674201684291
Dirac Energy = -50.06678979702701
Kutze Energy = -50.06650207362477
Error Kutze  = 0.00023994321963982657
Error Dirac  = -4.778018410434015e-05
Delta Energy = 8.387696733791472e-05
Dirac - Kutzelnigg = -0.0002877234037441667

PARAMETERS:
molecule    = [['Ne', 10, 0.0, 0.0, 0.0, 54, 54]]
D2          = True
prec        = 5
derivative  = BS
box         = 1

-------------------------------
Ne 1 1 5 BS 1
-------------------------------
Now executing: python test.py Input_Making/input__Ne115PH.txt
Input file: Input_Making/input__Ne115PH.txt
Output file: outputs/output__Ne115PH.txt
light_speed = 137.03599913900001  # default 137.03599913900001
derivative = "PH"         # possible values: PH, ABGV, BS
order = 8
box = 1
prec = 1.0e-5                 # precision threshold for the MRA operations
thr  = 1.0e-4                  # error threshold for SCF convergence

readPotential    = False        # bool
computePotential = True         # bool 
savePotential    = False         # bool
potential = "fermi_dirac"       # possible values: point_charge coulomb_HFYGB homogeneus_charge_sphere gaussian

readOrbitals     = False        # bool
saveOrbitals     = False         # bool
saveGuess        = False

scf              = True
ktrs             = False
D2               = True         # bool
two_electrons    = False         # bool

runGaunt         = False
runGaugeA        = False
runGaugeB        = False
runGaugeC        = False
runGaugeD        = False
runGaugeDelta    = False

molecule = [ ["Ne", 10, 0.0, 0.0, 0.0, 54, 54] ]

# With the paramenters I got from Robert, the error is (1) higher than
#  what he gets and (2) dominated by the width of the Gaussian
# I get a much better agreement with the ideal value IF the Gaussian
#  size is reduced by one order of magnitude 3e4->3e5 for Ar
# It seems the position of the nucleus is also important: I get bad
#  results from D2 if I move the nucleus
# Higher prec with off centered nucleus is too demanding for my laptop

**************************************
10 [0.0, 0.0, 0.0]
Fermi Dirac potential
Using Half Charge Radius for Ne: 5.0449447293e-05
Integral of the Fermi-Dirac distribution via cartesian 3D integration: 0.7422693968745828
The normalization constant is: 13.472197617342488
Integral of the Fermi-Dirac distribution via 3D integration: 9.99999999999975
3D density

*FunctionTree: nn
  genNodes: 0
  square norm: 7.00266e+13
  root scale: 0
  order: 8
  nodes: 1288
  endNodes: 1128
  nodes per scale: 
    scale=0  nodes=8
    scale=1  nodes=64
    scale=2  nodes=64
    scale=3  nodes=64
    scale=4  nodes=64
    scale=5  nodes=64
    scale=6  nodes=64
    scale=7  nodes=64
    scale=8  nodes=64
    scale=9  nodes=64
    scale=10  nodes=64
    scale=11  nodes=64
    scale=12  nodes=64
    scale=13  nodes=512

3D potential

*FunctionTree: nn
  genNodes: 0
  square norm: 1534.78
  root scale: 0
  order: 8
  nodes: 904
  endNodes: 792
  nodes per scale: 
    scale=0  nodes=8
    scale=1  nodes=64
    scale=2  nodes=64
    scale=3  nodes=64
    scale=4  nodes=64
    scale=5  nodes=64
    scale=6  nodes=64
    scale=7  nodes=64
    scale=8  nodes=64
    scale=9  nodes=64
    scale=10  nodes=64
    scale=11  nodes=64
    scale=12  nodes=64
    scale=13  nodes=64
    scale=14  nodes=64

Potential

*FunctionTree: nn
  genNodes: 0
  square norm: 1534.78
  root scale: 0
  order: 8
  nodes: 904
  endNodes: 792
  nodes per scale: 
    scale=0  nodes=8
    scale=1  nodes=64
    scale=2  nodes=64
    scale=3  nodes=64
    scale=4  nodes=64
    scale=5  nodes=64
    scale=6  nodes=64
    scale=7  nodes=64
    scale=8  nodes=64
    scale=9  nodes=64
    scale=10  nodes=64
    scale=11  nodes=64
    scale=12  nodes=64
    scale=13  nodes=64
    scale=14  nodes=64

Number of Atoms =  1
[['Ne', 10, 0.0, 0.0, 0.0, 54, 54]]
Using derivative  PH
Hartree-Fock 1e D2
Classic-like energies: cke = 50.26509414082387 cpe = -100.25748675944122 cke + cpe = -49.99239261861735
mu = 9.999239232923408
Error = 0.0006986491709000614
Delta E 50.05911430058607
Energy -50.05911430058607 0
Converged?  0.0006986491709000614  >  0.0001   ----   50.05911430058607  >  1.0000000000000002e-06   ----  iteration 0
Classic-like energies: cke = 50.3852854140666 cpe = -100.38501366631948 cke + cpe = -49.99972825225288
mu = 9.999972825188365
Error = 0.0004590358772896111
Delta E 0.007355242061059641
Energy -50.06646954264713 -50.05911430058607
Converged?  0.0004590358772896111  >  0.0001   ----   0.007355242061059641  >  1.0000000000000002e-06   ----  iteration 1
Classic-like energies: cke = 50.459508999083425 cpe = -100.45935455131031 cke + cpe = -49.99984555222689
mu = 9.999984555210762
Error = 0.00025755271912140525
Delta E 0.00011761354354433706
Energy -50.06658715619067 -50.06646954264713
Converged?  0.00025755271912140525  >  0.0001   ----   0.00011761354354433706  >  1.0000000000000002e-06   ----  iteration 2
Classic-like energies: cke = 50.49742006211962 cpe = -100.4972914618157 cke + cpe = -49.99987139969608
mu = 9.99998713996134
Error = 0.00013986112742879359
Delta E 2.5916566372075067e-05
Energy -50.06661307275704 -50.06658715619067
Converged?  0.00013986112742879359  >  0.0001   ----   2.5916566372075067e-05  >  1.0000000000000002e-06   ----  iteration 3
Classic-like energies: cke = 50.51663114907915 cpe = -100.5165065200149 cke + cpe = -49.99987537093575
mu = 9.999987537085808
Error = 7.406974338876963e-05
Delta E 3.981854852952438e-06
Energy -50.066617054611896 -50.06661307275704
Converged?  7.406974338876963e-05  >  0.0001   ----   3.981854852952438e-06  >  1.0000000000000002e-06   ----  iteration 4
Classic-like energies: cke = 50.52634303850848 cpe = -100.52621973214667 cke + cpe = -49.99987669363819
mu = 9.999987669356218
Error = 3.861454601223195e-05
Delta E 1.3262397331459397e-06
Energy -50.06661838085163 -50.066617054611896
Converged?  3.861454601223195e-05  >  0.0001   ----   1.3262397331459397e-06  >  1.0000000000000002e-06   ----  iteration 5
Classic-like energies: cke = 50.53124658739529 cpe = -100.53112356134582 cke + cpe = -49.999876973950535
mu = 9.999987697387485
Error = 1.9913023141639796e-05
Delta E 2.810617019122219e-07
Energy -50.06661866191333 -50.06661838085163
Converged?  1.9913023141639796e-05  >  0.0001   ----   2.810617019122219e-07  >  1.0000000000000002e-06   ----  iteration 6
Classic-like energies: cke = 50.533720645717274 cpe = -100.53359769095408 cke + cpe = -49.99987704523681
mu = 9.999987704516121
Error = 1.0193694955066135e-05
Delta E 7.147569647258933e-08
Energy -50.06661873338903 -50.06661866191333
Converged?  1.0193694955066135e-05  >  0.0001   ----   7.147569647258933e-08  >  1.0000000000000002e-06   ----  iteration 7
Classic-like energies: cke = 50.53496850704199, cpe = -100.53479424275095, cke + cpe = -49.99982573570896
Exact Energy = -50.06674201684291
Dirac Energy = -50.06678495363667
Kutze Energy = -50.06656728669998
Error Kutze  = 0.00017473014304414392
Error Dirac  = -4.293679376132786e-05
Delta Energy = 5.144668904932814e-05
Dirac - Kutzelnigg = -0.00021766693680547178

PARAMETERS:
molecule    = [['Ne', 10, 0.0, 0.0, 0.0, 54, 54]]
D2          = True
prec        = 5
derivative  = PH
box         = 1

-------------------------------
Ne 1 1 5 PH 1
-------------------------------
Now executing: python test.py Input_Making/input__Ne116ABGV.txt
Input file: Input_Making/input__Ne116ABGV.txt
Output file: outputs/output__Ne116ABGV.txt
light_speed = 137.03599913900001  # default 137.03599913900001
derivative = "ABGV"         # possible values: PH, ABGV, BS
order = 9
box = 1
prec = 1.0e-6                 # precision threshold for the MRA operations
thr  = 1.0e-5                  # error threshold for SCF convergence

readPotential    = False        # bool
computePotential = True         # bool 
savePotential    = False         # bool
potential = "fermi_dirac"       # possible values: point_charge coulomb_HFYGB homogeneus_charge_sphere gaussian

readOrbitals     = False        # bool
saveOrbitals     = False         # bool
saveGuess        = False

scf              = True
ktrs             = False
D2               = True         # bool
two_electrons    = False         # bool

runGaunt         = False
runGaugeA        = False
runGaugeB        = False
runGaugeC        = False
runGaugeD        = False
runGaugeDelta    = False

molecule = [ ["Ne", 10, 0.0, 0.0, 0.0, 54, 54] ]

# With the paramenters I got from Robert, the error is (1) higher than
#  what he gets and (2) dominated by the width of the Gaussian
# I get a much better agreement with the ideal value IF the Gaussian
#  size is reduced by one order of magnitude 3e4->3e5 for Ar
# It seems the position of the nucleus is also important: I get bad
#  results from D2 if I move the nucleus
# Higher prec with off centered nucleus is too demanding for my laptop

**************************************
10 [0.0, 0.0, 0.0]
Fermi Dirac potential
Using Half Charge Radius for Ne: 5.0449447293e-05
Integral of the Fermi-Dirac distribution via cartesian 3D integration: 0.7422453367221425
The normalization constant is: 13.4726343235262
Integral of the Fermi-Dirac distribution via 3D integration: 9.999999999999979
3D density

*FunctionTree: nn
  genNodes: 0
  square norm: 7.00211e+13
  root scale: 0
  order: 9
  nodes: 776
  endNodes: 680
  nodes per scale: 
    scale=0  nodes=8
    scale=1  nodes=64
    scale=2  nodes=64
    scale=3  nodes=64
    scale=4  nodes=64
    scale=5  nodes=64
    scale=6  nodes=64
    scale=7  nodes=64
    scale=8  nodes=64
    scale=9  nodes=64
    scale=10  nodes=64
    scale=11  nodes=64
    scale=12  nodes=64

3D potential

*FunctionTree: nn
  genNodes: 0
  square norm: 1534.78
  root scale: 0
  order: 9
  nodes: 968
  endNodes: 848
  nodes per scale: 
    scale=0  nodes=8
    scale=1  nodes=64
    scale=2  nodes=64
    scale=3  nodes=64
    scale=4  nodes=64
    scale=5  nodes=64
    scale=6  nodes=64
    scale=7  nodes=64
    scale=8  nodes=64
    scale=9  nodes=64
    scale=10  nodes=64
    scale=11  nodes=64
    scale=12  nodes=64
    scale=13  nodes=64
    scale=14  nodes=64
    scale=15  nodes=64

Potential

*FunctionTree: nn
  genNodes: 0
  square norm: 1534.78
  root scale: 0
  order: 9
  nodes: 968
  endNodes: 848
  nodes per scale: 
    scale=0  nodes=8
    scale=1  nodes=64
    scale=2  nodes=64
    scale=3  nodes=64
    scale=4  nodes=64
    scale=5  nodes=64
    scale=6  nodes=64
    scale=7  nodes=64
    scale=8  nodes=64
    scale=9  nodes=64
    scale=10  nodes=64
    scale=11  nodes=64
    scale=12  nodes=64
    scale=13  nodes=64
    scale=14  nodes=64
    scale=15  nodes=64

Number of Atoms =  1
[['Ne', 10, 0.0, 0.0, 0.0, 54, 54]]
Using derivative  ABGV
Hartree-Fock 1e D2
Classic-like energies: cke = 50.26576005428579 cpe = -100.26286175902602 cke + cpe = -49.99710170474023
mu = 9.999710166273843
Error = 0.0007448103421716181
Delta E 50.063835973942695
Energy -50.063835973942695 0
Converged?  0.0007448103421716181  >  9.999999999999999e-06   ----   50.063835973942695  >  1e-07   ----  iteration 0
Classic-like energies: cke = 50.39457792272728 cpe = -100.39439411819328 cke + cpe = -49.999816195465996
mu = 9.999981619529708
Error = 0.0004426153081794895
Delta E 0.002721747010447473
Energy -50.06655772095314 -50.063835973942695
Converged?  0.0004426153081794895  >  9.999999999999999e-06   ----   0.002721747010447473  >  1e-07   ----  iteration 1
Classic-like energies: cke = 50.46437830232179 cpe = -100.4643306222054 cke + cpe = -49.999952319883604
mu = 9.999995231987224
Error = 0.00024623212307514397
Delta E 0.000136488310140237
Energy -50.06669420926328 -50.06655772095314
Converged?  0.00024623212307514397  >  9.999999999999999e-06   ----   0.000136488310140237  >  1e-07   ----  iteration 2
Classic-like energies: cke = 50.49995320628527 cpe = -100.4999274891837 cke + cpe = -49.999974282898435
mu = 9.999997428289513
Error = 0.00013276809991272763
Delta E 2.2021727858145823e-05
Energy -50.06671623099114 -50.06669420926328
Converged?  0.00013276809991272763  >  9.999999999999999e-06   ----   2.2021727858145823e-05  >  1e-07   ----  iteration 3
Classic-like energies: cke = 50.51797075307792 cpe = -100.51795000873402 cke + cpe = -49.9999792556561
mu = 9.999997925565395
Error = 7.00468139962372e-05
Delta E 4.98605053422807e-06
Energy -50.066721217041675 -50.06671623099114
Converged?  7.00468139962372e-05  >  9.999999999999999e-06   ----   4.98605053422807e-06  >  1e-07   ----  iteration 4
Classic-like energies: cke = 50.527076606036786 cpe = -100.52705710852578 cke + cpe = -49.999980502488995
mu = 9.99999805024871
Error = 3.642134051016175e-05
Delta E 1.2501668891218287e-06
Energy -50.066722467208564 -50.066721217041675
Converged?  3.642134051016175e-05  >  9.999999999999999e-06   ----   1.2501668891218287e-06  >  1e-07   ----  iteration 5
Classic-like energies: cke = 50.53167359112014 cpe = -100.53165440166138 cke + cpe = -49.999980810541246
mu = 9.99999808105394
Error = 1.8750066257187825e-05
Delta E 3.0887599677953403e-07
Energy -50.06672277608456 -50.066722467208564
Converged?  1.8750066257187825e-05  >  9.999999999999999e-06   ----   3.0887599677953403e-07  >  1e-07   ----  iteration 6
Classic-like energies: cke = 50.53399278222069 cpe = -100.5339736702037 cke + cpe = -49.999980887983
mu = 9.999998088798117
Error = 9.587257801941395e-06
Delta E 7.764691645206767e-08
Energy -50.06672285373148 -50.06672277608456
Converged?  9.587257801941395e-06  >  9.999999999999999e-06   ----   7.764691645206767e-08  >  1e-07   ----  iteration 7
Classic-like energies: cke = 50.53516249976954 cpe = -100.53514340673175 cke + cpe = -49.99998090696221
mu = 9.999998090696039
Error = 4.879699358996229e-06
Delta E 1.9030721887247637e-08
Energy -50.0667228727622 -50.06672285373148
Converged?  4.879699358996229e-06  >  9.999999999999999e-06   ----   1.9030721887247637e-08  >  1e-07   ----  iteration 8
Classic-like energies: cke = 50.535752303666484 cpe = -100.53573321514043 cke + cpe = -49.99998091147394
mu = 9.999998091147212
Error = 2.4758269912417634e-06
Delta E 4.5241748125590675e-09
Energy -50.066722877286374 -50.0667228727622
Converged?  2.4758269912417634e-06  >  9.999999999999999e-06   ----   4.5241748125590675e-09  >  1e-07   ----  iteration 9
Classic-like energies: cke = 50.536049682064714, cpe = -100.53603059457726, cke + cpe = -49.99998091251254
Exact Energy = -50.06674201684291
Dirac Energy = -50.066728637779306
Kutze Energy = -50.06672287832672
Error Kutze  = 1.9138515199301764e-05
Error Dirac  = 1.3379063602769747e-05
Delta Energy = -1.0403482519905083e-09
Dirac - Kutzelnigg = -5.759451596532017e-06

PARAMETERS:
molecule    = [['Ne', 10, 0.0, 0.0, 0.0, 54, 54]]
D2          = True
prec        = 6
derivative  = ABGV
box         = 1

-------------------------------
Ne 1 1 6 ABGV 1
-------------------------------
Now executing: python test.py Input_Making/input__Ne116BS.txt
Input file: Input_Making/input__Ne116BS.txt
Output file: outputs/output__Ne116BS.txt
light_speed = 137.03599913900001  # default 137.03599913900001
derivative = "BS"         # possible values: PH, ABGV, BS
order = 9
box = 1
prec = 1.0e-6                 # precision threshold for the MRA operations
thr  = 1.0e-5                  # error threshold for SCF convergence

readPotential    = False        # bool
computePotential = True         # bool 
savePotential    = False         # bool
potential = "fermi_dirac"       # possible values: point_charge coulomb_HFYGB homogeneus_charge_sphere gaussian

readOrbitals     = False        # bool
saveOrbitals     = False         # bool
saveGuess        = False

scf              = True
ktrs             = False
D2               = True         # bool
two_electrons    = False         # bool

runGaunt         = False
runGaugeA        = False
runGaugeB        = False
runGaugeC        = False
runGaugeD        = False
runGaugeDelta    = False

molecule = [ ["Ne", 10, 0.0, 0.0, 0.0, 54, 54] ]

# With the paramenters I got from Robert, the error is (1) higher than
#  what he gets and (2) dominated by the width of the Gaussian
# I get a much better agreement with the ideal value IF the Gaussian
#  size is reduced by one order of magnitude 3e4->3e5 for Ar
# It seems the position of the nucleus is also important: I get bad
#  results from D2 if I move the nucleus
# Higher prec with off centered nucleus is too demanding for my laptop

**************************************
10 [0.0, 0.0, 0.0]
Fermi Dirac potential
Using Half Charge Radius for Ne: 5.0449447293e-05
Integral of the Fermi-Dirac distribution via cartesian 3D integration: 0.7422453367221425
The normalization constant is: 13.4726343235262
Integral of the Fermi-Dirac distribution via 3D integration: 9.999999999999979
3D density

*FunctionTree: nn
  genNodes: 0
  square norm: 7.00211e+13
  root scale: 0
  order: 9
  nodes: 776
  endNodes: 680
  nodes per scale: 
    scale=0  nodes=8
    scale=1  nodes=64
    scale=2  nodes=64
    scale=3  nodes=64
    scale=4  nodes=64
    scale=5  nodes=64
    scale=6  nodes=64
    scale=7  nodes=64
    scale=8  nodes=64
    scale=9  nodes=64
    scale=10  nodes=64
    scale=11  nodes=64
    scale=12  nodes=64

3D potential

*FunctionTree: nn
  genNodes: 0
  square norm: 1534.78
  root scale: 0
  order: 9
  nodes: 968
  endNodes: 848
  nodes per scale: 
    scale=0  nodes=8
    scale=1  nodes=64
    scale=2  nodes=64
    scale=3  nodes=64
    scale=4  nodes=64
    scale=5  nodes=64
    scale=6  nodes=64
    scale=7  nodes=64
    scale=8  nodes=64
    scale=9  nodes=64
    scale=10  nodes=64
    scale=11  nodes=64
    scale=12  nodes=64
    scale=13  nodes=64
    scale=14  nodes=64
    scale=15  nodes=64

Potential

*FunctionTree: nn
  genNodes: 0
  square norm: 1534.78
  root scale: 0
  order: 9
  nodes: 968
  endNodes: 848
  nodes per scale: 
    scale=0  nodes=8
    scale=1  nodes=64
    scale=2  nodes=64
    scale=3  nodes=64
    scale=4  nodes=64
    scale=5  nodes=64
    scale=6  nodes=64
    scale=7  nodes=64
    scale=8  nodes=64
    scale=9  nodes=64
    scale=10  nodes=64
    scale=11  nodes=64
    scale=12  nodes=64
    scale=13  nodes=64
    scale=14  nodes=64
    scale=15  nodes=64

Number of Atoms =  1
[['Ne', 10, 0.0, 0.0, 0.0, 54, 54]]
Using derivative  BS
Hartree-Fock 1e D2
Classic-like energies: cke = 50.26576005428579 cpe = -100.2641351939837 cke + cpe = -49.99837513969791
mu = 9.999837512649684
Error = 0.0007549664635118868
Delta E 50.06511281295384
Energy -50.06511281295384 0
Converged?  0.0007549664635118868  >  9.999999999999999e-06   ----   50.06511281295384  >  1e-07   ----  iteration 0
Classic-like energies: cke = 50.39650283225905 cpe = -100.39635349772227 cke + cpe = -49.99985066546322
mu = 9.99998506653517
Error = 0.00043891137694828525
Delta E 0.0014794701413691769
Energy -50.06659228309521 -50.06511281295384
Converged?  0.00043891137694828525  >  9.999999999999999e-06   ----   0.0014794701413691769  >  1e-07   ----  iteration 1
Classic-like energies: cke = 50.46543805605444 cpe = -100.46538583173592 cke + cpe = -49.99994777568148
mu = 9.999994777566783
Error = 0.00024370735723412053
Delta E 9.736981817098922e-05
Energy -50.06668965291338 -50.06659228309521
Converged?  0.00024370735723412053  >  9.999999999999999e-06   ----   9.736981817098922e-05  >  1e-07   ----  iteration 2
Classic-like energies: cke = 50.50047611061787 cpe = -100.5004442640078 cke + cpe = -49.99996815338993
mu = 9.999996815338486
Error = 0.00013114095679767242
Delta E 2.043218328395824e-05
Energy -50.066710085096666 -50.06668965291338
Converged?  0.00013114095679767242  >  9.999999999999999e-06   ----   2.043218328395824e-05  >  1e-07   ----  iteration 3
Classic-like energies: cke = 50.518220793550796 cpe = -100.51819377869205 cke + cpe = -49.999972985141255
mu = 9.99999729851376
Error = 6.912594010633683e-05
Delta E 4.844666960934774e-06
Energy -50.06671492976363 -50.066710085096666
Converged?  6.912594010633683e-05  >  9.999999999999999e-06   ----   4.844666960934774e-06  >  1e-07   ----  iteration 4
Classic-like energies: cke = 50.52718631437794 cpe = -100.52716050583562 cke + cpe = -49.99997419145768
mu = 9.999997419145435
Error = 3.591663754937098e-05
Delta E 1.2095431500824816e-06
Energy -50.06671613930678 -50.06671492976363
Converged?  3.591663754937098e-05  >  9.999999999999999e-06   ----   1.2095431500824816e-06  >  1e-07   ----  iteration 5
Classic-like energies: cke = 50.53171231386628 cpe = -100.53168680395142 cke + cpe = -49.99997449008514
mu = 9.999997449008188
Error = 1.8481970499686106e-05
Delta E 2.9942526680315495e-07
Energy -50.066716438732044 -50.06671613930678
Converged?  1.8481970499686106e-05  >  9.999999999999999e-06   ----   2.9942526680315495e-07  >  1e-07   ----  iteration 6
Classic-like energies: cke = 50.5339955581278 cpe = -100.5339701235866 cke + cpe = -49.9999745654588
mu = 9.999997456545557
Error = 9.44717635916709e-06
Delta E 7.557455461437712e-08
Energy -50.0667165143066 -50.066716438732044
Converged?  9.44717635916709e-06  >  9.999999999999999e-06   ----   7.557455461437712e-08  >  1e-07   ----  iteration 7
Classic-like energies: cke = 50.53514712509268 cpe = -100.53512170863162 cke + cpe = -49.99997458353894
mu = 9.99999745835357
Error = 4.807369695148633e-06
Delta E 1.8127970236037072e-08
Energy -50.06671653243457 -50.0667165143066
Converged?  4.807369695148633e-06  >  9.999999999999999e-06   ----   1.8127970236037072e-08  >  1e-07   ----  iteration 8
Classic-like energies: cke = 50.53572776741947 cpe = -100.53570235518825 cke + cpe = -49.999974587768776
mu = 9.999997458776555
Error = 2.438766944668353e-06
Delta E 4.242714624069777e-09
Energy -50.06671653667728 -50.06671653243457
Converged?  2.438766944668353e-06  >  9.999999999999999e-06   ----   4.242714624069777e-09  >  1e-07   ----  iteration 9
Classic-like energies: cke = 50.536020524656806, cpe = -100.53598828099871, cke + cpe = -49.9999677563419
Exact Energy = -50.06674201684291
Dirac Energy = -50.06672488613185
Kutze Energy = -50.06670968698811
Error Kutze  = 3.232985545764677e-05
Error Dirac  = 1.713071105768904e-05
Delta Energy = 6.8496891714175945e-06
Dirac - Kutzelnigg = -1.5199144399957731e-05

PARAMETERS:
molecule    = [['Ne', 10, 0.0, 0.0, 0.0, 54, 54]]
D2          = True
prec        = 6
derivative  = BS
box         = 1

-------------------------------
Ne 1 1 6 BS 1
-------------------------------
Now executing: python test.py Input_Making/input__Ne116PH.txt
Input file: Input_Making/input__Ne116PH.txt
Output file: outputs/output__Ne116PH.txt
light_speed = 137.03599913900001  # default 137.03599913900001
derivative = "PH"         # possible values: PH, ABGV, BS
order = 9
box = 1
prec = 1.0e-6                 # precision threshold for the MRA operations
thr  = 1.0e-5                  # error threshold for SCF convergence

readPotential    = False        # bool
computePotential = True         # bool 
savePotential    = False         # bool
potential = "fermi_dirac"       # possible values: point_charge coulomb_HFYGB homogeneus_charge_sphere gaussian

readOrbitals     = False        # bool
saveOrbitals     = False         # bool
saveGuess        = False

scf              = True
ktrs             = False
D2               = True         # bool
two_electrons    = False         # bool

runGaunt         = False
runGaugeA        = False
runGaugeB        = False
runGaugeC        = False
runGaugeD        = False
runGaugeDelta    = False

molecule = [ ["Ne", 10, 0.0, 0.0, 0.0, 54, 54] ]

# With the paramenters I got from Robert, the error is (1) higher than
#  what he gets and (2) dominated by the width of the Gaussian
# I get a much better agreement with the ideal value IF the Gaussian
#  size is reduced by one order of magnitude 3e4->3e5 for Ar
# It seems the position of the nucleus is also important: I get bad
#  results from D2 if I move the nucleus
# Higher prec with off centered nucleus is too demanding for my laptop

**************************************
10 [0.0, 0.0, 0.0]
Fermi Dirac potential
Using Half Charge Radius for Ne: 5.0449447293e-05
Integral of the Fermi-Dirac distribution via cartesian 3D integration: 0.7422453367221425
The normalization constant is: 13.4726343235262
Integral of the Fermi-Dirac distribution via 3D integration: 9.999999999999979
3D density

*FunctionTree: nn
  genNodes: 0
  square norm: 7.00211e+13
  root scale: 0
  order: 9
  nodes: 776
  endNodes: 680
  nodes per scale: 
    scale=0  nodes=8
    scale=1  nodes=64
    scale=2  nodes=64
    scale=3  nodes=64
    scale=4  nodes=64
    scale=5  nodes=64
    scale=6  nodes=64
    scale=7  nodes=64
    scale=8  nodes=64
    scale=9  nodes=64
    scale=10  nodes=64
    scale=11  nodes=64
    scale=12  nodes=64

3D potential

*FunctionTree: nn
  genNodes: 0
  square norm: 1534.78
  root scale: 0
  order: 9
  nodes: 968
  endNodes: 848
  nodes per scale: 
    scale=0  nodes=8
    scale=1  nodes=64
    scale=2  nodes=64
    scale=3  nodes=64
    scale=4  nodes=64
    scale=5  nodes=64
    scale=6  nodes=64
    scale=7  nodes=64
    scale=8  nodes=64
    scale=9  nodes=64
    scale=10  nodes=64
    scale=11  nodes=64
    scale=12  nodes=64
    scale=13  nodes=64
    scale=14  nodes=64
    scale=15  nodes=64

Potential

*FunctionTree: nn
  genNodes: 0
  square norm: 1534.78
  root scale: 0
  order: 9
  nodes: 968
  endNodes: 848
  nodes per scale: 
    scale=0  nodes=8
    scale=1  nodes=64
    scale=2  nodes=64
    scale=3  nodes=64
    scale=4  nodes=64
    scale=5  nodes=64
    scale=6  nodes=64
    scale=7  nodes=64
    scale=8  nodes=64
    scale=9  nodes=64
    scale=10  nodes=64
    scale=11  nodes=64
    scale=12  nodes=64
    scale=13  nodes=64
    scale=14  nodes=64
    scale=15  nodes=64

Number of Atoms =  1
[['Ne', 10, 0.0, 0.0, 0.0, 54, 54]]
Using derivative  PH
Hartree-Fock 1e D2
Classic-like energies: cke = 50.26576005428579 cpe = -100.26259914826564 cke + cpe = -49.996839093979844
mu = 9.999683904402163
Error = 0.0007427037110437719
Delta E 50.06357266120004
Energy -50.06357266120004 0
Converged?  0.0007427037110437719  >  9.999999999999999e-06   ----   50.06357266120004  >  1e-07   ----  iteration 0
Classic-like energies: cke = 50.394170364928115 cpe = -100.39400532924927 cke + cpe = -49.99983496432115
mu = 9.999983496418498
Error = 0.00044347424869384407
Delta E 0.0030038787806248024
Energy -50.066576539980666 -50.06357266120004
Converged?  0.00044347424869384407  >  9.999999999999999e-06   ----   0.0030038787806248024  >  1e-07   ----  iteration 1
Classic-like energies: cke = 50.46419483661815 cpe = -100.4641440778343 cke + cpe = -49.99994924121616
mu = 9.999994924120328
Error = 0.0002467420443628063
Delta E 0.00011458238653716535
Energy -50.0666911223672 -50.066576539980666
Converged?  0.0002467420443628063  >  9.999999999999999e-06   ----   0.00011458238653716535  >  1e-07   ----  iteration 2
Classic-like energies: cke = 50.499851727532615 cpe = -100.49982260549821 cke + cpe = -49.999970877965595
mu = 9.999997087796135
Error = 0.00013304588814192343
Delta E 2.1694588376419688e-05
Energy -50.06671281695558 -50.0666911223672
Converged?  0.00013304588814192343  >  9.999999999999999e-06   ----   2.1694588376419688e-05  >  1e-07   ----  iteration 3
Classic-like energies: cke = 50.51791109048634 cpe = -100.51788695444509 cke + cpe = -49.999975863958745
mu = 9.999997586395583
Error = 7.019934522882282e-05
Delta E 4.999322833043607e-06
Energy -50.06671781627841 -50.06671281695558
Converged?  7.019934522882282e-05  >  9.999999999999999e-06   ----   4.999322833043607e-06  >  1e-07   ----  iteration 4
Classic-like energies: cke = 50.52703761363243 cpe = -100.5270147261273 cke + cpe = -49.999977112494875
mu = 9.999997711249225
Error = 3.6501171633358765e-05
Delta E 1.2518723195853454e-06
Energy -50.06671906815073 -50.06671781627841
Converged?  3.6501171633358765e-05  >  9.999999999999999e-06   ----   1.2518723195853454e-06  >  1e-07   ----  iteration 5
Classic-like energies: cke = 50.53164504671889 cpe = -100.53162246879735 cke + cpe = -49.99997742207846
mu = 9.999997742207592
Error = 1.8791498622747506e-05
Delta E 3.1041254544561525e-07
Energy -50.06671937856328 -50.06671906815073
Converged?  1.8791498622747506e-05  >  9.999999999999999e-06   ----   3.1041254544561525e-07  >  1e-07   ----  iteration 6
Classic-like energies: cke = 50.53396948763553 cpe = -100.53394698701182 cke + cpe = -49.999977499376286
mu = 9.999997749937375
Error = 9.608494310284648e-06
Delta E 7.750514896542882e-08
Energy -50.06671945606843 -50.06671937856328
Converged?  9.608494310284648e-06  >  9.999999999999999e-06   ----   7.750514896542882e-08  >  1e-07   ----  iteration 7
Classic-like energies: cke = 50.535141851877384 cpe = -100.53511937013134 cke + cpe = -49.99997751825396
mu = 9.999997751825143
Error = 4.8905281637257774e-06
Delta E 1.8926471057056915e-08
Energy -50.0667194749949 -50.06671945606843
Converged?  4.8905281637257774e-06  >  9.999999999999999e-06   ----   1.8926471057056915e-08  >  1e-07   ----  iteration 8
Classic-like energies: cke = 50.53573298903382 cpe = -100.53571051172325 cke + cpe = -49.999977522689434
mu = 9.99999775226869
Error = 2.4813253831686867e-06
Delta E 4.447038293164951e-09
Energy -50.066719479441936 -50.0667194749949
Converged?  2.4813253831686867e-06  >  9.999999999999999e-06   ----   4.447038293164951e-09  >  1e-07   ----  iteration 9
Classic-like energies: cke = 50.53603103924758, cpe = -100.53600487645359, cke + cpe = -49.99997383720601
Exact Energy = -50.06674201684291
Dirac Energy = -50.06672491037898
Kutze Energy = -50.06671578410699
Error Kutze  = 2.6232737582176924e-05
Error Dirac  = 1.7106463928939775e-05
Delta Energy = 3.695334946485218e-06
Dirac - Kutzelnigg = -9.126273653237149e-06

PARAMETERS:
molecule    = [['Ne', 10, 0.0, 0.0, 0.0, 54, 54]]
D2          = True
prec        = 6
derivative  = PH
box         = 1

-------------------------------
Ne 1 1 6 PH 1
-------------------------------
Now executing: python test.py Input_Making/input__Ne117ABGV.txt
Input file: Input_Making/input__Ne117ABGV.txt
Output file: outputs/output__Ne117ABGV.txt
light_speed = 137.03599913900001  # default 137.03599913900001
derivative = "ABGV"         # possible values: PH, ABGV, BS
order = 10
box = 1
prec = 1.0e-7                 # precision threshold for the MRA operations
thr  = 1.0e-6                  # error threshold for SCF convergence

readPotential    = False        # bool
computePotential = True         # bool 
savePotential    = False         # bool
potential = "fermi_dirac"       # possible values: point_charge coulomb_HFYGB homogeneus_charge_sphere gaussian

readOrbitals     = False        # bool
saveOrbitals     = False         # bool
saveGuess        = False

scf              = True
ktrs             = False
D2               = True         # bool
two_electrons    = False         # bool

runGaunt         = False
runGaugeA        = False
runGaugeB        = False
runGaugeC        = False
runGaugeD        = False
runGaugeDelta    = False

molecule = [ ["Ne", 10, 0.0, 0.0, 0.0, 54, 54] ]

# With the paramenters I got from Robert, the error is (1) higher than
#  what he gets and (2) dominated by the width of the Gaussian
# I get a much better agreement with the ideal value IF the Gaussian
#  size is reduced by one order of magnitude 3e4->3e5 for Ar
# It seems the position of the nucleus is also important: I get bad
#  results from D2 if I move the nucleus
# Higher prec with off centered nucleus is too demanding for my laptop

**************************************
10 [0.0, 0.0, 0.0]
Fermi Dirac potential
Using Half Charge Radius for Ne: 5.0449447293e-05
Integral of the Fermi-Dirac distribution via cartesian 3D integration: 0.7422693910339959
The normalization constant is: 13.472197723349204
Integral of the Fermi-Dirac distribution via 3D integration: 10.000000000000375
3D density

*FunctionTree: nn
  genNodes: 0
  square norm: 7.00266e+13
  root scale: 0
  order: 10
  nodes: 840
  endNodes: 736
  nodes per scale: 
    scale=0  nodes=8
    scale=1  nodes=64
    scale=2  nodes=64
    scale=3  nodes=64
    scale=4  nodes=64
    scale=5  nodes=64
    scale=6  nodes=64
    scale=7  nodes=64
    scale=8  nodes=64
    scale=9  nodes=64
    scale=10  nodes=64
    scale=11  nodes=64
    scale=12  nodes=64
    scale=13  nodes=64

3D potential

*FunctionTree: nn
  genNodes: 0
  square norm: 1534.78
  root scale: 0
  order: 10
  nodes: 968
  endNodes: 848
  nodes per scale: 
    scale=0  nodes=8
    scale=1  nodes=64
    scale=2  nodes=64
    scale=3  nodes=64
    scale=4  nodes=64
    scale=5  nodes=64
    scale=6  nodes=64
    scale=7  nodes=64
    scale=8  nodes=64
    scale=9  nodes=64
    scale=10  nodes=64
    scale=11  nodes=64
    scale=12  nodes=64
    scale=13  nodes=64
    scale=14  nodes=64
    scale=15  nodes=64

Potential

*FunctionTree: nn
  genNodes: 0
  square norm: 1534.78
  root scale: 0
  order: 10
  nodes: 968
  endNodes: 848
  nodes per scale: 
    scale=0  nodes=8
    scale=1  nodes=64
    scale=2  nodes=64
    scale=3  nodes=64
    scale=4  nodes=64
    scale=5  nodes=64
    scale=6  nodes=64
    scale=7  nodes=64
    scale=8  nodes=64
    scale=9  nodes=64
    scale=10  nodes=64
    scale=11  nodes=64
    scale=12  nodes=64
    scale=13  nodes=64
    scale=14  nodes=64
    scale=15  nodes=64

Number of Atoms =  1
[['Ne', 10, 0.0, 0.0, 0.0, 54, 54]]
Using derivative  ABGV
Hartree-Fock 1e D2
Classic-like energies: cke = 50.26585139670594 cpe = -100.26442319240083 cke + cpe = -49.998571795694886
mu = 9.99985717854959
Error = 0.0007575847834376583
Delta E 50.065309994645524
Energy -50.065309994645524 0
Converged?  0.0007575847834376583  >  1e-06   ----   50.065309994645524  >  1e-08   ----  iteration 0
Classic-like energies: cke = 50.39704687371514 cpe = -100.39690859631052 cke + cpe = -49.999861722595384
mu = 9.999986172249978
Error = 0.0004381676688065802
Delta E 0.0012933751404418103
Energy -50.066603369785966 -50.065309994645524
Converged?  0.0004381676688065802  >  1e-06   ----   0.0012933751404418103  >  1e-08   ----  iteration 1
Classic-like energies: cke = 50.46574257001737 cpe = -100.46570154833559 cke + cpe = -49.99995897831822
mu = 9.999995897830981
Error = 0.00024315146527092573
Delta E 9.751571131744186e-05
Energy -50.06670088549728 -50.066603369785966
Converged?  0.00024315146527092573  >  1e-06   ----   9.751571131744186e-05  >  1e-08   ----  iteration 2
Classic-like energies: cke = 50.50065033487107 cpe = -100.50062962081742 cke + cpe = -49.99997928594635
mu = 9.999997928594421
Error = 0.0001307713274133455
Delta E 2.0361916817535075e-05
Energy -50.0667212474141 -50.06670088549728
Converged?  0.0001307713274133455  >  1e-06   ----   2.0361916817535075e-05  >  1e-08   ----  iteration 3
Classic-like energies: cke = 50.51832904409025 cpe = -100.51831317389264 cke + cpe = -49.999984129802385
mu = 9.999998412980112
Error = 6.891166639043585e-05
Delta E 4.85680509143549e-06
Energy -50.06672610421919 -50.0667212474141
Converged?  6.891166639043585e-05  >  1e-06   ----   4.85680509143549e-06  >  1e-08   ----  iteration 4
Classic-like energies: cke = 50.527260990063624 cpe = -100.5272463175191 cke + cpe = -49.99998532745548
mu = 9.99999853274544
Error = 3.579824069048608e-05
Delta E 1.2008533971652469e-06
Energy -50.06672730507259 -50.06672610421919
Converged?  3.579824069048608e-05  >  1e-06   ----   1.2008533971652469e-06  >  1e-08   ----  iteration 5
Classic-like energies: cke = 50.531770021184016 cpe = -100.53175564818031 cke + cpe = -49.99998562699629
mu = 9.999998562699526
Error = 1.8418751178469046e-05
Delta E 3.0034261300215803e-07
Energy -50.0667276054152 -50.06672730507259
Converged?  1.8418751178469046e-05  >  1e-06   ----   3.0034261300215803e-07  >  1e-08   ----  iteration 6
Classic-like energies: cke = 50.53404470313784 cpe = -100.53403040489896 cke + cpe = -49.99998570176112
mu = 9.99999857017601
Error = 9.414055452808003e-06
Delta E 7.496368681358945e-08
Energy -50.06672768037889 -50.0667276054152
Converged?  9.414055452808003e-06  >  1e-06   ----   7.496368681358945e-08  >  1e-08   ----  iteration 7
Classic-like energies: cke = 50.535191955389884 cpe = -100.53517767558267 cke + cpe = -49.99998572019279
mu = 9.999998572019177
Error = 4.790263793108934e-06
Delta E 1.8480307062418433e-08
Energy -50.0667276988592 -50.06672768037889
Converged?  4.790263793108934e-06  >  1e-06   ----   1.8480307062418433e-08  >  1e-08   ----  iteration 8
Classic-like energies: cke = 50.5357704216866 cpe = -100.53575614627948 cke + cpe = -49.99998572459288
mu = 9.999998572459186
Error = 2.4300022729352635e-06
Delta E 4.413678311721014e-09
Energy -50.066727703272875 -50.0667276988592
Converged?  2.4300022729352635e-06  >  1e-06   ----   4.413678311721014e-09  >  1e-08   ----  iteration 9
Classic-like energies: cke = 50.53606208234884 cpe = -100.53604780791774 cke + cpe = -49.9999857255689
mu = 9.999998572556787
Error = 1.2301793852965022e-06
Delta E 9.778062803889043e-10
Energy -50.06672770425068 -50.066727703272875
Converged?  1.2301793852965022e-06  >  1e-06   ----   9.778062803889043e-10  >  1e-08   ----  iteration 10
Classic-like energies: cke = 50.53620911558998 cpe = -100.5361948413334 cke + cpe = -49.999985725743414
mu = 9.99999857257424
Error = 3.1094463792632396e-07
Delta E 1.751274680827919e-10
Energy -50.06672770442581 -50.06672770425068
Converged?  3.1094463792632396e-07  >  1e-06   ----   1.751274680827919e-10  >  1e-08   ----  iteration 11
Classic-like energies: cke = 50.5362461778259, cpe = -100.53623190360068, cke + cpe = -49.99998572577478
Exact Energy = -50.06674201684291
Dirac Energy = -50.06672372889443
Kutze Energy = -50.06672770445709
Error Kutze  = 1.4312387065729126e-05
Error Dirac  = 1.8287948478246108e-05
Delta Energy = -3.127809122815961e-11
Dirac - Kutzelnigg = 3.975561412516981e-06

PARAMETERS:
molecule    = [['Ne', 10, 0.0, 0.0, 0.0, 54, 54]]
D2          = True
prec        = 7
derivative  = ABGV
box         = 1

-------------------------------
Ne 1 1 7 ABGV 1
-------------------------------
Now executing: python test.py Input_Making/input__Ne117BS.txt
Input file: Input_Making/input__Ne117BS.txt
Output file: outputs/output__Ne117BS.txt
light_speed = 137.03599913900001  # default 137.03599913900001
derivative = "BS"         # possible values: PH, ABGV, BS
order = 10
box = 1
prec = 1.0e-7                 # precision threshold for the MRA operations
thr  = 1.0e-6                  # error threshold for SCF convergence

readPotential    = False        # bool
computePotential = True         # bool 
savePotential    = False         # bool
potential = "fermi_dirac"       # possible values: point_charge coulomb_HFYGB homogeneus_charge_sphere gaussian

readOrbitals     = False        # bool
saveOrbitals     = False         # bool
saveGuess        = False

scf              = True
ktrs             = False
D2               = True         # bool
two_electrons    = False         # bool

runGaunt         = False
runGaugeA        = False
runGaugeB        = False
runGaugeC        = False
runGaugeD        = False
runGaugeDelta    = False

molecule = [ ["Ne", 10, 0.0, 0.0, 0.0, 54, 54] ]

# With the paramenters I got from Robert, the error is (1) higher than
#  what he gets and (2) dominated by the width of the Gaussian
# I get a much better agreement with the ideal value IF the Gaussian
#  size is reduced by one order of magnitude 3e4->3e5 for Ar
# It seems the position of the nucleus is also important: I get bad
#  results from D2 if I move the nucleus
# Higher prec with off centered nucleus is too demanding for my laptop

**************************************
10 [0.0, 0.0, 0.0]
Fermi Dirac potential
Using Half Charge Radius for Ne: 5.0449447293e-05
Integral of the Fermi-Dirac distribution via cartesian 3D integration: 0.7422693910339959
The normalization constant is: 13.472197723349204
Integral of the Fermi-Dirac distribution via 3D integration: 10.000000000000375
3D density

*FunctionTree: nn
  genNodes: 0
  square norm: 7.00266e+13
  root scale: 0
  order: 10
  nodes: 840
  endNodes: 736
  nodes per scale: 
    scale=0  nodes=8
    scale=1  nodes=64
    scale=2  nodes=64
    scale=3  nodes=64
    scale=4  nodes=64
    scale=5  nodes=64
    scale=6  nodes=64
    scale=7  nodes=64
    scale=8  nodes=64
    scale=9  nodes=64
    scale=10  nodes=64
    scale=11  nodes=64
    scale=12  nodes=64
    scale=13  nodes=64

3D potential

*FunctionTree: nn
  genNodes: 0
  square norm: 1534.78
  root scale: 0
  order: 10
  nodes: 968
  endNodes: 848
  nodes per scale: 
    scale=0  nodes=8
    scale=1  nodes=64
    scale=2  nodes=64
    scale=3  nodes=64
    scale=4  nodes=64
    scale=5  nodes=64
    scale=6  nodes=64
    scale=7  nodes=64
    scale=8  nodes=64
    scale=9  nodes=64
    scale=10  nodes=64
    scale=11  nodes=64
    scale=12  nodes=64
    scale=13  nodes=64
    scale=14  nodes=64
    scale=15  nodes=64

Potential

*FunctionTree: nn
  genNodes: 0
  square norm: 1534.78
  root scale: 0
  order: 10
  nodes: 968
  endNodes: 848
  nodes per scale: 
    scale=0  nodes=8
    scale=1  nodes=64
    scale=2  nodes=64
    scale=3  nodes=64
    scale=4  nodes=64
    scale=5  nodes=64
    scale=6  nodes=64
    scale=7  nodes=64
    scale=8  nodes=64
    scale=9  nodes=64
    scale=10  nodes=64
    scale=11  nodes=64
    scale=12  nodes=64
    scale=13  nodes=64
    scale=14  nodes=64
    scale=15  nodes=64

Number of Atoms =  1
[['Ne', 10, 0.0, 0.0, 0.0, 54, 54]]
Using derivative  BS
Hartree-Fock 1e D2
Classic-like energies: cke = 50.26585139670594 cpe = -100.26466414476921 cke + cpe = -49.99881274806327
mu = 9.999881274101535
Error = 0.0007595093701326979
Delta E 50.06555159112337
Energy -50.06555159112337 0
Converged?  0.0007595093701326979  >  1e-06   ----   50.06555159112337  >  1e-08   ----  iteration 0
Classic-like energies: cke = 50.39741478522711 cpe = -100.39727962132228 cke + cpe = -49.99986483609517
mu = 9.999986483600383
Error = 0.00043745764999737443
Delta E 0.0010549004865509914
Energy -50.066606491609924 -50.06555159112337
Converged?  0.00043745764999737443  >  1e-06   ----   0.0010549004865509914  >  1e-08   ----  iteration 1
Classic-like energies: cke = 50.46594222370311 cpe = -100.46590108534765 cke + cpe = -49.999958861644544
mu = 9.999995886163608
Error = 0.00024268605161038221
Delta E 9.427690306296199e-05
Energy -50.06670076851299 -50.066606491609924
Converged?  0.00024268605161038221  >  1e-06   ----   9.427690306296199e-05  >  1e-08   ----  iteration 2
Classic-like energies: cke = 50.50075088257915 cpe = -100.50072986420672 cke + cpe = -49.99997898162757
mu = 9.999997898162537
Error = 0.00013047194810791602
Delta E 2.0173769549103326e-05
Energy -50.06672094228254 -50.06670076851299
Converged?  0.00013047194810791602  >  1e-06   ----   2.0173769549103326e-05  >  1e-08   ----  iteration 3
Classic-like energies: cke = 50.518379372418465 cpe = -100.51836316480274 cke + cpe = -49.99998379238427
mu = 9.999998379238296
Error = 6.874224491240654e-05
Delta E 4.823616002624931e-06
Energy -50.06672576589854 -50.06672094228254
Converged?  6.874224491240654e-05  >  1e-06   ----   4.823616002624931e-06  >  1e-08   ----  iteration 4
Classic-like energies: cke = 50.52728549366386 cpe = -100.52727047600628 cke + cpe = -49.99998498234242
mu = 9.99999849823413
Error = 3.570540753700714e-05
Delta E 1.193139361532758e-06
Energy -50.0667269590379 -50.06672576589854
Converged?  3.570540753700714e-05  >  1e-06   ----   1.193139361532758e-06  >  1e-08   ----  iteration 5
Classic-like energies: cke = 50.53178146539466 cpe = -100.53176674538005 cke + cpe = -49.999985279985395
mu = 9.99999852799843
Error = 1.8369451836600724e-05
Delta E 2.984370439662598e-07
Energy -50.066727257474945 -50.0667269590379
Converged?  1.8369451836600724e-05  >  1e-06   ----   2.984370439662598e-07  >  1e-08   ----  iteration 6
Classic-like energies: cke = 50.53404953699483 cpe = -100.534034891248 cke + cpe = -49.99998535425317
mu = 9.99999853542521
Error = 9.388301947487776e-06
Delta E 7.446748639949874e-08
Energy -50.06672733194243 -50.066727257474945
Converged?  9.388301947487776e-06  >  1e-06   ----   7.446748639949874e-08  >  1e-08   ----  iteration 7
Classic-like energies: cke = 50.53519345260115 cpe = -100.53517882515418 cke + cpe = -49.99998537255303
mu = 9.999998537255196
Error = 4.776971922100012e-06
Delta E 1.834896323771318e-08
Energy -50.066727350291394 -50.06672733194243
Converged?  4.776971922100012e-06  >  1e-06   ----   1.834896323771318e-08  >  1e-08   ----  iteration 8
Classic-like energies: cke = 50.53577023489699 cpe = -100.53575561181235 cke + cpe = -49.99998537691536
mu = 9.999998537691429
Error = 2.4231937796228084e-06
Delta E 4.374065554202389e-09
Energy -50.06672735466546 -50.066727350291394
Converged?  2.4231937796228084e-06  >  1e-06   ----   4.374065554202389e-09  >  1e-08   ----  iteration 9
Classic-like energies: cke = 50.53606104625092 cpe = -100.53604642413092 cke + cpe = -49.999985377879995
mu = 9.999998537787892
Error = 1.226710387817342e-06
Delta E 9.673826184553036e-10
Energy -50.06672735563284 -50.06672735466546
Converged?  1.226710387817342e-06  >  1e-06   ----   9.673826184553036e-10  >  1e-08   ----  iteration 10
Classic-like energies: cke = 50.53620765115937 cpe = -100.53619302920964 cke + cpe = -49.99998537805027
mu = 9.99999853780492
Error = 3.100639059313393e-07
Delta E 1.709565822238801e-10
Energy -50.0667273558038 -50.06672735563284
Converged?  3.100639059313393e-07  >  1e-06   ----   1.709565822238801e-10  >  1e-08   ----  iteration 11
Classic-like energies: cke = 50.53624460541829, cpe = -100.53622959588456, cke + cpe = -49.999984990466274
Exact Energy = -50.06674201684291
Dirac Energy = -50.0667215867943
Kutze Energy = -50.0667269671835
Error Kutze  = 1.5049659850774333e-05
Error Dirac  = 2.0430048607522622e-05
Delta Energy = 3.8862030038444573e-07
Dirac - Kutzelnigg = 5.380388756748289e-06

PARAMETERS:
molecule    = [['Ne', 10, 0.0, 0.0, 0.0, 54, 54]]
D2          = True
prec        = 7
derivative  = BS
box         = 1

-------------------------------
Ne 1 1 7 BS 1
-------------------------------
Now executing: python test.py Input_Making/input__Ne117PH.txt
Input file: Input_Making/input__Ne117PH.txt
Output file: outputs/output__Ne117PH.txt
light_speed = 137.03599913900001  # default 137.03599913900001
derivative = "PH"         # possible values: PH, ABGV, BS
order = 10
box = 1
prec = 1.0e-7                 # precision threshold for the MRA operations
thr  = 1.0e-6                  # error threshold for SCF convergence

readPotential    = False        # bool
computePotential = True         # bool 
savePotential    = False         # bool
potential = "fermi_dirac"       # possible values: point_charge coulomb_HFYGB homogeneus_charge_sphere gaussian

readOrbitals     = False        # bool
saveOrbitals     = False         # bool
saveGuess        = False

scf              = True
ktrs             = False
D2               = True         # bool
two_electrons    = False         # bool

runGaunt         = False
runGaugeA        = False
runGaugeB        = False
runGaugeC        = False
runGaugeD        = False
runGaugeDelta    = False

molecule = [ ["Ne", 10, 0.0, 0.0, 0.0, 54, 54] ]

# With the paramenters I got from Robert, the error is (1) higher than
#  what he gets and (2) dominated by the width of the Gaussian
# I get a much better agreement with the ideal value IF the Gaussian
#  size is reduced by one order of magnitude 3e4->3e5 for Ar
# It seems the position of the nucleus is also important: I get bad
#  results from D2 if I move the nucleus
# Higher prec with off centered nucleus is too demanding for my laptop

**************************************
10 [0.0, 0.0, 0.0]
Fermi Dirac potential
Using Half Charge Radius for Ne: 5.0449447293e-05
Integral of the Fermi-Dirac distribution via cartesian 3D integration: 0.7422693910339959
The normalization constant is: 13.472197723349204
Integral of the Fermi-Dirac distribution via 3D integration: 10.000000000000375
3D density

*FunctionTree: nn
  genNodes: 0
  square norm: 7.00266e+13
  root scale: 0
  order: 10
  nodes: 840
  endNodes: 736
  nodes per scale: 
    scale=0  nodes=8
    scale=1  nodes=64
    scale=2  nodes=64
    scale=3  nodes=64
    scale=4  nodes=64
    scale=5  nodes=64
    scale=6  nodes=64
    scale=7  nodes=64
    scale=8  nodes=64
    scale=9  nodes=64
    scale=10  nodes=64
    scale=11  nodes=64
    scale=12  nodes=64
    scale=13  nodes=64

3D potential

*FunctionTree: nn
  genNodes: 0
  square norm: 1534.78
  root scale: 0
  order: 10
  nodes: 968
  endNodes: 848
  nodes per scale: 
    scale=0  nodes=8
    scale=1  nodes=64
    scale=2  nodes=64
    scale=3  nodes=64
    scale=4  nodes=64
    scale=5  nodes=64
    scale=6  nodes=64
    scale=7  nodes=64
    scale=8  nodes=64
    scale=9  nodes=64
    scale=10  nodes=64
    scale=11  nodes=64
    scale=12  nodes=64
    scale=13  nodes=64
    scale=14  nodes=64
    scale=15  nodes=64

Potential

*FunctionTree: nn
  genNodes: 0
  square norm: 1534.78
  root scale: 0
  order: 10
  nodes: 968
  endNodes: 848
  nodes per scale: 
    scale=0  nodes=8
    scale=1  nodes=64
    scale=2  nodes=64
    scale=3  nodes=64
    scale=4  nodes=64
    scale=5  nodes=64
    scale=6  nodes=64
    scale=7  nodes=64
    scale=8  nodes=64
    scale=9  nodes=64
    scale=10  nodes=64
    scale=11  nodes=64
    scale=12  nodes=64
    scale=13  nodes=64
    scale=14  nodes=64
    scale=15  nodes=64

Number of Atoms =  1
[['Ne', 10, 0.0, 0.0, 0.0, 54, 54]]
Using derivative  PH
Hartree-Fock 1e D2
Classic-like energies: cke = 50.26585139670594 cpe = -100.26528904767663 cke + cpe = -49.99943765097069
mu = 9.99994376493895
Error = 0.000764498661285741
Delta E 50.06617816452014
Energy -50.06617816452014 0
Converged?  0.000764498661285741  >  1e-06   ----   50.06617816452014  >  1e-08   ----  iteration 0
Classic-like energies: cke = 50.39837315928361 cpe = -100.39823960027904 cke + cpe = -49.99986644099543
mu = 9.999986644090624
Error = 0.00043560521208725486
Delta E 0.0004299362801205575
Energy -50.06660810080026 -50.06617816452014
Converged?  0.00043560521208725486  >  1e-06   ----   0.0004299362801205575  >  1e-08   ----  iteration 1
Classic-like energies: cke = 50.46645265111208 cpe = -100.46641215448378 cke + cpe = -49.9999595033717
mu = 9.99999595033635
Error = 0.0002414838704874224
Delta E 9.331115452226868e-05
Energy -50.06670141195478 -50.06660810080026
Converged?  0.0002414838704874224  >  1e-06   ----   9.331115452226868e-05  >  1e-08   ----  iteration 2
Classic-like energies: cke = 50.501010673085716 cpe = -100.50098994180874 cke + cpe = -49.999979268723024
mu = 9.999997926872087
Error = 0.00012970940048050272
Delta E 1.9818190317266726e-05
Energy -50.0667212301451 -50.06670141195478
Converged?  0.00012970940048050272  >  1e-06   ----   1.9818190317266726e-05  >  1e-08   ----  iteration 3
Classic-like energies: cke = 50.51851206219607 cpe = -100.51849606995344 cke + cpe = -49.99998400775737
mu = 9.99999840077561
Error = 6.831145436753077e-05
Delta E 4.751702483929421e-06
Energy -50.06672598184758 -50.0667212301451
Converged?  6.831145436753077e-05  >  1e-06   ----   4.751702483929421e-06  >  1e-08   ----  iteration 4
Classic-like energies: cke = 50.52735302908438 cpe = -100.52733820899246 cke + cpe = -49.99998517990808
mu = 9.999998517990699
Error = 3.5470148977975685e-05
Delta E 1.1752845168189197e-06
Energy -50.0667271571321 -50.06672598184758
Converged?  3.5470148977975685e-05  >  1e-06   ----   1.1752845168189197e-06  >  1e-08   ----  iteration 5
Classic-like energies: cke = 50.53181605299642 cpe = -100.5318015262223 cke + cpe = -49.99998547322588
mu = 9.999998547322482
Error = 1.8244715148088375e-05
Delta E 2.941005021739329e-07
Energy -50.0667274512326 -50.0667271571321
Converged?  1.8244715148088375e-05  >  1e-06   ----   2.941005021739329e-07  >  1e-08   ----  iteration 6
Classic-like energies: cke = 50.53406745620721 cpe = -100.53405300261926 cke + cpe = -49.99998554641205
mu = 9.9999985546411
Error = 9.323225373280592e-06
Delta E 7.338334739870334e-08
Energy -50.06672752461595 -50.0667274512326
Converged?  9.323225373280592e-06  >  1e-06   ----   7.338334739870334e-08  >  1e-08   ----  iteration 7
Classic-like energies: cke = 50.5352029592198 cpe = -100.53518852366697 cke + cpe = -49.99998556444717
mu = 9.999998556444613
Error = 4.743412469493448e-06
Delta E 1.8082104702443758e-08
Energy -50.066727542698054 -50.06672752461595
Converged?  4.743412469493448e-06  >  1e-06   ----   1.8082104702443758e-08  >  1e-08   ----  iteration 8
Classic-like energies: cke = 50.535775496287556 cpe = -100.53576106503404 cke + cpe = -49.99998556874648
mu = 9.999998556874544
Error = 2.4060139990711304e-06
Delta E 4.311516477173427e-09
Energy -50.06672754700957 -50.066727542698054
Converged?  2.4060139990711304e-06  >  1e-06   ----   4.311516477173427e-09  >  1e-08   ----  iteration 9
Classic-like energies: cke = 50.53606416677482 cpe = -100.53604973647211 cke + cpe = -49.99998556969729
mu = 9.999998556969624
Error = 1.2179607112342666e-06
Delta E 9.527880706627911e-10
Energy -50.06672754796236 -50.06672754700957
Converged?  1.2179607112342666e-06  >  1e-06   ----   9.527880706627911e-10  >  1e-08   ----  iteration 10
Classic-like energies: cke = 50.53620969205549 cpe = -100.53619526192085 cke + cpe = -49.99998556986536
mu = 9.999998556986432
Error = 3.078431580142645e-07
Delta E 1.68874692008103e-10
Energy -50.06672754813123 -50.06672754796236
Converged?  3.078431580142645e-07  >  1e-06   ----   1.68874692008103e-10  >  1e-08   ----  iteration 11
Classic-like energies: cke = 50.53624637417087, cpe = -100.53623172639357, cke + cpe = -49.999985352222694
Exact Energy = -50.06674201684291
Dirac Energy = -50.066720576836815
Kutze Energy = -50.06672732990759
Error Kutze  = 1.4686935173813254e-05
Error Dirac  = 2.1440006094053388e-05
Delta Energy = 2.182236400471993e-07
Dirac - Kutzelnigg = 6.753070920240134e-06

PARAMETERS:
molecule    = [['Ne', 10, 0.0, 0.0, 0.0, 54, 54]]
D2          = True
prec        = 7
derivative  = PH
box         = 1

-------------------------------
Ne 1 1 7 PH 1
-------------------------------
Now executing: python test.py Input_Making/input__Ne118ABGV.txt
Input file: Input_Making/input__Ne118ABGV.txt
Output file: outputs/output__Ne118ABGV.txt
light_speed = 137.03599913900001  # default 137.03599913900001
derivative = "ABGV"         # possible values: PH, ABGV, BS
order = 11
box = 1
prec = 1.0e-8                 # precision threshold for the MRA operations
thr  = 1.0e-7                  # error threshold for SCF convergence

readPotential    = False        # bool
computePotential = True         # bool 
savePotential    = False         # bool
potential = "fermi_dirac"       # possible values: point_charge coulomb_HFYGB homogeneus_charge_sphere gaussian

readOrbitals     = False        # bool
saveOrbitals     = False         # bool
saveGuess        = False

scf              = True
ktrs             = False
D2               = True         # bool
two_electrons    = False         # bool

runGaunt         = False
runGaugeA        = False
runGaugeB        = False
runGaugeC        = False
runGaugeD        = False
runGaugeDelta    = False

molecule = [ ["Ne", 10, 0.0, 0.0, 0.0, 54, 54] ]

# With the paramenters I got from Robert, the error is (1) higher than
#  what he gets and (2) dominated by the width of the Gaussian
# I get a much better agreement with the ideal value IF the Gaussian
#  size is reduced by one order of magnitude 3e4->3e5 for Ar
# It seems the position of the nucleus is also important: I get bad
#  results from D2 if I move the nucleus
# Higher prec with off centered nucleus is too demanding for my laptop

**************************************
10 [0.0, 0.0, 0.0]
Fermi Dirac potential
Using Half Charge Radius for Ne: 5.0449447293e-05
Integral of the Fermi-Dirac distribution via cartesian 3D integration: 0.7422693907012037
The normalization constant is: 13.472197729389388
Integral of the Fermi-Dirac distribution via 3D integration: 10.00000000000005
3D density

*FunctionTree: nn
  genNodes: 0
  square norm: 7.00266e+13
  root scale: 0
  order: 11
  nodes: 904
  endNodes: 792
  nodes per scale: 
    scale=0  nodes=8
    scale=1  nodes=64
    scale=2  nodes=64
    scale=3  nodes=64
    scale=4  nodes=64
    scale=5  nodes=64
    scale=6  nodes=64
    scale=7  nodes=64
    scale=8  nodes=64
    scale=9  nodes=64
    scale=10  nodes=64
    scale=11  nodes=64
    scale=12  nodes=64
    scale=13  nodes=64
    scale=14  nodes=64

3D potential

*FunctionTree: nn
  genNodes: 0
  square norm: 1534.78
  root scale: 0
  order: 11
  nodes: 968
  endNodes: 848
  nodes per scale: 
    scale=0  nodes=8
    scale=1  nodes=64
    scale=2  nodes=64
    scale=3  nodes=64
    scale=4  nodes=64
    scale=5  nodes=64
    scale=6  nodes=64
    scale=7  nodes=64
    scale=8  nodes=64
    scale=9  nodes=64
    scale=10  nodes=64
    scale=11  nodes=64
    scale=12  nodes=64
    scale=13  nodes=64
    scale=14  nodes=64
    scale=15  nodes=64

Potential

*FunctionTree: nn
  genNodes: 0
  square norm: 1534.78
  root scale: 0
  order: 11
  nodes: 968
  endNodes: 848
  nodes per scale: 
    scale=0  nodes=8
    scale=1  nodes=64
    scale=2  nodes=64
    scale=3  nodes=64
    scale=4  nodes=64
    scale=5  nodes=64
    scale=6  nodes=64
    scale=7  nodes=64
    scale=8  nodes=64
    scale=9  nodes=64
    scale=10  nodes=64
    scale=11  nodes=64
    scale=12  nodes=64
    scale=13  nodes=64
    scale=14  nodes=64
    scale=15  nodes=64

Number of Atoms =  1
[['Ne', 10, 0.0, 0.0, 0.0, 54, 54]]
Using derivative  ABGV
Hartree-Fock 1e D2
Classic-like energies: cke = 50.26588375188312 cpe = -100.26493530817837 cke + cpe = -49.99905155629524
mu = 9.999905155179746
Error = 0.0007616149582634912
Delta E 50.06579103773456
Energy -50.06579103773456 0
Converged?  0.0007616149582634912  >  1e-07   ----   50.06579103773456  >  1e-09   ----  iteration 0
Classic-like energies: cke = 50.397830369476694 cpe = -100.39769726443718 cke + cpe = -49.99986689496049
mu = 9.99998668948719
Error = 0.00043670989303465097
Delta E 0.000817518243472648
Energy -50.066608555978036 -50.06579103773456
Converged?  0.00043670989303465097  >  1e-07   ----   0.000817518243472648  >  1e-09   ----  iteration 1
Classic-like energies: cke = 50.466167916108716 cpe = -100.46612721805545 cke + cpe = -49.99995930194673
mu = 9.999995930193846
Error = 0.00024219109967117382
Delta E 9.265401303082399e-05
Energy -50.066701209991066 -50.066608555978036
Converged?  0.00024219109967117382  >  1e-07   ----   9.265401303082399e-05  >  1e-09   ----  iteration 2
Classic-like energies: cke = 50.50086658152138 cpe = -100.50084584718014 cke + cpe = -49.999979265658766
mu = 9.999997926565662
Error = 0.0001301474799701747
Delta E 2.001708092791432e-05
Energy -50.066721227071994 -50.066701209991066
Converged?  0.0001301474799701747  >  1e-07   ----   2.001708092791432e-05  >  1e-09   ----  iteration 3
Classic-like energies: cke = 50.518439389926634 cpe = -100.51842343467818 cke + cpe = -49.99998404475155
mu = 9.999998404475027
Error = 6.855708219687122e-05
Delta E 4.7918675605274075e-06
Energy -50.066726018939555 -50.066721227071994
Converged?  6.855708219687122e-05  >  1e-07   ----   4.7918675605274075e-06  >  1e-09   ----  iteration 4
Classic-like energies: cke = 50.527316878218315 cpe = -100.52730210601614 cke + cpe = -49.99998522779782
mu = 9.999998522779673
Error = 3.5603452408108776e-05
Delta E 1.186209246384351e-06
Energy -50.0667272051488 -50.066726018939555
Converged?  3.5603452408108776e-05  >  1e-07   ----   1.186209246384351e-06  >  1e-09   ----  iteration 5
Classic-like energies: cke = 50.53179837213267 cpe = -100.53178389570944 cke + cpe = -49.99998552357677
mu = 9.999998552357573
Error = 1.831514812793345e-05
Delta E 2.965689915868097e-07
Energy -50.06672750171779 -50.0667272051488
Converged?  1.831514812793345e-05  >  1e-07   ----   2.965689915868097e-07  >  1e-09   ----  iteration 6
Classic-like energies: cke = 50.53405911579141 cpe = -100.5340447132044 cke + cpe = -49.99998559741299
mu = 9.999998559741195
Error = 9.359882376660728e-06
Delta E 7.403383506243699e-08
Energy -50.06672757575163 -50.06672750171779
Converged?  9.359882376660728e-06  >  1e-07   ----   7.403383506243699e-08  >  1e-09   ----  iteration 7
Classic-like energies: cke = 50.535199332851114 cpe = -100.5351849484637 cke + cpe = -49.99998561561258
mu = 9.999998561561155
Error = 4.762287058232399e-06
Delta E 1.8248890398808726e-08
Energy -50.06672759400052 -50.06672757575163
Converged?  4.762287058232399e-06  >  1e-07   ----   1.8248890398808726e-08  >  1e-09   ----  iteration 8
Classic-like energies: cke = 50.5357742486018 cpe = -100.53575986855753 cke + cpe = -49.99998561995574
mu = 9.99999856199547
Error = 2.4156663863425857e-06
Delta E 4.3553001205509645e-09
Energy -50.06672759835582 -50.06672759400052
Converged?  2.4156663863425857e-06  >  1e-07   ----   4.3553001205509645e-09  >  1e-09   ----  iteration 9
Classic-like energies: cke = 50.53606411866157 cpe = -100.53604973957958 cke + cpe = -49.99998562091801
mu = 9.999998562091697
Error = 1.2228733308261923e-06
Delta E 9.653007282395265e-10
Energy -50.06672759932112 -50.06672759835582
Converged?  1.2228733308261923e-06  >  1e-07   ----   9.653007282395265e-10  >  1e-09   ----  iteration 10
Classic-like energies: cke = 50.536210248877 cpe = -100.53619586996653 cke + cpe = -49.999985621089536
mu = 9.99999856210885
Error = 3.090894797800778e-07
Delta E 1.709565822238801e-10
Energy -50.066727599492076 -50.06672759932112
Converged?  3.090894797800778e-07  >  1e-07   ----   1.709565822238801e-10  >  1e-09   ----  iteration 11
Classic-like energies: cke = 50.536247083482124 cpe = -100.53623270458138 cke + cpe = -49.999985621099256
mu = 9.999998562109822
Error = 2.3197462637856979e-07
Delta E 1.042366193360067e-11
Energy -50.0667275995025 -50.066727599492076
Converged?  2.3197462637856979e-07  >  1e-07   ----   1.042366193360067e-11  >  1e-09   ----  iteration 12
Classic-like energies: cke = 50.53627478469153 cpe = -100.53626040578968 cke + cpe = -49.99998562109815
mu = 9.999998562109711
Error = 1.7450322624991862e-07
Delta E 2.0818902157770935e-12
Energy -50.06672759950042 -50.0667275995025
Converged?  1.7450322624991862e-07  >  1e-07   ----   2.0818902157770935e-12  >  1e-09   ----  iteration 13
Classic-like energies: cke = 50.536295617298464 cpe = -100.53628123839022 cke + cpe = -49.99998562109175
mu = 9.999998562109072
Error = 1.312959320054588e-07
Delta E 6.259881502046483e-12
Energy -50.06672759949416 -50.06672759950042
Converged?  1.312959320054588e-07  >  1e-07   ----   6.259881502046483e-12  >  1e-09   ----  iteration 14
Classic-like energies: cke = 50.53631128440129, cpe = -100.53629690548284, cke + cpe = -49.99998562108155
Exact Energy = -50.06674201684291
Dirac Energy = -50.06672196618456
Kutze Energy = -50.066727599483734
Error Kutze  = 1.4417360944207758e-05
Error Dirac  = 2.0050658349646255e-05
Delta Energy = 1.042366193360067e-11
Dirac - Kutzelnigg = 5.633297405438498e-06

PARAMETERS:
molecule    = [['Ne', 10, 0.0, 0.0, 0.0, 54, 54]]
D2          = True
prec        = 8
derivative  = ABGV
box         = 1

-------------------------------
Ne 1 1 8 ABGV 1
-------------------------------
Now executing: python test.py Input_Making/input__Ne118BS.txt
Input file: Input_Making/input__Ne118BS.txt
Output file: outputs/output__Ne118BS.txt
light_speed = 137.03599913900001  # default 137.03599913900001
derivative = "BS"         # possible values: PH, ABGV, BS
order = 11
box = 1
prec = 1.0e-8                 # precision threshold for the MRA operations
thr  = 1.0e-7                  # error threshold for SCF convergence

readPotential    = False        # bool
computePotential = True         # bool 
savePotential    = False         # bool
potential = "fermi_dirac"       # possible values: point_charge coulomb_HFYGB homogeneus_charge_sphere gaussian

readOrbitals     = False        # bool
saveOrbitals     = False         # bool
saveGuess        = False

scf              = True
ktrs             = False
D2               = True         # bool
two_electrons    = False         # bool

runGaunt         = False
runGaugeA        = False
runGaugeB        = False
runGaugeC        = False
runGaugeD        = False
runGaugeDelta    = False

molecule = [ ["Ne", 10, 0.0, 0.0, 0.0, 54, 54] ]

# With the paramenters I got from Robert, the error is (1) higher than
#  what he gets and (2) dominated by the width of the Gaussian
# I get a much better agreement with the ideal value IF the Gaussian
#  size is reduced by one order of magnitude 3e4->3e5 for Ar
# It seems the position of the nucleus is also important: I get bad
#  results from D2 if I move the nucleus
# Higher prec with off centered nucleus is too demanding for my laptop

**************************************
10 [0.0, 0.0, 0.0]
Fermi Dirac potential
Using Half Charge Radius for Ne: 5.0449447293e-05
Integral of the Fermi-Dirac distribution via cartesian 3D integration: 0.7422693907012037
The normalization constant is: 13.472197729389388
Integral of the Fermi-Dirac distribution via 3D integration: 10.00000000000005
3D density

*FunctionTree: nn
  genNodes: 0
  square norm: 7.00266e+13
  root scale: 0
  order: 11
  nodes: 904
  endNodes: 792
  nodes per scale: 
    scale=0  nodes=8
    scale=1  nodes=64
    scale=2  nodes=64
    scale=3  nodes=64
    scale=4  nodes=64
    scale=5  nodes=64
    scale=6  nodes=64
    scale=7  nodes=64
    scale=8  nodes=64
    scale=9  nodes=64
    scale=10  nodes=64
    scale=11  nodes=64
    scale=12  nodes=64
    scale=13  nodes=64
    scale=14  nodes=64

3D potential

*FunctionTree: nn
  genNodes: 0
  square norm: 1534.78
  root scale: 0
  order: 11
  nodes: 968
  endNodes: 848
  nodes per scale: 
    scale=0  nodes=8
    scale=1  nodes=64
    scale=2  nodes=64
    scale=3  nodes=64
    scale=4  nodes=64
    scale=5  nodes=64
    scale=6  nodes=64
    scale=7  nodes=64
    scale=8  nodes=64
    scale=9  nodes=64
    scale=10  nodes=64
    scale=11  nodes=64
    scale=12  nodes=64
    scale=13  nodes=64
    scale=14  nodes=64
    scale=15  nodes=64

Potential

*FunctionTree: nn
  genNodes: 0
  square norm: 1534.78
  root scale: 0
  order: 11
  nodes: 968
  endNodes: 848
  nodes per scale: 
    scale=0  nodes=8
    scale=1  nodes=64
    scale=2  nodes=64
    scale=3  nodes=64
    scale=4  nodes=64
    scale=5  nodes=64
    scale=6  nodes=64
    scale=7  nodes=64
    scale=8  nodes=64
    scale=9  nodes=64
    scale=10  nodes=64
    scale=11  nodes=64
    scale=12  nodes=64
    scale=13  nodes=64
    scale=14  nodes=64
    scale=15  nodes=64

Number of Atoms =  1
[['Ne', 10, 0.0, 0.0, 0.0, 54, 54]]
Using derivative  BS
Hartree-Fock 1e D2
Classic-like energies: cke = 50.26588375188312 cpe = -100.26488028304543 cke + cpe = -49.998996531162305
mu = 9.99989965261275
Error = 0.0007611769825045708
Delta E 50.0657358655091
Energy -50.0657358655091 0
Converged?  0.0007611769825045708  >  1e-07   ----   50.0657358655091  >  1e-09   ----  iteration 0
Classic-like energies: cke = 50.39774580284724 cpe = -100.39761248904804 cke + cpe = -49.999866686200804
mu = 9.999986668611195
Error = 0.0004368725532652674
Delta E 0.0008724811518732167
Energy -50.06660834666097 -50.0657358655091
Converged?  0.0004368725532652674  >  1e-07   ----   0.0008724811518732167  >  1e-09   ----  iteration 1
Classic-like energies: cke = 50.466122609842714 cpe = -100.46608185383134 cke + cpe = -49.99995924398863
mu = 9.999995924398032
Error = 0.00024229626095148167
Delta E 9.28052184363537e-05
Energy -50.06670115187941 -50.06660834666097
Converged?  0.00024229626095148167  >  1e-07   ----   9.28052184363537e-05  >  1e-09   ----  iteration 2
Classic-like energies: cke = 50.50084351393646 cpe = -100.50082275126466 cke + cpe = -49.999979237328205
mu = 9.999997923732606
Error = 0.0001302146960200776
Delta E 2.004678619726974e-05
Energy -50.066721198665604 -50.06670115187941
Converged?  0.0001302146960200776  >  1e-07   ----   2.004678619726974e-05  >  1e-09   ----  iteration 3
Classic-like energies: cke = 50.51842758905792 cpe = -100.51841161222241 cke + cpe = -49.99998402316449
mu = 9.99999840231632
Error = 6.859511939541156e-05
Delta E 4.798628800983806e-06
Energy -50.066725997294405 -50.066721198665604
Converged?  6.859511939541156e-05  >  1e-07   ----   4.798628800983806e-06  >  1e-09   ----  iteration 4
Classic-like energies: cke = 50.52731086071512 cpe = -100.52729606848925 cke + cpe = -49.99998520777413
mu = 9.999998520777304
Error = 3.5624265026686953e-05
Delta E 1.1877770731416604e-06
Energy -50.06672718507148 -50.066725997294405
Converged?  3.5624265026686953e-05  >  1e-07   ----   1.1877770731416604e-06  >  1e-09   ----  iteration 5
Classic-like energies: cke = 50.531795279106106 cpe = -100.53178078304798 cke + cpe = -49.99998550394187
mu = 9.999998550394082
Error = 1.832619450313411e-05
Delta E 2.9696094827613706e-07
Energy -50.06672748203243 -50.06672718507148
Converged?  1.832619450313411e-05  >  1e-07   ----   2.9696094827613706e-07  >  1e-09   ----  iteration 6
Classic-like energies: cke = 50.53405750256585 cpe = -100.5340430804394 cke + cpe = -49.99998557787355
mu = 9.99999855778725
Error = 9.365649589898264e-06
Delta E 7.412765512526676e-08
Energy -50.06672755616008 -50.06672748203243
Converged?  9.365649589898264e-06  >  1e-07   ----   7.412765512526676e-08  >  1e-09   ----  iteration 7
Classic-like energies: cke = 50.535198466494705 cpe = -100.53518406259141 cke + cpe = -49.99998559609671
mu = 9.999998559609567
Error = 4.765262658253851e-06
Delta E 1.8271819612891704e-08
Energy -50.0667275744319 -50.06672755616008
Converged?  4.765262658253851e-06  >  1e-07   ----   1.8271819612891704e-08  >  1e-09   ----  iteration 8
Classic-like energies: cke = 50.535773759152306 cpe = -100.5357593595977 cke + cpe = -49.9999856004454
mu = 9.999998560044435
Error = 2.4171901025316574e-06
Delta E 4.361560002053011e-09
Energy -50.06672757879346 -50.0667275744319
Converged?  2.4171901025316574e-06  >  1e-07   ----   4.361560002053011e-09  >  1e-09   ----  iteration 9
Classic-like energies: cke = 50.53606381928608 cpe = -100.53604942069525 cke + cpe = -49.99998560140917
mu = 9.999998560140813
Error = 1.2236495596289782e-06
Delta E 9.65293622812169e-10
Energy -50.066727579758755 -50.06672757879346
Converged?  1.2236495596289782e-06  >  1e-07   ----   9.65293622812169e-10  >  1e-09   ----  iteration 10
Classic-like energies: cke = 50.53621004535687 cpe = -100.53619564693739 cke + cpe = -49.99998560158052
mu = 9.999998560157948
Error = 3.092865141132255e-07
Delta E 1.730455778670148e-10
Energy -50.0667275799318 -50.066727579758755
Converged?  3.092865141132255e-07  >  1e-07   ----   1.730455778670148e-10  >  1e-09   ----  iteration 11
Classic-like energies: cke = 50.53624690412418 cpe = -100.53623250571468 cke + cpe = -49.9999856015905
mu = 9.999998560158947
Error = 2.3212532938734456e-07
Delta E 8.334666290465975e-12
Energy -50.066727579940135 -50.0667275799318
Converged?  2.3212532938734456e-07  >  1e-07   ----   8.334666290465975e-12  >  1e-09   ----  iteration 12
Classic-like energies: cke = 50.536274623505705 cpe = -100.53626022509506 cke + cpe = -49.99998560158936
mu = 9.999998560158833
Error = 1.7461690937261077e-07
Delta E 0.0
Energy -50.066727579940135 -50.066727579940135
Converged?  1.7461690937261077e-07  >  1e-07   ----   0.0  >  1e-09   ----  iteration 13
Classic-like energies: cke = 50.53629546977949 cpe = -100.53628107136285 cke + cpe = -49.99998560158336
mu = 9.999998560158232
Error = 1.3138155110656354e-07
Delta E 6.252776074688882e-12
Energy -50.06672757993388 -50.066727579940135
Converged?  1.3138155110656354e-07  >  1e-07   ----   6.252776074688882e-12  >  1e-09   ----  iteration 14
Classic-like energies: cke = 50.536311147160916, cpe = -100.53629672735596, cke + cpe = -49.999985580195045
Exact Energy = -50.06674201684291
Dirac Energy = -50.06672131890082
Kutze Energy = -50.06672755848888
Error Kutze  = 1.4458353689406067e-05
Error Dirac  = 2.069794209091924e-05
Delta Energy = 2.1445003994813305e-08
Dirac - Kutzelnigg = 6.239588401513174e-06

PARAMETERS:
molecule    = [['Ne', 10, 0.0, 0.0, 0.0, 54, 54]]
D2          = True
prec        = 8
derivative  = BS
box         = 1

-------------------------------
Ne 1 1 8 BS 1
-------------------------------
Now executing: python test.py Input_Making/input__Ne118PH.txt
./run_all.sh: line 4: 41928 Killed: 9               python test.py "$file"
